uid_hash,course_hash,avg_assignment_score,missing_assignments,completed_exams,submitted_assignments,exam_incidents,assignment_submit_rate,max_assignment_score,avg_exam_incidents,total_exams,exam_score_var,all_exams,exam_questions,five%_or_less_incomplete_exams,total_assignments,graded_assignments,ungraded_assignments,perfect_exams,min_assignment_score,min_exam_time,exam_correct_answers,assignment_score_var,max_exam_score,incomplete_exams,exam_submit_rate,min_exam_score,late_assignments,avg_assignment_delay,outlier_exams_course,exam_accuracy,assignment_procrast_rate,avg_exam_score
syn_stu_000000,syn_crs_00000,0.5038016106308568,0.29411764705882354,0.8,0.4444444444444444,0.0,0.7368421052631579,0.4576668837895522,0.0,1.0,0.276468495503596,0,0.45238095238095233,0,0.5185185185185186,0.3214285714285714,0.47368421052631576,0.0,0.4526458663718336,3.468786816552735,0.22641509433962265,0.01466415577708126,0.5619488976185308,0.25,0.8,0.3108873599446859,0.14285714285714285,-3.3845013627308855,0.0,0.3953488372093023,0.14285714285714285,0.4148755150472774
syn_stu_000001,syn_crs_00000,0.41176843886725556,0.23529411764705882,1.0,0.4814814814814815,0.0,0.7894736842105263,0.49750588891589836,0.0,1.0,0.015936205133182644,1,0.5476190476190477,0,0.5185185185185186,0.4642857142857143,0.2631578947368421,0.0,0.3047693194871373,-1.0934241399690023,0.4528301886792453,0.38503207108691634,0.7195499919686389,0.0,1.0,0.3365674950019772,0.3571428571428571,4.553788159458927,0.0,0.6170212765957447,0.3333333333333333,0.4639912337834138
syn_stu_000002,syn_crs_00000,0.5249061923016194,0.3529411764705882,0.4,0.2962962962962963,0.0,0.625,0.7999649104669866,0.0,0.6000000000000001,0.23423264673825273,0,0.38095238095238093,1,0.4074074074074074,0.14285714285714285,0.5789473684210527,0.0,0.14943747997531354,-1.9405075563394998,0.33962264150943394,0.04850404691658196,0.8961945890303806,0.25,0.6666666666666666,0.5571590486217189,0.42857142857142855,-1.1887969188420329,0.0,0.575,0.6,0.7026537643716115
syn_stu_000003,syn_crs_00000,0.34279283249080633,0.0,0.8,0.3333333333333333,0.0,1.0,0.7402984346985494,0.0,0.8,0.1900694715549443,1,0.45238095238095233,0,0.2222222222222222,0.2857142857142857,0.10526315789473684,0.0,0.1876180921328428,-0.2786670869410041,0.2830188679245283,0.25541512827398466,0.6772732217001862,0.0,1.0,0.1757218745396713,0.2857142857142857,4.359693353658007,0.0,0.46511627906976744,0.36363636363636365,0.39573718155683946
syn_stu_000004,syn_crs_00000,0.45586313005053103,0.058823529411764705,0.4,0.4074074074074074,0.0,0.9285714285714286,0.8211851735821326,0.0,0.6000000000000001,0.03971544121117025,1,0.5238095238095237,0,0.3333333333333333,0.42857142857142855,0.05263157894736842,0.5,0.26635615756580794,1.7380339927321964,0.37735849056603776,0.037330128400204915,0.8380160592478559,0.25,0.6666666666666666,0.26082537577017917,0.5,-0.6324557649161663,0.0,0.5434782608695652,0.5384615384615384,0.5367389415507758
syn_stu_000005,syn_crs_00000,0.5583009388780807,0.4117647058823529,0.6000000000000001,0.25925925925925924,0.0,0.5625,0.7092240109409714,0.0,0.6000000000000001,0.009943643541267436,1,0.5714285714285714,0,0.4074074074074074,0.2857142857142857,0.3684210526315789,0.0,0.2781106043671185,-0.20844340143863296,0.6792452830188679,0.06142941275384463,0.6886731956296138,0.0,1.0,0.11625819476080998,0.2857142857142857,-0.7606195131546434,0.0,0.8541666666666666,0.4444444444444444,0.3765856428948842
syn_stu_000006,syn_crs_00000,0.3733441604563434,0.058823529411764705,0.4,0.2962962962962963,0.0,0.9090909090909091,0.4825191058167505,0.0,0.4,0.09992681083936866,1,0.5714285714285714,0,0.2222222222222222,0.3214285714285714,0.05263157894736842,0.0,0.3361213132004572,1.4755874260894395,0.49056603773584906,0.26291832925717495,0.7338274306991329,0.0,1.0,0.24714249409174927,0.42857142857142855,2.5977520785748354,0.0,0.6458333333333334,0.6,0.5737140423691938
syn_stu_000007,syn_crs_00000,0.5188190435874872,0.11764705882352941,0.4,0.3333333333333333,0.3333333333333333,0.8461538461538461,0.9558557151836532,0.1111111111111111,0.6000000000000001,0.11756438158433735,1,0.47619047619047605,0,0.2962962962962963,0.14285714285714285,0.42105263157894735,0.0,0.22842064718031121,0.4531513807853223,0.33962264150943394,0.3276302033709714,0.4826972424128724,0.25,0.6666666666666666,0.3774156916412777,0.5,0.8789021276609542,0.0,0.5227272727272727,0.6363636363636364,0.4451740861155296
syn_stu_000008,syn_crs_00000,0.45596203139449065,0.1764705882352941,0.2,0.37037037037037035,0.6666666666666666,0.8,0.8180475490396759,0.6666666666666666,0.2,0.20965382236832006,1,0.6904761904761905,0,0.3703703703703704,0.35714285714285715,0.21052631578947367,0.0,0.1141463544045601,2.7056885024883663,0.13207547169811323,0.03518780327457961,0.3026210476715619,0.0,1.0,0.21374065208958862,0.14285714285714285,-0.2001031059638113,0.0,0.22641509433962265,0.16666666666666666,0.17117015587126105
syn_stu_000009,syn_crs_00000,0.39249841827630794,0.5294117647058824,0.2,0.25925925925925924,0.0,0.5,0.6510089323875592,0.0,0.2,0.023478760410153378,1,0.5476190476190477,0,0.48148148148148145,0.2857142857142857,0.47368421052631576,0.0,0.10975332945198459,1.0613017449456341,0.3584905660377359,0.2422526722630997,0.14257851718743705,0.0,1.0,0.03981864689355487,0.42857142857142855,-1.2123104467678292,0.0,0.5106382978723404,0.6666666666666666,0.09477328125675172
syn_stu_000010,syn_crs_00000,0.4460091124800252,0.29411764705882354,0.2,0.2962962962962963,0.0,0.6666666666666666,0.8038679959228178,0.0,0.2,0.00881763953010673,0,0.8809523809523809,0,0.3703703703703704,0.17857142857142855,0.47368421052631576,0.0,0.10395168097962151,3.0611011178155962,0.5471698113207547,0.025117956682075376,0.6873400765761533,0.0,1.0,0.18951519499825317,0.14285714285714285,-1.1836311428214046,0.0,0.5573770491803278,0.2,0.4364299502552012
syn_stu_000011,syn_crs_00000,0.5639693062867976,0.29411764705882354,0.0,0.4074074074074074,0.3333333333333333,0.7222222222222222,0.7161309138139377,0.3333333333333333,0.0,0.519439496892167,1,0.5952380952380951,0,0.48148148148148145,0.39285714285714285,0.3157894736842105,0.0,0.36500628411037667,-1.7151846836177973,0.6226415094339622,0.03123569708468586,0.5621020072855188,0.0,0.0,0.40945230845499936,0.5,7.072611699534899,0.0,0.7755102040816326,0.5384615384615384,0.5455009013032881
syn_stu_000012,syn_crs_00001,0.8343060301522421,0.058823529411764705,0.4,0.3333333333333333,0.0,0.9166666666666666,0.8434394128914399,0.0,1.0,0.22756410658873633,0,0.5476190476190477,0,0.25925925925925924,0.3214285714285714,0.10526315789473684,0.0,0.791922628808046,-0.40691200837340796,0.22641509433962265,0.28875232238930465,0.42400552694036064,0.75,0.4,0.312497857923062,0.3571428571428571,-5.025884609955626,0.0,0.3617021276595745,0.45454545454545453,0.3604510697000422
syn_stu_000013,syn_crs_00001,0.6240154492388587,0.3529411764705882,0.2,0.4444444444444444,0.0,0.7,0.8464523364795443,0.0,0.2,0.35555626563322384,0,0.4285714285714286,1,0.5555555555555556,0.3214285714285714,0.5263157894736842,0.0,0.3735634276552409,-0.0030692020331086153,0.18867924528301888,0.34308707266124955,0.7841765533116735,0.0,1.0,0.05511027853959465,0.3571428571428571,-3.607591317961899,0.0,0.35714285714285715,0.35714285714285715,0.4104064104201542
syn_stu_000014,syn_crs_00001,0.7675636855183626,0.1764705882352941,0.6000000000000001,0.4814814814814815,0.3333333333333333,0.8333333333333334,0.9745367650379767,0.08333333333333333,0.8,0.224373559905767,1,0.4285714285714286,0,0.48148148148148145,0.3214285714285714,0.42105263157894735,0.0,0.4257535071809635,-1.7077608306880039,0.3018867924528302,0.270537041352725,0.8924180033721372,0.25,0.75,0.15120037586145235,0.2857142857142857,3.530654895998044,0.0,0.5,0.26666666666666666,0.6149590670158799
syn_stu_000015,syn_crs_00001,0.5347337228810656,0.11764705882352941,0.2,0.4074074074074074,0.3333333333333333,0.8666666666666667,0.8062530443907273,0.16666666666666666,0.4,0.04072886757090229,1,0.5238095238095237,0,0.3703703703703704,0.2857142857142857,0.3157894736842105,0.0,0.26463243403265124,-2.0142038066476853,0.3018867924528302,0.2256210297684438,0.8673679773438928,0.25,0.5,0.6474546832660555,0.07142857142857142,3.305595043313304,0.0,0.45652173913043476,0.07692307692307693,0.7039704594708704
syn_stu_000016,syn_crs_00001,0.4770285150961219,0.1764705882352941,0.2,0.2222222222222222,0.0,0.7272727272727273,0.7978499923133048,0.0,0.4,0.18697238159515742,0,0.5,0,0.2222222222222222,0.2142857142857143,0.21052631578947367,0.0,0.16056506313140192,0.7642190044913716,0.6415094339622641,0.18953273015222033,0.6302368779589734,0.25,0.5,0.04562388767280956,0.0,-2.767501223966624,0.0,0.8666666666666667,0.0,0.37781459527619243
syn_stu_000017,syn_crs_00001,0.5896191144380915,0.3529411764705882,0.2,0.37037037037037035,0.0,0.6666666666666666,0.9759154774846788,0.0,0.2,0.330488855311911,1,0.30952380952380953,0,0.48148148148148145,0.3214285714285714,0.42105263157894735,0.0,0.12304160244467498,1.3304976146347378,0.18867924528301888,0.11061827656867163,0.45912837042934845,0.0,1.0,0.03916160868964123,0.07142857142857142,-5.257269670221467,0.0,0.40540540540540543,0.08333333333333333,0.2523395118596709
syn_stu_000018,syn_crs_00001,0.5920708957490352,0.11764705882352941,0.4,0.4814814814814815,0.0,0.8823529411764706,0.9050278434443406,0.0,0.8,0.36946317028007863,1,0.33333333333333326,0,0.44444444444444436,0.39285714285714285,0.2631578947368421,0.0,0.22384797728308442,0.2252714814295025,0.169811320754717,0.2943118195615498,0.6731500492573202,0.5,0.5,0.08054651413365431,0.07142857142857142,3.8169831598116026,0.0,0.3684210526315789,0.06666666666666667,0.3518054038516379
syn_stu_000019,syn_crs_00001,0.6160760619900673,0.0,0.6000000000000001,0.5925925925925926,0.0,1.0,0.756139793351556,0.0,0.6000000000000001,0.028379560578327235,1,0.30952380952380953,0,0.48148148148148145,0.6071428571428571,0.0,0.0,0.5662981548884578,2.11804365581178,0.24528301886792453,0.20915127957652072,0.8071670599062879,0.0,1.0,0.37256414887676365,0.2857142857142857,-3.1403889287996485,0.0,0.4864864864864865,0.2222222222222222,0.5574598751385738
syn_stu_000020,syn_crs_00001,0.5556841257835808,0.1764705882352941,0.2,0.4444444444444444,0.0,0.8235294117647058,0.8521098327189022,0.0,0.4,0.16431890505380964,1,0.6428571428571428,0,0.44444444444444436,0.42857142857142855,0.21052631578947367,0.0,0.2684697935568024,-2.206633311403434,0.22641509433962265,0.0608905842301841,0.8938399492501655,0.25,0.5,0.1664757951354279,0.2857142857142857,-1.4733256113346218,0.0,0.3333333333333333,0.2857142857142857,0.5980754725664008
syn_stu_000021,syn_crs_00001,0.6206638203431672,0.1764705882352941,0.6000000000000001,0.25925925925925924,0.3333333333333333,0.75,0.8504354881532263,0.1111111111111111,0.6000000000000001,0.08219411893128019,0,0.7380952380952381,1,0.25925925925925924,0.14285714285714285,0.3684210526315789,0.0,0.34706924269848877,-0.7821216982880963,0.32075471698113206,0.04624057712397448,0.7438665563840412,0.0,1.0,0.3382029248576887,0.14285714285714285,0.2883616050685769,0.0,0.4,0.2222222222222222,0.5643000505215261
syn_stu_000022,syn_crs_00001,0.615514932450034,0.5882352941176471,0.6000000000000001,0.3333333333333333,0.0,0.5238095238095238,0.928857448290754,0.0,0.8,0.007564559306075798,1,0.8333333333333333,0,0.5925925925925926,0.25,0.6842105263157894,0.5,0.3608552306328463,-2.359711785132834,0.5094339622641509,0.049591963876866055,0.6669615697432634,0.25,0.75,0.052729996475590485,0.2857142857142857,-3.2178221851101543,0.0,0.5423728813559322,0.36363636363636365,0.3899015337128777
syn_stu_000023,syn_crs_00001,0.1274276718654212,0.058823529411764705,0.0,0.18518518518518517,0.0,0.875,0.24735057811332736,0.0,0.6000000000000001,0.194511014978303,1,0.6904761904761905,0,0.1111111111111111,0.14285714285714285,0.15789473684210525,0.0,0.06142231121696573,0.27877193098373815,0.4528301886792453,0.11987119648751285,0.525772518701081,0.75,0.0,0.13507186539931645,0.0,2.7733006295270073,0.0,0.5471698113207547,0.0,0.3749108557843231
syn_stu_000024,syn_crs_00001,0.18145500146808446,0.29411764705882354,0.2,0.2222222222222222,0.0,0.6153846153846154,0.3232056586227985,0.0,0.4,0.07193571350552985,1,0.45238095238095233,0,0.2962962962962963,0.25,0.2631578947368421,0.0,0.17885019416825254,0.9757350530745618,0.4339622641509434,0.0904362010209838,0.8771814467956055,0.25,0.5,0.1832156729110662,0.07142857142857142,0.06279520125237953,0.5,0.6511627906976745,0.125,0.5472937624688023
syn_stu_000025,syn_crs_00001,0.21060628940251477,0.23529411764705882,1.0,0.4074074074074074,0.0,0.7647058823529411,0.47773894047356846,0.0,1.0,0.46661979302566253,0,0.5714285714285714,1,0.44444444444444436,0.2142857142857143,0.5263157894736842,0.0,0.23175157463009666,2.683682971100313,0.6415094339622641,0.2321330505650393,0.7280986575942171,0.0,1.0,0.11955262483657537,0.14285714285714285,-2.6461041274158688,0.0,0.8125,0.15384615384615385,0.37077618728050454
syn_stu_000026,syn_crs_00001,0.5597751668823685,0.23529411764705882,0.6000000000000001,0.4444444444444444,0.3333333333333333,0.7777777777777778,0.8172492952560827,0.06666666666666667,1.0,0.12534476346979279,0,0.2142857142857143,0,0.48148148148148145,0.35714285714285715,0.3684210526315789,0.0,0.33970890268016113,-2.354513978895466,0.33962264150943394,0.05444734643312877,0.7216466210700967,0.5,0.6,0.21491839553764575,0.7142857142857142,-2.3817708266750994,0.0,0.696969696969697,0.7142857142857143,0.38969668088667286
syn_stu_000027,syn_crs_00001,0.44783043677327994,0.1764705882352941,1.0,0.5555555555555555,0.3333333333333333,0.85,0.6573396176284254,0.06666666666666667,1.0,0.22632259287334486,1,0.26190476190476186,0,0.5555555555555556,0.4642857142857143,0.3157894736842105,0.0,0.22559267613774522,0.7448440412319598,0.07547169811320754,0.19377999296436707,0.7173407084057231,0.0,1.0,0.44603912357978576,0.5714285714285714,3.8909348357656213,0.0,0.2571428571428571,0.47058823529411764,0.6586720762762968
syn_stu_000028,syn_crs_00001,0.5256504530777779,0.058823529411764705,0.0,0.5925925925925926,0.0,0.9473684210526315,0.6111695097172303,0.0,0.0,0.1846930336972526,1,0.45238095238095233,0,0.5185185185185186,0.39285714285714285,0.3684210526315789,0.0,0.5496728151518085,2.872225357652891,0.6415094339622641,0.015233239443158264,0.37726545889217117,0.0,0.0,0.2807714591103393,0.14285714285714285,-0.8362614293642429,0.0,0.9069767441860465,0.1111111111111111,0.33941919803081577
syn_stu_000029,syn_crs_00001,0.5926591640454032,0.23529411764705882,0.8,0.18518518518518517,0.3333333333333333,0.6363636363636364,0.8286279346313938,0.06666666666666667,1.0,0.027266159820242945,1,0.5714285714285714,0,0.2222222222222222,0.2142857142857143,0.21052631578947367,0.0,0.21890317896430275,-2.003378278462402,0.33962264150943394,0.08714056315957308,0.795174718815969,0.25,0.8,0.1638035399839412,0.0,1.8434143329805983,0.5,0.4791666666666667,0.0,0.4834523041386718
syn_stu_000030,syn_crs_00001,0.400229641838393,0.058823529411764705,0.2,0.2962962962962963,0.0,0.9090909090909091,0.7639195565677606,0.0,0.2,0.16374840465699314,1,0.33333333333333326,0,0.2222222222222222,0.17857142857142855,0.2631578947368421,0.0,0.1412097445486631,-2.4724939993273556,0.5283018867924528,0.2610651981132134,0.7705798024951938,0.0,1.0,0.243527731532834,0.21428571428571427,-0.029951550418616045,0.0,0.868421052631579,0.3,0.5972827163527734
syn_stu_000031,syn_crs_00001,0.5786890360659906,0.058823529411764705,0.6000000000000001,0.4444444444444444,0.0,0.9333333333333333,0.6867099304532699,0.0,0.6000000000000001,0.34414022090255586,1,0.33333333333333326,0,0.3703703703703704,0.35714285714285715,0.21052631578947367,0.0,0.37941508595010226,-2.9489338893609194,0.5660377358490566,0.07170567155073286,0.9064030005699708,0.0,1.0,0.6868444367466898,0.2857142857142857,-5.263641524181929,0.0,0.9210526315789473,0.2857142857142857,0.7434057781468649
syn_stu_000032,syn_crs_00001,0.4704454494420858,0.1764705882352941,0.6000000000000001,0.3333333333333333,0.3333333333333333,0.7857142857142857,0.5301720889305693,0.1111111111111111,0.6000000000000001,0.22842743418368902,0,0.30952380952380953,0,0.3333333333333333,0.3214285714285714,0.21052631578947367,0.0,0.36885180611536306,1.2489547954926061,0.2830188679245283,0.24125041534505273,0.8395136922644759,0.0,1.0,0.5486102852465706,0.2857142857142857,2.2405320995597044,0.0,0.5405405405405406,0.36363636363636365,0.5678876812724815
syn_stu_000033,syn_crs_00001,0.8148766779514489,0.4117647058823529,0.2,0.18518518518518517,0.3333333333333333,0.5,0.8136130628102685,0.3333333333333333,0.2,0.03701118715698939,0,0.6428571428571428,1,0.3333333333333333,0.10714285714285714,0.5263157894736842,0.0,0.598506753886891,-1.4509549605908159,0.32075471698113206,0.028555408430110577,0.236269043359727,0.0,1.0,0.11406025064376918,0.07142857142857142,3.2215457453999408,0.0,0.43137254901960786,0.14285714285714285,0.08458682565090993
syn_stu_000034,syn_crs_00001,0.515597771508907,0.4117647058823529,0.0,0.4814814814814815,0.0,0.6818181818181818,0.5816161076367091,0.0,0.0,0.27848696348540003,1,0.6428571428571428,0,0.6296296296296295,0.42857142857142855,0.47368421052631576,0.0,0.39559550310539615,0.9561070006566753,0.7358490566037735,0.06381359881647519,0.9297233178216644,0.0,0.0,0.5564239290725845,0.0,5.527294044610717,0.0,0.8627450980392157,0.0,0.7165288835609714
syn_stu_000035,syn_crs_00001,0.22110644166982013,0.6470588235294118,0.8,0.2222222222222222,0.0,0.42105263157894735,0.5072431181100323,0.0,1.0,0.20309565552600303,1,0.45238095238095233,0,0.5185185185185186,0.25,0.5789473684210527,0.0,0.0795973716410514,-0.4323090507318158,0.2830188679245283,0.162436312196877,0.8670858139228422,0.25,0.8,0.4169714240268441,0.3571428571428571,-5.70173029487688,0.0,0.46511627906976744,0.625,0.647887302926756
syn_stu_000036,syn_crs_00001,0.6129409837082757,0.4117647058823529,0.6000000000000001,0.2222222222222222,0.3333333333333333,0.5333333333333333,0.7323272095640935,0.06666666666666667,1.0,0.13163132525591534,0,0.30952380952380953,0,0.3703703703703704,0.2142857142857143,0.42105263157894735,0.0,0.38811809727746277,3.601805927433814,0.20754716981132076,0.24663078075303013,0.7846104152079817,0.5,0.6,0.2140195469071788,0.42857142857142855,-9.475359761587798,0.0,0.43243243243243246,0.75,0.5688971464302367
syn_stu_000037,syn_crs_00001,0.7253799363528368,0.1764705882352941,0.2,0.37037037037037035,0.3333333333333333,0.8,0.7343768248102284,0.3333333333333333,0.2,0.07929655428828682,1,0.5238095238095237,0,0.3703703703703704,0.35714285714285715,0.21052631578947367,0.0,0.5466248643989724,1.5757224936833953,0.5094339622641509,0.12092050161123233,0.6726794332851063,0.0,1.0,0.29984235733658143,0.42857142857142855,1.9172501141149638,0.0,0.6956521739130435,0.5,0.5284217385300434
syn_stu_000038,syn_crs_00001,0.3664327919530237,0.1764705882352941,0.4,0.3333333333333333,0.3333333333333333,0.7857142857142857,0.7274627661925828,0.1111111111111111,0.6000000000000001,0.23410482749797765,1,0.38095238095238093,0,0.3333333333333333,0.17857142857142855,0.42105263157894735,0.0,0.18262404465434182,-1.6076186925978837,0.2830188679245283,0.1863134485596629,0.840435767321576,0.25,0.6666666666666666,0.539831166169329,0.21428571428571427,-1.7979692185051355,0.0,0.5,0.2727272727272727,0.5620450830897021
syn_stu_000039,syn_crs_00001,0.715128972342224,0.23529411764705882,0.0,0.2222222222222222,0.0,0.6666666666666666,0.7835260951355613,0.0,0.0,0.0531259895444929,1,0.3571428571428571,0,0.25925925925925924,0.10714285714285714,0.42105263157894735,0.0,0.5828189587706466,-0.6041822781560949,0.5283018867924528,0.048983874479502656,0.7541479442678103,0.0,0.0,0.29242579383582273,0.14285714285714285,-4.290023006852309,0.0,0.8461538461538461,0.25,0.6633215125007871
syn_stu_000040,syn_crs_00001,0.27596156458205817,0.5294117647058824,0.6000000000000001,0.2962962962962963,0.3333333333333333,0.5263157894736842,0.23770715168460843,0.1111111111111111,0.6000000000000001,0.3431098488293723,1,0.6904761904761905,0,0.5185185185185186,0.3214285714285714,0.47368421052631576,0.0,0.22818449267140456,1.5757367125845738,0.7358490566037735,0.1714034618276457,0.6368621236205599,0.0,1.0,0.4584067135204498,0.3571428571428571,0.3225931453558097,0.0,0.8301886792452831,0.5,0.5271076935773867
syn_stu_000041,syn_crs_00001,0.5076582154605936,0.11764705882352941,0.2,0.4074074074074074,0.3333333333333333,0.8666666666666667,0.9161881323454847,0.3333333333333333,0.2,0.2327474939781922,1,0.2142857142857143,0,0.3703703703703704,0.39285714285714285,0.15789473684210525,0.0,0.12041111658041576,-2.1372772674034817,0.4528301886792453,0.16371297825070538,0.9509897470486237,0.0,1.0,0.14490532154136615,0.21428571428571427,-1.3479043065256555,0.0,0.8787878787878788,0.23076923076923078,0.6093377378943993
syn_stu_000042,syn_crs_00001,0.3669748125249581,0.23529411764705882,0.6000000000000001,0.4074074074074074,0.0,0.7647058823529411,0.7295557463219352,0.0,0.8,0.01488468513645107,1,0.26190476190476186,0,0.44444444444444436,0.35714285714285715,0.3157894736842105,0.0,0.24658934488170353,2.364332163296822,0.39622641509433965,0.1002262220076758,0.8826968544034233,0.25,0.75,0.43323980064025186,0.5,-3.828570665784575,0.0,0.7428571428571429,0.5384615384615384,0.6852689111989504
syn_stu_000043,syn_crs_00001,0.31653502400326033,0.1764705882352941,0.6000000000000001,0.14814814814814814,0.0,0.6666666666666666,0.44270257773225047,0.0,0.6000000000000001,0.16552967116748576,1,0.45238095238095233,0,0.14814814814814814,0.10714285714285714,0.2631578947368421,0.0,0.21996325932311284,-0.5004399412555182,0.5094339622641509,0.31596302654790465,0.6007457037243146,0.0,1.0,0.4788858865813541,0.2857142857142857,-0.24838153392527057,0.0,0.7441860465116279,0.6666666666666666,0.5400831185382442
syn_stu_000044,syn_crs_00001,0.44018590697295434,0.1764705882352941,0.4,0.3333333333333333,0.6666666666666666,0.7857142857142857,0.6873653756916456,0.3333333333333333,0.4,0.171091782574611,1,0.5238095238095237,0,0.3333333333333333,0.3214285714285714,0.21052631578947367,0.0,0.2511133597125026,1.6178197759816062,0.37735849056603776,0.048588598811672365,0.7126859680600576,0.0,1.0,0.18360079383373198,0.21428571428571427,1.6995067243021484,0.0,0.5434782608695652,0.2727272727272727,0.43629082335126884
syn_stu_000045,syn_crs_00002,0.6779302391639317,0.23529411764705882,0.6000000000000001,0.14814814814814814,0.3333333333333333,0.6,0.7276324173926558,0.08333333333333333,0.8,0.13737303917279278,1,0.7142857142857142,0,0.18518518518518517,0.14285714285714285,0.2631578947368421,0.0,0.475250474628851,-0.3922329367750314,0.8679245283018868,0.014775768071117652,0.2846980127137989,0.25,0.75,0.1334248211375227,0.21428571428571427,0.5247885168949828,0.0,0.9444444444444444,0.5,0.1534430671478503
syn_stu_000046,syn_crs_00002,0.39346623389410434,0.4117647058823529,0.4,0.1111111111111111,0.0,0.4166666666666667,0.7150362383987141,0.0,0.4,0.12254160779511128,1,0.33333333333333326,0,0.25925925925925924,0.14285714285714285,0.3684210526315789,0.0,0.08075535869131452,-1.047686216171409,0.5660377358490566,0.20046900933140863,0.5749065693290958,0.0,1.0,0.4529663652415005,0.14285714285714285,0.5475241092742626,0.0,0.9210526315789473,0.4,0.44954323117346917
syn_stu_000047,syn_crs_00002,0.5504101829497563,0.29411764705882354,0.0,0.37037037037037035,0.0,0.7058823529411765,0.7738846694005276,0.0,0.0,0.24569961688649314,1,0.5476190476190477,0,0.44444444444444436,0.2857142857142857,0.42105263157894735,0.0,0.3681668131723178,-1.3749700870306532,0.6037735849056604,0.24795142486213656,0.5486184377345371,0.0,0.0,0.09674996961967001,0.5714285714285714,1.3302769701854438,0.0,0.7872340425531915,0.6666666666666666,0.31437233155293814
syn_stu_000048,syn_crs_00002,0.3611471333255759,0.1764705882352941,0.6000000000000001,0.4444444444444444,0.0,0.8235294117647058,0.6233522935586034,0.0,0.6000000000000001,0.06831504509613603,1,0.5,0,0.44444444444444436,0.4642857142857143,0.15789473684210525,0.0,0.15759321998899584,3.4647523591695677,0.6037735849056604,0.09726262924989784,0.7535715854853339,0.0,1.0,0.1686240239558029,0.42857142857142855,-5.074149499379421,0.0,0.8222222222222222,0.42857142857142855,0.39168812778010537
syn_stu_000049,syn_crs_00002,0.5195748875164029,0.47058823529411764,0.6000000000000001,0.5555555555555555,0.0,0.68,0.9231727750057386,0.0,0.8,0.1101357052415035,1,0.6428571428571428,0,0.7407407407407407,0.5357142857142857,0.47368421052631576,0.0,0.08340223834791066,-0.5902360097095474,0.5660377358490566,0.15966004661699496,0.6386372281267227,0.25,0.75,0.47816619813905226,0.2857142857142857,-0.15389098809345633,0.0,0.6862745098039216,0.23529411764705882,0.6407973916780633
syn_stu_000050,syn_crs_00002,0.5439650405881598,0.5294117647058824,0.4,0.3333333333333333,0.0,0.55,0.8049619881908741,0.0,0.4,0.3279244886032996,1,0.6428571428571428,0,0.5555555555555556,0.3214285714285714,0.5263157894736842,0.0,0.2772812737356323,6.16121245204232,0.2641509433962264,0.409479761983326,0.6833214925052452,0.0,1.0,0.1849501752442733,0.14285714285714285,0.7198767968823752,0.0,0.37254901960784315,0.18181818181818182,0.43898332956900094
syn_stu_000051,syn_crs_00002,0.5362251037233134,0.47058823529411764,0.0,0.2222222222222222,0.0,0.5,0.704810617659643,0.0,0.2,0.18299957835460035,0,0.6190476190476191,0,0.4074074074074074,0.10714285714285714,0.631578947368421,0.0,0.4466340825339481,0.3036682864341657,0.7358490566037735,0.08363099215241947,0.7883891917503397,0.25,0.0,0.06930696417756259,0.14285714285714285,-1.1338204706878934,0.0,0.88,0.25,0.5334838406526141
syn_stu_000052,syn_crs_00002,0.4127831074488382,0.29411764705882354,0.0,0.6296296296296297,0.0,0.7916666666666666,0.7010102255361443,0.0,0.0,0.1345090045306072,1,0.45238095238095233,0,0.7037037037037037,0.5,0.47368421052631576,0.0,0.09815392692597001,-1.701579166890655,0.13207547169811323,0.0262289647967111,0.9752141789783485,0.0,0.0,0.42343979787288333,0.3571428571428571,-2.488294500780491,0.0,0.27906976744186046,0.2631578947368421,0.6775462559471229
syn_stu_000053,syn_crs_00002,0.4907465852314037,0.5294117647058824,0.2,0.18518518518518517,0.0,0.4375,0.6428924517366681,0.0,0.2,0.2045745396851483,0,0.38095238095238093,1,0.4074074074074074,0.14285714285714285,0.5789473684210527,0.0,0.3943262120743797,-3.1705347624076263,0.18867924528301888,0.2050465367879358,0.551933963751453,0.0,1.0,0.10872939195958331,0.2857142857142857,-2.238538233072602,0.0,0.375,0.5714285714285714,0.3008057077831263
syn_stu_000054,syn_crs_00002,0.22207355206828805,0.23529411764705882,0.6000000000000001,0.2962962962962963,0.6666666666666666,0.7142857142857143,0.5834224355352972,0.16666666666666666,0.8,0.035301079772180124,0,0.40476190476190477,0,0.3333333333333333,0.3214285714285714,0.21052631578947367,0.0,0.11995064697179621,2.4655663150478246,0.32075471698113206,0.0677314500207805,0.6806777943713119,0.25,0.75,0.2324773666966596,0.14285714285714285,-0.8801666307755842,0.0,0.5365853658536586,0.2,0.4861210410400087
syn_stu_000055,syn_crs_00002,0.6759914815822309,0.058823529411764705,0.2,0.4444444444444444,0.3333333333333333,0.9333333333333333,0.9341824194498423,0.3333333333333333,0.2,0.07548666874103482,1,0.6428571428571428,0,0.3703703703703704,0.35714285714285715,0.21052631578947367,0.0,0.3509982533846908,-0.38746139744939806,0.6226415094339622,0.17791822942851973,0.7257623819579747,0.0,1.0,0.629387829717325,0.42857142857142855,2.7431490451177583,0.0,0.7450980392156863,0.42857142857142855,0.6646110665788314
syn_stu_000056,syn_crs_00002,0.612619770929067,0.23529411764705882,0.8,0.18518518518518517,0.0,0.6363636363636364,0.8217759972691073,0.0,1.0,0.17384446548285676,1,0.8333333333333333,0,0.2222222222222222,0.17857142857142855,0.2631578947368421,0.0,0.3461451344638069,1.6453677001820661,0.6981132075471698,0.1903993251589921,0.7886409403618826,0.25,0.8,0.18513048647754907,0.14285714285714285,4.5816658812085285,0.0,0.711864406779661,0.2857142857142857,0.5355399208740216
syn_stu_000057,syn_crs_00002,0.3621897998625564,0.29411764705882354,0.2,0.1111111111111111,0.0,0.5,0.4565924644788278,0.0,0.2,0.028901199398953394,1,0.45238095238095233,0,0.18518518518518517,0.10714285714285714,0.3157894736842105,0.0,0.24781322262856273,4.644552059647041,0.24528301886792453,0.23365501174979741,0.6863497323428273,0.0,1.0,0.2031492898737657,0.0,3.9703523740400897,0.0,0.4186046511627907,0.0,0.5166603763076527
syn_stu_000058,syn_crs_00002,0.5191723334200009,0.11764705882352941,0.4,0.3333333333333333,0.0,0.8461538461538461,0.7437581759144405,0.0,0.4,0.35255080217052864,0,0.47619047619047605,0,0.2962962962962963,0.2857142857142857,0.21052631578947367,0.0,0.33883326318472057,1.3376718956457325,0.169811320754717,0.5889058545672933,0.6807913271586781,0.0,1.0,0.13134601392392628,0.21428571428571427,-4.682221893925991,0.0,0.3181818181818182,0.2727272727272727,0.4610261893507987
syn_stu_000059,syn_crs_00002,0.31974746717550384,0.11764705882352941,0.4,0.3333333333333333,0.3333333333333333,0.8461538461538461,0.5966201050613501,0.08333333333333333,0.8,0.018394807807674666,1,0.4285714285714286,0,0.2962962962962963,0.2857142857142857,0.21052631578947367,0.0,0.050080845796069806,0.6745979146211621,0.2830188679245283,0.16256259139274826,0.793378786270184,0.5,0.5,0.121750963324904,0.3571428571428571,-2.817945661926146,0.0,0.47619047619047616,0.45454545454545453,0.5257858228871791
syn_stu_000060,syn_crs_00002,0.5276010921149075,0.4117647058823529,0.6000000000000001,0.2962962962962963,0.0,0.5882352941176471,0.9133276200836716,0.0,0.6000000000000001,0.08404189978566569,1,0.5476190476190477,0,0.44444444444444436,0.2857142857142857,0.42105263157894735,0.0,0.05994629940597153,2.45261141445035,0.33962264150943394,0.02335979233645296,0.32505129173400604,0.0,1.0,0.18721171569995165,0.14285714285714285,1.9723892268015666,0.0,0.48936170212765956,0.2,0.29701081610611546
syn_stu_000061,syn_crs_00002,0.42902012814442186,0.23529411764705882,0.0,0.2962962962962963,0.0,0.7142857142857143,0.83870172175204,0.0,0.0,0.10149127536384227,1,0.47619047619047605,0,0.3333333333333333,0.2142857142857143,0.3684210526315789,0.0,0.0825197006967752,1.6082310255785948,0.13207547169811323,0.5087587354818099,0.6797333236437292,0.0,0.0,0.365688405847363,0.2857142857142857,3.902171480701013,0.0,0.2727272727272727,0.4,0.4952583547149968
syn_stu_000062,syn_crs_00002,0.44318352886767853,0.23529411764705882,0.0,0.25925925925925924,0.0,0.6923076923076923,0.587763070162592,0.0,0.0,0.09438904634137475,1,0.5238095238095237,0,0.2962962962962963,0.25,0.2631578947368421,0.0,0.21263940610786777,-2.525485438580396,0.6226415094339622,0.41040857067377795,0.4325924650654145,0.0,0.0,0.2211148107780915,0.21428571428571427,-2.900435026339567,0.0,0.8260869565217391,0.3333333333333333,0.3838474727637813
syn_stu_000063,syn_crs_00002,0.6509325443663688,0.058823529411764705,0.2,0.2962962962962963,0.0,0.9090909090909091,0.9018826239172607,0.0,0.2,0.08917298582418517,1,0.6904761904761905,0,0.2222222222222222,0.3214285714285714,0.05263157894736842,0.0,0.5474672289667537,2.66530282461326,0.3584905660377359,0.21532275469742956,0.8062954444225117,0.0,1.0,0.498166943751167,0.2857142857142857,0.5498169026309458,0.0,0.4528301886792453,0.4,0.6871112226405646
syn_stu_000064,syn_crs_00002,0.5915263219107941,0.23529411764705882,0.6000000000000001,0.37037037037037035,0.0,0.75,0.8689379930508415,0.0,1.0,0.3261926962644852,1,0.45238095238095233,0,0.4074074074074074,0.3214285714285714,0.3157894736842105,0.0,0.2972983903760328,-0.09191401735713631,0.41509433962264153,0.20964673315039278,0.5243341016261333,0.5,0.6,0.3823470761137962,0.2857142857142857,-3.395578591602258,0.0,0.627906976744186,0.3333333333333333,0.42245419322271444
syn_stu_000065,syn_crs_00002,0.6715119643297659,0.47058823529411764,0.0,0.3333333333333333,0.0,0.5789473684210527,0.9195779415853201,0.0,0.0,0.25816072032834575,1,0.47619047619047605,0,0.5185185185185186,0.35714285714285715,0.42105263157894735,0.0,0.4208702420703744,3.082712500453992,0.33962264150943394,0.04502332934888824,0.496164947473603,0.0,0.0,0.4544347664195819,0.14285714285714285,0.8294666156908901,0.0,0.5227272727272727,0.18181818181818182,0.4507542210019698
syn_stu_000066,syn_crs_00002,0.4814319835413598,0.11764705882352941,0.0,0.37037037037037035,0.3333333333333333,0.8571428571428571,0.6478582680194228,0.3333333333333333,0.0,0.1608295738501012,1,0.45238095238095233,0,0.3333333333333333,0.3214285714285714,0.21052631578947367,0.0,0.21473720028625468,1.0140924068988153,0.37735849056603776,0.22543473122987934,0.6969444377336008,0.0,0.0,0.30327442895678114,0.5714285714285714,-1.930347863112984,0.0,0.5813953488372093,0.6666666666666666,0.49551889567513197
syn_stu_000067,syn_crs_00002,0.3364457098623467,0.1764705882352941,0.8,0.5185185185185185,0.0,0.8421052631578947,0.710160950888217,0.0,0.8,0.08277793348456851,0,0.5476190476190477,1,0.5185185185185186,0.4642857142857143,0.2631578947368421,0.0,0.054623411776569146,2.3831011511158238,0.660377358490566,0.047562611141213726,0.4749462277318646,0.0,1.0,0.16522446830112986,0.14285714285714285,0.5487666003204006,0.0,0.851063829787234,0.125,0.3756593260461868
syn_stu_000068,syn_crs_00002,0.49122682475505874,0.5882352941176471,0.6000000000000001,0.4074074074074074,0.0,0.5652173913043478,0.8473399726219325,0.0,0.6000000000000001,0.10820152784777624,0,0.3571428571428571,0,0.6666666666666667,0.42857142857142855,0.5263157894736842,0.0,0.2160946916980357,-0.44922664199134593,0.18867924528301888,0.14231798656695646,0.45749417819492627,0.0,1.0,0.4490915220588266,0.21428571428571427,-3.635409733765595,0.0,0.38461538461538464,0.23076923076923078,0.459139309387791
syn_stu_000069,syn_crs_00002,0.44317609333698893,0.3529411764705882,0.8,0.1111111111111111,0.0,0.45454545454545453,0.7300174446619188,0.0,1.0,0.10205273610503857,1,0.47619047619047605,0,0.2222222222222222,0.14285714285714285,0.3157894736842105,0.0,0.29578417431805326,-3.0346129921838116,0.24528301886792453,0.06670768815566834,0.3774802235360196,0.25,0.8,0.2804499135313853,0.14285714285714285,-4.901630043112369,0.0,0.4090909090909091,0.4,0.32868261590771297
syn_stu_000070,syn_crs_00002,0.5892720802817194,0.11764705882352941,0.0,0.25925925925925924,0.0,0.8181818181818182,0.8314364573863723,0.0,0.2,0.00663263112017738,1,0.30952380952380953,0,0.2222222222222222,0.10714285714285714,0.3684210526315789,0.0,0.4037811487946654,1.1274258225338638,0.49056603773584906,0.10268264961594124,0.7318712245883002,0.25,0.0,0.1883573361999396,0.3571428571428571,9.294844985669855,0.0,0.8378378378378378,0.5555555555555556,0.4521567182875613
syn_stu_000071,syn_crs_00002,0.4463284123439714,0.23529411764705882,0.6000000000000001,0.4074074074074074,0.0,0.7647058823529411,0.6184418468620911,0.0,0.6000000000000001,0.10055353042844438,0,0.2142857142857143,0,0.44444444444444436,0.17857142857142855,0.5789473684210527,0.5,0.24867318067742317,1.953703819184884,0.169811320754717,0.20700388474489675,0.8656355491161418,0.0,1.0,0.29279427396464275,0.07142857142857142,0.20802327325263925,0.0,0.42424242424242425,0.07692307692307693,0.5615475296274661
syn_stu_000072,syn_crs_00002,0.4011455468478651,0.11764705882352941,0.0,0.2962962962962963,0.3333333333333333,0.8333333333333334,0.8141591834588402,0.3333333333333333,0.0,0.003813070369790105,1,0.6428571428571428,0,0.25925925925925924,0.2857142857142857,0.15789473684210525,0.0,0.16791625456431114,-1.1138642415942304,0.6792452830188679,0.019076807894420882,0.9781713873077444,0.0,0.0,0.18946980930036003,0.2857142857142857,6.4041330399920895,0.0,0.803921568627451,0.4,0.525624623690696
syn_stu_000073,syn_crs_00002,0.42026636554530855,0.29411764705882354,0.6000000000000001,0.3333333333333333,0.3333333333333333,0.6875,0.8069614196403404,0.1111111111111111,0.6000000000000001,0.10077051094077313,1,0.47619047619047605,0,0.4074074074074074,0.25,0.42105263157894735,0.5,0.07786256242354918,-0.4066105962954063,0.6792452830188679,0.23647630020680732,0.48134714269958484,0.0,1.0,0.3881000064576624,0.07142857142857142,4.527148751719725,0.0,0.9318181818181818,0.09090909090909091,0.4744848153995968
syn_stu_000074,syn_crs_00003,0.5408894115293175,0.23529411764705882,0.0,0.18518518518518517,0.0,0.6363636363636364,0.660723554910739,0.0,0.0,0.11664217739888882,1,0.40476190476190477,0,0.2222222222222222,0.17857142857142855,0.2631578947368421,0.0,0.35997623285120883,-4.428703218854945,0.5094339622641509,0.037061931951051064,0.8117732627142953,0.0,0.0,0.5348809357756292,0.14285714285714285,-4.906819076432149,0.0,0.7804878048780488,0.2857142857142857,0.622456567787735
syn_stu_000075,syn_crs_00003,0.4877184506528234,0.23529411764705882,0.6000000000000001,0.18518518518518517,0.0,0.6363636363636364,0.8222577893172643,0.0,1.0,0.29580006273217235,1,0.4285714285714286,0,0.2222222222222222,0.17857142857142855,0.2631578947368421,0.0,0.16346705105738937,-0.3105944344084607,0.660377358490566,0.26651923718270987,0.5339095239601237,0.5,0.6,0.3600445349569498,0.21428571428571427,1.0853536234791825,0.0,0.9523809523809523,0.42857142857142855,0.45035829496517754
syn_stu_000076,syn_crs_00003,0.35158202535381977,0.1764705882352941,0.2,0.4814814814814815,0.0,0.8333333333333334,0.5282401563460583,0.0,0.4,0.20021077600433282,1,0.47619047619047605,0,0.48148148148148145,0.39285714285714285,0.3157894736842105,0.0,0.16740334145603405,-2.5009044455717775,0.2830188679245283,0.14771446956669354,0.3762748957405384,0.25,0.5,0.3419729960241242,0.5714285714285714,-3.8834309681403925,0.0,0.45454545454545453,0.5333333333333333,0.3386813224683373
syn_stu_000077,syn_crs_00003,0.42223131816234344,0.11764705882352941,0.2,0.2962962962962963,0.0,0.8333333333333334,0.6905866283921853,0.0,0.2,0.07090706239947205,0,0.5714285714285714,1,0.25925925925925924,0.2142857142857143,0.2631578947368421,0.0,0.30448592604846797,1.0344468295048828,0.4716981132075472,0.08685758001307392,0.7039665329491473,0.0,1.0,0.0577328986470859,0.14285714285714285,-0.8885953464667364,0.0,0.625,0.2,0.4191666314929144
syn_stu_000078,syn_crs_00003,0.5808949032332432,0.23529411764705882,1.0,0.18518518518518517,0.0,0.6363636363636364,0.7565097580194187,0.0,1.0,0.17250177132280997,0,0.38095238095238093,0,0.2222222222222222,0.10714285714285714,0.3684210526315789,0.5,0.4152846074604209,0.6698454036525555,0.24528301886792453,0.03507701665603138,0.9087889657733499,0.0,1.0,0.2536695169767713,0.21428571428571427,-5.654694462144286,0.0,0.45,0.42857142857142855,0.5641289896661841
syn_stu_000079,syn_crs_00003,0.5664341137194573,0.11764705882352941,0.0,0.7037037037037036,0.0,0.9130434782608695,0.9254692354345952,0.0,0.0,0.016995917887822537,1,0.5952380952380951,0,0.6666666666666667,0.6071428571428571,0.2631578947368421,0.0,0.20453043842763022,0.030400705090894195,0.20754716981132076,0.2251498345924134,0.4343420984227282,0.0,0.0,0.3732459712519238,0.7142857142857142,-4.722678666840673,0.0,0.32653061224489793,0.47619047619047616,0.353481908357381
syn_stu_000080,syn_crs_00003,0.46581145776259897,0.5294117647058824,0.8,0.1111111111111111,0.0,0.35714285714285715,0.8610995359620209,0.0,0.8,0.2297776328299066,0,0.4285714285714286,0,0.3333333333333333,0.07142857142857142,0.5789473684210527,0.0,0.08689638008790608,2.6452987256250693,0.2641509433962264,0.29347607899319345,0.6439020447157244,0.0,1.0,0.3495919340000035,0.07142857142857142,-2.564370221347775,0.5,0.4523809523809524,0.2,0.5462124339956933
syn_stu_000081,syn_crs_00003,0.4216848255519289,0.058823529411764705,0.4,0.5555555555555555,0.0,0.9444444444444444,0.6646460540350441,0.0,0.6000000000000001,0.0664671078316277,0,0.5,0,0.48148148148148145,0.35714285714285715,0.3684210526315789,0.0,0.1634434176770662,0.48192954722442155,0.41509433962264153,0.08541904452668556,0.7468789555268581,0.25,0.6666666666666666,0.5531723734893774,0.7857142857142857,-1.6372395263178083,0.0,0.6,0.6470588235294118,0.6087261157917314
syn_stu_000082,syn_crs_00003,0.4094431426810782,0.4117647058823529,0.8,0.07407407407407407,0.3333333333333333,0.36363636363636365,0.5789019052115405,0.08333333333333333,0.8,0.2409845725368076,1,0.7380952380952381,0,0.2222222222222222,0.10714285714285714,0.3684210526315789,0.0,0.27089692538894344,0.3869082785029699,0.6037735849056604,0.14170482979894475,0.903413123175581,0.0,1.0,0.7393503649127792,0.21428571428571427,0.11648128977475294,0.5,0.6727272727272727,0.75,0.8291157570291603
syn_stu_000083,syn_crs_00003,0.45753532781511586,0.1764705882352941,0.2,0.6666666666666666,0.0,0.8695652173913043,0.7168037568033147,0.0,0.2,0.35199764692104674,0,0.6904761904761905,0,0.6666666666666667,0.5714285714285714,0.3157894736842105,0.0,0.2438706424161214,0.6432438186513689,0.33962264150943394,0.08563379784868021,0.8735246679449404,0.0,1.0,0.1228422568375198,0.5714285714285714,-3.1085657837542926,0.0,0.4339622641509434,0.4,0.5618734942837363
syn_stu_000084,syn_crs_00003,0.3699475827362765,0.23529411764705882,1.0,0.37037037037037035,0.0,0.75,0.6800781159061146,0.0,1.0,0.027300650968233937,0,0.6666666666666667,0,0.4074074074074074,0.25,0.42105263157894735,0.0,0.1637941357197997,-1.1656212477634813,0.49056603773584906,0.6034560408884085,0.669532712022163,0.0,1.0,0.3058930154245845,0.21428571428571427,0.44792512509099625,0.0,0.5961538461538461,0.25,0.45120603483900523
syn_stu_000085,syn_crs_00003,0.44196583374146975,0.23529411764705882,0.4,0.25925925925925924,0.0,0.6923076923076923,0.6859248866746205,0.0,0.4,0.07401226314094249,1,0.40476190476190477,0,0.2962962962962963,0.25,0.2631578947368421,0.0,0.10056061941347748,1.9827673491738083,0.18867924528301888,0.07349470505910119,0.7115589039253999,0.0,1.0,0.2644269262029565,0.07142857142857142,3.4072950329155463,0.0,0.36585365853658536,0.1111111111111111,0.4828171736724415
syn_stu_000086,syn_crs_00003,0.387678314743061,0.11764705882352941,0.4,0.4814814814814815,0.3333333333333333,0.8823529411764706,0.5953117730826367,0.16666666666666666,0.4,0.4187234447333313,0,0.5952380952380951,0,0.44444444444444436,0.39285714285714285,0.2631578947368421,0.0,0.30271069101140174,-1.8327265451762287,0.2830188679245283,0.13593743391416288,0.65283316424983,0.0,1.0,0.29412510142211196,0.3571428571428571,0.8216699019579138,0.0,0.40816326530612246,0.3333333333333333,0.4519200796458819
syn_stu_000087,syn_crs_00003,0.5860838773247922,0.5882352941176471,0.4,0.18518518518518517,0.0,0.4117647058823529,0.9349155000575049,0.0,0.4,0.1028848069451261,0,0.5238095238095237,0,0.44444444444444436,0.2142857142857143,0.5263157894736842,0.0,0.22145755456433822,0.845508023025114,0.4339622641509434,0.29715369513660567,0.8011668782149307,0.0,1.0,0.06775538789836519,0.0,-0.2019681069304326,0.5,0.6086956521739131,0.0,0.4410336110483954
syn_stu_000088,syn_crs_00003,0.7701416046437515,0.3529411764705882,0.2,0.2222222222222222,0.3333333333333333,0.5714285714285714,0.9013298212309095,0.3333333333333333,0.2,0.08550058794435665,1,0.5714285714285714,0,0.3333333333333333,0.25,0.3157894736842105,0.0,0.457633680589433,2.437364422405981,0.6792452830188679,0.09392054535940848,0.9016385127908138,0.0,1.0,0.6837047631885167,0.3571428571428571,1.0248858095938604,0.0,0.8541666666666666,0.625,0.7892483464128656
syn_stu_000089,syn_crs_00003,0.5413357519858064,0.11764705882352941,0.0,0.4074074074074074,0.0,0.8666666666666667,0.9164187042702431,0.0,0.2,0.22878768072815264,1,0.5476190476190477,0,0.3703703703703704,0.39285714285714285,0.15789473684210525,0.0,0.05610929684234002,-2.0529480262285023,0.4716981132075472,0.15123903453650833,0.3124068031712943,0.25,0.0,0.22650719461501592,0.21428571428571427,-4.304945864702582,0.0,0.6382978723404256,0.23076923076923078,0.31547697260435503
syn_stu_000090,syn_crs_00003,0.23568029333442392,0.11764705882352941,0.0,0.3333333333333333,0.6666666666666666,0.8461538461538461,0.21195626613996194,0.6666666666666666,0.0,0.22092892736009168,1,0.7142857142857142,0,0.2962962962962963,0.35714285714285715,0.10526315789473684,0.0,0.20846784675950858,-2.684772313687595,0.7547169811320754,0.14327069010492752,0.3452216229274231,0.0,0.0,0.11374993877876166,0.14285714285714285,2.8560211964593973,0.0,0.8333333333333334,0.18181818181818182,0.1984498119768027
syn_stu_000091,syn_crs_00003,0.5430349705228853,0.5882352941176471,0.2,0.2962962962962963,0.0,0.5,0.762690335120958,0.0,0.4,0.10295411913916028,1,0.30952380952380953,0,0.5555555555555556,0.3214285714285714,0.5263157894736842,0.0,0.2984053893682007,-2.088256244985122,0.15094339622641512,0.20471622391357489,0.5654580182739349,0.25,0.5,0.1529923497827629,0.14285714285714285,-3.5928955854302016,0.0,0.35135135135135137,0.2,0.4229344350525564
syn_stu_000092,syn_crs_00003,0.5058254430575279,0.11764705882352941,0.4,0.18518518518518517,0.0,0.7777777777777778,0.7823891043941945,0.0,0.4,0.2773267643361567,1,0.47619047619047605,0,0.14814814814814814,0.14285714285714285,0.21052631578947367,0.0,0.2420389065464778,3.6341116113427443,0.24528301886792453,0.11618479500174984,0.8980358315146979,0.0,1.0,0.13389060985263973,0.07142857142857142,4.655588911755076,0.0,0.4090909090909091,0.14285714285714285,0.5961965000169764
syn_stu_000093,syn_crs_00003,0.5000483434426887,0.23529411764705882,0.2,0.2962962962962963,0.0,0.7142857142857143,0.7653330063931563,0.0,0.4,0.2705041883551772,1,0.6666666666666667,0,0.3333333333333333,0.2857142857142857,0.2631578947368421,0.0,0.3248986325938594,-1.2186141725711912,0.7735849056603773,0.4360649872294072,0.9090374180942182,0.25,0.5,0.1298476548034554,0.5,2.312259622703533,0.0,0.8846153846153846,0.7,0.5322697720840238
syn_stu_000094,syn_crs_00003,0.5100291568820094,0.1764705882352941,0.6000000000000001,0.6666666666666666,0.0,0.8695652173913043,0.869456428711264,0.0,1.0,0.009718311081967588,1,0.6904761904761905,0,0.6666666666666667,0.5,0.42105263157894735,0.0,0.17598502234859142,-2.4009164116249786,0.33962264150943394,0.15062908849064485,0.7890355817665077,0.5,0.6,0.2957131167962961,0.5,1.6696861258235989,0.0,0.4339622641509434,0.35,0.5028671103669264
syn_stu_000095,syn_crs_00003,0.32117525684401854,0.23529411764705882,0.0,0.25925925925925924,0.0,0.6923076923076923,0.4141783717206235,0.0,0.0,0.047236850938121154,1,0.5,0,0.2962962962962963,0.25,0.2631578947368421,0.0,0.17068457753436736,0.7327109101008916,0.4339622641509434,0.08049921612316951,0.5119444435513649,0.0,0.0,0.23846868222419926,0.2857142857142857,1.800294073168212,0.0,0.6222222222222222,0.4444444444444444,0.37315111790321126
syn_stu_000096,syn_crs_00003,0.7071965437963798,0.1764705882352941,0.8,0.18518518518518517,0.0,0.7,0.8945383806170203,0.0,1.0,0.2192145175447001,1,0.2857142857142857,0,0.18518518518518517,0.17857142857142855,0.21052631578947367,1.0,0.4808832121942521,-5.447621592061103,0.13207547169811323,0.049068130451597344,0.6729994898033238,0.25,0.8,0.5026592499828318,0.21428571428571427,-0.0056753590294804975,0.0,0.3333333333333333,0.42857142857142855,0.5815854184139172
syn_stu_000097,syn_crs_00004,0.48624926453544814,0.11764705882352941,1.0,0.14814814814814814,0.3333333333333333,0.75,0.5899459599497727,0.06666666666666667,1.0,0.06365126347437876,1,0.5952380952380951,0,0.1111111111111111,0.07142857142857142,0.2631578947368421,0.0,0.3036803197907688,-1.909181097045102,0.22641509433962265,0.2343996238875771,0.746181337014142,0.0,1.0,0.22083500742263687,0.0,-2.359155988324086,0.0,0.3469387755102041,0.0,0.5721265079013929
syn_stu_000098,syn_crs_00004,0.7051497197335496,0.11764705882352941,0.0,0.14814814814814814,0.3333333333333333,0.75,0.8803222950813813,0.3333333333333333,0.0,0.09302890881162772,0,0.47619047619047605,0,0.1111111111111111,0.17857142857142855,0.10526315789473684,0.0,0.4080099578812616,2.828149879207399,0.32075471698113206,0.18009980642938017,0.6472742873634818,0.0,0.0,0.321279986861168,0.2857142857142857,-2.8253311081078984,0.0,0.5,0.6666666666666666,0.47911863656478954
syn_stu_000099,syn_crs_00004,0.6061991981572231,0.0,0.8,0.5925925925925926,0.0,1.0,0.7561087672604259,0.0,0.8,0.24734784570334165,1,0.7142857142857142,0,0.48148148148148145,0.6071428571428571,0.0,0.0,0.4721353463418464,-1.9107355388470078,0.2641509433962264,0.15613672042699023,0.8536049181780002,0.0,1.0,0.23560004262692885,0.3571428571428571,5.254175795801664,0.0,0.35185185185185186,0.2777777777777778,0.6137423517770981
syn_stu_000100,syn_crs_00004,0.5299192886939591,0.47058823529411764,0.2,0.14814814814814814,0.0,0.42857142857142855,0.7968690805539167,0.0,0.2,0.11772833387581835,1,0.5714285714285714,0,0.3333333333333333,0.14285714285714285,0.47368421052631576,0.0,0.2437843483007852,-0.5215819298338846,0.5471698113207547,0.2496361423498093,0.44351737877888037,0.0,1.0,0.2397574764878155,0.0,0.3099118738394614,0.0,0.7083333333333334,0.0,0.34721001289591086
syn_stu_000101,syn_crs_00004,0.515507972511934,0.29411764705882354,0.0,0.0,0.0,0.2857142857142857,0.8883892595087375,0.0,0.0,0.056287039799290436,1,0.5952380952380951,0,0.07407407407407407,0.03571428571428571,0.2631578947368421,0.0,0.33253382182786023,0.5882369097082044,0.8113207547169812,0.154569100139025,0.5422510491525206,0.0,0.0,0.09360838413677387,0.07142857142857142,-3.3447869116252407,0.0,0.9795918367346939,0.5,0.32022129146311884
syn_stu_000102,syn_crs_00004,0.5483594953006382,0.23529411764705882,0.8,0.25925925925925924,0.0,0.6923076923076923,0.6761557620262731,0.0,1.0,0.2449499723435513,1,0.7380952380952381,0,0.2962962962962963,0.17857142857142855,0.3684210526315789,0.0,0.19494345107145633,0.5893454055005232,0.2830188679245283,0.10283429202724476,0.17904846431503899,0.25,0.8,0.10596289870200289,0.14285714285714285,1.5501340259727392,0.0,0.36363636363636365,0.2222222222222222,0.12478581130598565
syn_stu_000103,syn_crs_00004,0.5922068011687558,0.11764705882352941,0.0,0.4814814814814815,0.3333333333333333,0.8823529411764706,0.7366674134526627,0.3333333333333333,0.0,0.032781082905813594,1,0.5952380952380951,0,0.44444444444444436,0.39285714285714285,0.2631578947368421,0.0,0.4891310799044216,-1.0650415631789623,0.18867924528301888,0.08968897695931616,0.3360830383086785,0.0,0.0,0.31464282150162926,0.42857142857142855,1.0286502260494566,0.0,0.30612244897959184,0.4,0.3123083140461717
syn_stu_000104,syn_crs_00004,0.3911680559276133,0.47058823529411764,0.2,0.2222222222222222,0.0,0.5,0.7002282926056999,0.0,0.2,0.065151658661129,1,0.6190476190476191,0,0.4074074074074074,0.25,0.42105263157894735,0.0,0.01693856654831944,1.0927671264192858,0.7547169811320754,0.22840228416128688,0.7091976593686397,0.0,1.0,0.3338502595120574,0.21428571428571427,-0.9880181428507022,0.0,0.9,0.375,0.5660097197029034
syn_stu_000105,syn_crs_00004,0.3836079357494154,0.1764705882352941,0.0,0.5555555555555555,0.0,0.85,0.6959168756867212,0.0,0.0,0.00041849082964842986,1,0.4285714285714286,0,0.5555555555555556,0.5,0.2631578947368421,0.0,0.1127517197047705,2.8924484266990786,0.32075471698113206,0.2023153386124239,0.8666705293888769,0.0,0.0,0.5859085983894129,0.3571428571428571,-2.6940685259478148,0.0,0.5238095238095238,0.29411764705882354,0.6897594433956268
syn_stu_000106,syn_crs_00004,0.45339881865711407,0.1764705882352941,0.0,0.6666666666666666,0.3333333333333333,0.8695652173913043,0.5960164505465585,0.3333333333333333,0.0,0.14609968084760314,1,0.45238095238095233,0,0.6666666666666667,0.6071428571428571,0.2631578947368421,0.0,0.3545557231739301,-2.1232918897304653,0.5849056603773585,0.050450675185982896,0.8104678931318093,0.0,0.0,0.5404403791028263,0.14285714285714285,2.2066779492026516,0.0,0.8372093023255814,0.1,0.723441014433988
syn_stu_000107,syn_crs_00004,0.44635690975863423,0.1764705882352941,0.0,0.5185185185185185,0.0,0.8421052631578947,0.49930243981744277,0.0,0.0,0.24452486980887198,0,0.47619047619047605,1,0.5185185185185186,0.4642857142857143,0.2631578947368421,0.0,0.41711157119624687,-0.9688741229885506,0.2830188679245283,0.20800193308186712,0.7988503437929206,0.0,0.0,0.47755019467354176,0.5714285714285714,2.838141624997018,0.0,0.45454545454545453,0.5,0.7102439386292251
syn_stu_000108,syn_crs_00004,0.5030737629716887,0.7058823529411764,0.6000000000000001,0.18518518518518517,0.0,0.3684210526315789,0.7931463535023469,0.0,1.0,0.11253567378051352,1,0.7380952380952381,0,0.5185185185185186,0.17857142857142855,0.6842105263157894,0.0,0.33751303945077415,-0.21029942170762145,0.5849056603773585,0.12497550024810411,0.7025371217600218,0.5,0.6,0.4461563352951941,0.14285714285714285,0.9671900412806842,0.0,0.6545454545454545,0.2857142857142857,0.5447555013370038
syn_stu_000109,syn_crs_00004,0.443741638033414,0.058823529411764705,0.0,0.4814814814814815,0.3333333333333333,0.9375,0.8540885845043555,0.3333333333333333,0.0,0.2964499809184354,0,0.4285714285714286,0,0.4074074074074074,0.42857142857142855,0.15789473684210525,0.0,0.28141595624576393,1.3997141595285654,0.6226415094339622,0.08719862462604536,0.47715275424095493,0.0,0.0,0.35749509574230875,0.21428571428571427,0.21463057535001662,0.0,0.9047619047619048,0.2,0.4777225204071334
syn_stu_000110,syn_crs_00004,0.555786541661662,0.058823529411764705,0.6000000000000001,0.6666666666666666,0.0,0.9523809523809523,0.7169124225986966,0.0,0.8,0.18224319704989542,1,0.2857142857142857,0,0.5925925925925926,0.6071428571428571,0.15789473684210525,0.0,0.27869165376365923,0.06622935311628864,0.22641509433962265,0.10968039103030909,0.7527751890576723,0.25,0.75,0.6895577559244128,0.14285714285714285,-2.3471708113151077,0.0,0.4722222222222222,0.1,0.7735783655631893
syn_stu_000111,syn_crs_00004,0.46477744438764257,0.47058823529411764,0.0,0.18518518518518517,0.0,0.4666666666666667,0.5004961958460791,0.0,0.0,0.16472559827276992,1,0.4285714285714286,0,0.3703703703703704,0.17857142857142855,0.47368421052631576,0.0,0.37448843722916897,-0.25433107524525284,0.5849056603773585,0.03948115597151394,0.8803552508997813,0.0,0.0,0.5211847286315379,0.21428571428571427,1.4395195449201943,0.0,0.8571428571428571,0.42857142857142855,0.7442305407759859
syn_stu_000112,syn_crs_00004,0.48404994927053646,0.058823529411764705,0.8,0.37037037037037035,0.0,0.9230769230769231,0.7842936154623726,0.0,1.0,0.23067260670501516,1,0.40476190476190477,0,0.2962962962962963,0.2857142857142857,0.21052631578947367,0.0,0.27539176890023004,-3.098739000269779,0.4528301886792453,0.08162011952705629,0.8943243750014169,0.25,0.8,0.1507708863045655,0.5714285714285714,-1.9040776334775362,0.0,0.7073170731707317,0.6666666666666666,0.4907445055527939
syn_stu_000113,syn_crs_00004,0.43867334598036806,0.29411764705882354,0.8,0.3333333333333333,0.0,0.6875,0.42743383534709384,0.0,1.0,0.09421972320684863,1,0.38095238095238093,0,0.4074074074074074,0.35714285714285715,0.2631578947368421,0.0,0.40472181106208066,-2.266114140483257,0.5471698113207547,0.1503973602500487,0.6817254823984917,0.25,0.8,0.21892105840241766,0.3571428571428571,-3.8174195198608363,0.0,0.85,0.45454545454545453,0.44435289072021916
syn_stu_000114,syn_crs_00004,0.6902036909208598,0.0,0.6000000000000001,0.4074074074074074,0.3333333333333333,1.0,0.9101298053363358,0.1111111111111111,0.6000000000000001,0.01796826011322819,0,0.26190476190476186,0,0.2962962962962963,0.35714285714285715,0.10526315789473684,0.0,0.38788417680648596,0.3853542167921992,0.13207547169811323,0.08322664157549148,0.8546388360579873,0.0,1.0,0.5173497351934011,0.2857142857142857,3.376790586025903,0.0,0.34285714285714286,0.3076923076923077,0.6799558004864857
syn_stu_000115,syn_crs_00004,0.48844735515338383,0.11764705882352941,0.4,0.37037037037037035,0.0,0.8571428571428571,0.669625241370263,0.0,0.8,0.19757489411025042,1,0.7619047619047619,0,0.3333333333333333,0.39285714285714285,0.10526315789473684,0.0,0.37657149720881056,-1.0276788139411728,0.5094339622641509,0.16930660114998725,0.7155901026828927,0.5,0.5,0.10558705814200656,0.5714285714285714,-3.0897005092589604,0.0,0.5714285714285714,0.6666666666666666,0.5151224587872553
syn_stu_000116,syn_crs_00004,0.5445150708332549,0.3529411764705882,0.2,0.25925925925925924,0.0,0.6,0.6327278703874213,0.0,0.2,0.03646333904558309,1,0.5,0,0.3703703703703704,0.2142857142857143,0.42105263157894735,0.0,0.41511747561713136,-0.6841913547689891,0.2641509433962264,0.15513935032450452,0.6413371699010229,0.0,1.0,0.33516647718540526,0.42857142857142855,-5.6908083476547455,0.0,0.4222222222222222,0.6666666666666666,0.48774867945668576
syn_stu_000117,syn_crs_00004,0.3173197369526749,0.6470588235294118,0.0,0.3333333333333333,0.0,0.5,0.3123891038527092,0.0,0.8,0.22347961030268196,0,0.3571428571428571,1,0.6296296296296295,0.35714285714285715,0.5789473684210527,0.0,0.22157004149393555,-0.12374719406401496,0.5660377358490566,0.15517281428728955,0.5678083349260487,1.0,0.0,0.3735838603175713,0.21428571428571427,3.92704607616263,0.0,0.8974358974358975,0.2727272727272727,0.46153163425716826
syn_stu_000118,syn_crs_00004,0.3109226351117738,0.4117647058823529,0.2,0.18518518518518517,0.0,0.5,0.4921281571654435,0.0,0.2,0.04439251391556493,1,0.4285714285714286,0,0.3333333333333333,0.17857142857142855,0.42105263157894735,0.0,0.27355234638977854,4.683365135754126,0.15094339622641512,0.21465875028004522,0.7679912876379673,0.0,1.0,0.7305591515866382,0.21428571428571427,-5.233318423622539,0.0,0.30952380952380953,0.42857142857142855,0.691878449352841
syn_stu_000119,syn_crs_00005,0.5856169359988516,0.6470588235294118,0.6000000000000001,0.25925925925925924,0.3333333333333333,0.45,0.8528864952223335,0.1111111111111111,0.6000000000000001,0.08264251494729576,1,0.5714285714285714,0,0.5555555555555556,0.2857142857142857,0.5789473684210527,0.0,0.2650062584123287,-0.9949619982650807,0.22641509433962265,0.08135748289682253,0.7972228730619465,0.0,1.0,0.7224513304459023,0.0,-1.1692184917387412,0.5,0.3541666666666667,0.0,0.7112443292017261
syn_stu_000120,syn_crs_00005,0.4485155604070763,0.1764705882352941,0.8,0.4814814814814815,0.0,0.8333333333333334,0.509396967868522,0.0,1.0,0.4546386935434484,1,0.3571428571428571,0,0.48148148148148145,0.39285714285714285,0.3157894736842105,0.0,0.3511954360241257,2.7739037588552407,0.5283018867924528,0.06330800780972666,0.8766739051853705,0.25,0.8,0.2652210856426233,0.07142857142857142,-3.286843708384823,0.0,0.8461538461538461,0.06666666666666667,0.5367400851485672
syn_stu_000121,syn_crs_00005,0.41637980067644975,0.29411764705882354,0.8,0.4444444444444444,0.6666666666666666,0.7368421052631579,0.5882472561339076,0.16666666666666666,0.8,0.18533998744403365,0,0.5714285714285714,1,0.5185185185185186,0.35714285714285715,0.42105263157894735,0.0,0.05646727826226539,2.627666898261181,0.24528301886792453,0.09167131018618485,0.8511962273220952,0.0,1.0,0.03289570611312144,0.2857142857142857,-2.1714001311621582,0.0,0.375,0.2857142857142857,0.46011284488097076
syn_stu_000122,syn_crs_00005,0.6338130253392188,0.058823529411764705,0.0,0.2962962962962963,0.0,0.9090909090909091,0.9154461117545336,0.0,0.2,0.07120043880043696,0,0.6190476190476191,0,0.2222222222222222,0.25,0.15789473684210525,0.0,0.29647641354960463,1.6075205035944051,0.6415094339622641,0.05790812735747629,0.8076562017605188,0.25,0.0,0.40305499094064645,0.14285714285714285,6.672211663159299,0.0,0.78,0.2,0.5341526157768698
syn_stu_000123,syn_crs_00005,0.587412906516032,0.058823529411764705,0.6000000000000001,0.25925925925925924,0.6666666666666666,0.9,0.7681839531660365,0.16666666666666666,0.8,0.08870402167575364,1,0.6666666666666667,0,0.18518518518518517,0.2142857142857143,0.15789473684210525,0.0,0.4477299548093522,-1.694885447853035,0.3584905660377359,0.24755594576820839,0.6861160391398823,0.25,0.75,0.018940007848373294,0.3571428571428571,-0.3046929954620575,0.0,0.46153846153846156,0.5555555555555556,0.3192340928506503
syn_stu_000124,syn_crs_00005,0.5702781860812622,0.1764705882352941,0.8,0.5555555555555555,0.3333333333333333,0.85,0.782263765915715,0.06666666666666667,1.0,0.10359293857275916,1,0.47619047619047605,0,0.5555555555555556,0.5,0.2631578947368421,0.0,0.38781150518201984,0.27436161288627847,0.5471698113207547,0.2978602142974607,0.8766210518988317,0.25,0.8,0.04062969717918019,1.0,1.0797151660292765,0.5,0.7727272727272727,0.8235294117647058,0.3655760099431479
syn_stu_000125,syn_crs_00005,0.5107761068113881,0.23529411764705882,0.8,0.6666666666666666,0.0,0.8333333333333334,0.4326896714365754,0.0,1.0,0.22369693737874854,1,0.2857142857142857,0,0.7037037037037037,0.6428571428571428,0.2631578947368421,0.0,0.38652317393234376,-0.7809808846951241,0.169811320754717,0.035250565114631996,0.6556122340969184,0.25,0.8,0.22348358648862315,0.21428571428571427,2.3714639226091894,0.0,0.3888888888888889,0.15,0.5096431232797126
syn_stu_000126,syn_crs_00005,0.5156885210253105,0.0,0.2,0.5555555555555555,0.0,1.0,0.7430873886034415,0.0,0.8,0.0881214440196927,1,0.38095238095238093,0,0.44444444444444436,0.4642857142857143,0.15789473684210525,0.0,0.32377470428897653,4.028832217013027,0.4339622641509434,0.37740841739964376,0.7214427131490249,0.75,0.25,0.030354433045106953,0.5714285714285714,-1.9404709969595482,0.5,0.7,0.47058823529411764,0.3812189714868951
syn_stu_000127,syn_crs_00005,0.5203427442275648,0.23529411764705882,0.6000000000000001,0.4074074074074074,0.0,0.7647058823529411,0.6092867729936811,0.0,0.8,0.0535671854933578,1,0.5,0,0.44444444444444436,0.3214285714285714,0.3684210526315789,0.0,0.37278410197608014,0.8213066124527928,0.4339622641509434,0.2583417799869996,0.28825785181438845,0.25,0.75,0.16737280794637768,0.2857142857142857,3.2254206293249355,0.0,0.6222222222222222,0.3076923076923077,0.2433359162047818
syn_stu_000128,syn_crs_00005,0.29297348836462755,0.1764705882352941,0.6000000000000001,0.4444444444444444,0.0,0.8235294117647058,0.4860180611697787,0.0,0.8,0.08573507729455389,1,0.5714285714285714,0,0.44444444444444436,0.42857142857142855,0.21052631578947367,0.0,0.12376697067261723,-0.4263628400392892,0.33962264150943394,0.134632546661741,0.6924342428039382,0.25,0.75,0.48749178339302274,0.0,1.128027653495624,0.0,0.4791666666666667,0.0,0.535463681183837
syn_stu_000129,syn_crs_00005,0.7507173682757924,0.47058823529411764,0.8,0.2222222222222222,0.0,0.5,0.8583532898195928,0.0,0.8,0.2556063157142996,1,0.30952380952380953,0,0.4074074074074074,0.25,0.42105263157894735,0.0,0.534955245769896,3.5698404463939952,0.2830188679245283,0.07040206036417593,0.7461576705168919,0.0,1.0,0.23381018769641543,0.0,2.261410251551375,0.0,0.5405405405405406,0.0,0.5480485876102711
syn_stu_000130,syn_crs_00005,0.32539603210327744,0.29411764705882354,0.0,0.3333333333333333,0.0,0.6875,0.5018644516628399,0.0,0.0,0.15702069099978624,1,0.3571428571428571,0,0.4074074074074074,0.3214285714285714,0.3157894736842105,0.0,0.035860606255360625,-0.705007437525497,0.20754716981132076,0.10774254979591384,0.6683411180451253,0.0,0.0,0.3242569780377508,0.07142857142857142,-2.1742948762044585,0.0,0.41025641025641024,0.09090909090909091,0.5714521070185179
syn_stu_000131,syn_crs_00005,0.48979517496140274,0.11764705882352941,0.6000000000000001,0.7037037037037036,0.3333333333333333,0.9130434782608695,0.5145624152455279,0.08333333333333333,0.8,0.28193308224571473,1,0.47619047619047605,0,0.6666666666666667,0.6071428571428571,0.2631578947368421,0.0,0.4672947116108044,1.1032175386333736,0.5471698113207547,0.14811164067841331,0.5799721268611304,0.25,0.75,0.14380689056373283,0.14285714285714285,1.3319709956976045,0.5,0.7727272727272727,0.09523809523809523,0.36523563977238765
syn_stu_000132,syn_crs_00005,0.14851724258697502,0.058823529411764705,0.2,0.25925925925925924,0.0,0.9,0.3087430816031501,0.0,0.2,0.40504459037463053,1,0.40476190476190477,0,0.18518518518518517,0.25,0.10526315789473684,0.0,0.028967521861616892,1.4048254621775258,0.32075471698113206,0.05139753744161944,0.7072736775557746,0.0,1.0,0.562733300692315,0.14285714285714285,-0.026818519596984745,0.0,0.5365853658536586,0.2222222222222222,0.6110474723578699
syn_stu_000133,syn_crs_00005,0.6629671705117887,0.11764705882352941,0.4,0.5185185185185185,0.0,0.8888888888888888,0.8265928603745525,0.0,0.6000000000000001,0.2917704720817768,1,0.5,0,0.48148148148148145,0.42857142857142855,0.2631578947368421,0.0,0.5424022861410386,0.6947584266858641,0.3584905660377359,0.18555684919855023,0.7794371199146035,0.25,0.6666666666666666,0.41260545822151884,0.0,3.389259043522734,0.0,0.5333333333333333,0.0,0.6236335492647588
syn_stu_000134,syn_crs_00005,0.5127674888710394,0.23529411764705882,0.4,0.4814814814814815,0.0,0.7894736842105263,0.8438901310306453,0.0,0.4,0.1915507844954626,1,0.5952380952380951,0,0.5185185185185186,0.4642857142857143,0.2631578947368421,0.0,0.3543708648355414,-0.21281276328484805,0.37735849056603776,0.045751765939967735,0.19443871599493665,0.0,1.0,0.11969212086630965,0.21428571428571427,-1.6210071106542208,0.0,0.5102040816326531,0.2,0.19380527719918864
syn_stu_000135,syn_crs_00005,0.5394206403981554,0.11764705882352941,0.2,0.37037037037037035,0.0,0.8571428571428571,0.7959045629227037,0.0,0.2,0.17207946305633534,0,0.3571428571428571,1,0.3333333333333333,0.35714285714285715,0.15789473684210525,0.0,0.27288082462770935,1.6750429266599578,0.39622641509433965,0.09614531281154498,0.7162217288228975,0.0,1.0,0.26952228421145746,0.3571428571428571,6.096646366369704,0.0,0.6666666666666666,0.4166666666666667,0.536388745359889
syn_stu_000136,syn_crs_00005,0.628092723984576,0.1764705882352941,0.2,0.5185185185185185,0.0,0.8421052631578947,0.9407131438751964,0.0,0.2,0.2956540763821706,1,0.6428571428571428,0,0.5185185185185186,0.39285714285714285,0.3684210526315789,0.0,0.3074326785179877,-1.2598958666458595,0.6037735849056604,0.34333538752184667,0.5428520088182991,0.0,1.0,0.3996697697774816,0.2857142857142857,1.0161693363599347,0.0,0.7254901960784313,0.25,0.5044554291485757
syn_stu_000137,syn_crs_00005,0.5605046115025073,0.11764705882352941,0.0,0.37037037037037035,0.0,0.8571428571428571,0.9255338763544676,0.0,0.0,0.07375129438106438,1,0.5,0,0.3333333333333333,0.35714285714285715,0.15789473684210525,0.0,0.2770885412669202,2.227391459207989,0.37735849056603776,0.1401880440544642,0.8208514764776781,0.0,0.0,0.11441363839732081,0.3571428571428571,-0.37565359422030414,0.0,0.5555555555555556,0.4166666666666667,0.5158321785355706
syn_stu_000138,syn_crs_00005,0.3732649035326311,0.0,0.4,0.3333333333333333,0.3333333333333333,1.0,0.9129274132820859,0.16666666666666666,0.4,0.2782359293597568,0,0.47619047619047605,0,0.2222222222222222,0.35714285714285715,0.0,0.0,0.017083506483653272,-0.5628284314931303,0.6037735849056604,0.05121605165722706,0.7742484891579208,0.0,1.0,0.09563563760252969,0.21428571428571427,-0.7265766231700863,0.0,0.8409090909090909,0.2727272727272727,0.4003102594734098
syn_stu_000139,syn_crs_00005,0.5442702814758673,0.29411764705882354,0.2,0.5925925925925926,0.0,0.782608695652174,0.8237979687093318,0.0,0.4,0.07004277180163707,1,0.30952380952380953,0,0.6666666666666667,0.5357142857142857,0.3684210526315789,0.0,0.24411404464441927,2.6755903419814104,0.37735849056603776,0.22916277871018204,0.7193096257891517,0.25,0.5,0.12485848642822252,0.07142857142857142,-0.020535248310442993,0.5,0.6756756756756757,0.05555555555555555,0.4676794266056576
syn_stu_000140,syn_crs_00005,0.5639915461921657,0.47058823529411764,0.4,0.18518518518518517,0.3333333333333333,0.4666666666666667,0.7343682572702657,0.16666666666666666,0.4,0.37029464255221833,0,0.5476190476190477,1,0.3703703703703704,0.07142857142857142,0.631578947368421,0.0,0.36035253434269465,2.092570262758143,0.5849056603773585,0.3385879804809079,0.7456558354462064,0.0,1.0,0.31244266779298074,0.14285714285714285,-1.88598129191082,0.0,0.7659574468085106,0.2857142857142857,0.5063591894754453
syn_stu_000141,syn_crs_00005,0.5993693882924159,0.3529411764705882,0.0,0.4074074074074074,0.0,0.6842105263157895,0.6081621295980552,0.0,0.0,0.12376141489684066,0,0.6904761904761905,0,0.5185185185185186,0.35714285714285715,0.42105263157894735,0.0,0.5511121229855589,1.0986341634193586,0.5660377358490566,0.24264556407910734,0.8292727592506661,0.0,0.0,0.19118433051918135,0.07142857142857142,2.000146442795468,0.0,0.660377358490566,0.07692307692307693,0.3847320709684118
syn_stu_000142,syn_crs_00005,0.5605927271201887,0.3529411764705882,0.4,0.1111111111111111,0.0,0.45454545454545453,0.9504713516583049,0.0,0.6000000000000001,0.3810598410046412,1,0.38095238095238093,0,0.2222222222222222,0.14285714285714285,0.3157894736842105,0.0,0.26970794860078456,-0.18040054878497155,0.22641509433962265,0.11556797589410364,0.43449786011531527,0.25,0.6666666666666666,0.15501856947557946,0.0,-0.03574525017877015,0.0,0.425,0.0,0.27160901948215194
syn_stu_000143,syn_crs_00005,0.4982275528146139,0.47058823529411764,0.2,0.2962962962962963,0.0,0.5555555555555556,0.746190198257212,0.0,0.2,0.09156716050890826,1,0.40476190476190477,0,0.48148148148148145,0.25,0.5263157894736842,0.0,0.2105875988289183,2.205347628575568,0.5660377358490566,0.05540213565208867,0.7438344720053369,0.0,1.0,0.12102247585041609,0.21428571428571427,5.830833648348753,0.5,0.8536585365853658,0.3,0.40473330729394846
syn_stu_000144,syn_crs_00005,0.42454621159089556,0.3529411764705882,0.8,0.3333333333333333,0.0,0.6470588235294118,0.8343609891895707,0.0,1.0,0.12664989574732943,1,0.26190476190476186,0,0.44444444444444436,0.3214285714285714,0.3684210526315789,0.0,0.03258968506650306,1.1421890886193047,0.37735849056603776,0.26060585645373274,0.7692696298666848,0.25,0.8,0.1540294088884164,0.2857142857142857,-1.2999665656729587,0.0,0.7142857142857143,0.36363636363636365,0.4737013709747163
syn_stu_000145,syn_crs_00005,0.5018420810397215,0.058823529411764705,0.0,0.6296296296296297,0.3333333333333333,0.95,0.7403948834259361,0.3333333333333333,0.0,0.35910807000199907,1,0.45238095238095233,0,0.5555555555555556,0.39285714285714285,0.42105263157894735,0.0,0.1768404883238947,-6.433063241054519,0.6037735849056604,0.10373748211473231,0.6555351126638624,0.0,0.0,0.2211519362257209,0.3571428571428571,-0.3619387847109371,0.0,0.8604651162790697,0.2631578947368421,0.48024307521155246
syn_stu_000146,syn_crs_00005,0.4813221388888539,0.4117647058823529,0.0,0.2222222222222222,0.3333333333333333,0.5333333333333333,0.7992362926088581,0.3333333333333333,0.0,0.06647306583587005,1,0.5,0,0.3703703703703704,0.25,0.3684210526315789,0.0,0.2608900828579177,-1.635424807628349,0.2641509433962264,0.08293800368442715,0.951260900039288,0.0,0.0,0.08654120650360156,0.21428571428571427,-1.3029323238278137,0.0,0.4222222222222222,0.375,0.5285416622734467
syn_stu_000147,syn_crs_00005,0.6510150819523727,0.3529411764705882,0.2,0.2222222222222222,0.3333333333333333,0.5714285714285714,0.8106106907052407,0.3333333333333333,0.2,0.17333815233528121,1,0.40476190476190477,0,0.3333333333333333,0.2142857142857143,0.3684210526315789,0.0,0.3763991519903715,0.33747836779641366,0.169811320754717,0.2162669185113945,0.7447736605977717,0.0,1.0,0.7116800848468965,0.14285714285714285,5.607127212703386,0.0,0.34146341463414637,0.25,0.8286587657843986
syn_stu_000148,syn_crs_00005,0.6154985802217796,0.47058823529411764,0.2,0.3333333333333333,0.0,0.5789473684210527,0.9481731863552547,0.0,0.4,0.4271630189831868,1,0.47619047619047605,0,0.5185185185185186,0.2857142857142857,0.5263157894736842,0.0,0.13182533587598583,0.5594531841125091,0.5094339622641509,0.3146069359698225,0.8700340301984454,0.25,0.5,0.11497943845162775,0.14285714285714285,-4.33719027477191,0.0,0.7272727272727273,0.18181818181818182,0.4662550582313298
syn_stu_000149,syn_crs_00005,0.636426980221178,0.058823529411764705,0.6000000000000001,0.37037037037037035,0.0,0.9230769230769231,0.784798411094665,0.0,1.0,0.19914752654948603,1,0.3571428571428571,0,0.2962962962962963,0.35714285714285715,0.10526315789473684,0.0,0.47644767929599996,1.4143150720832678,0.3584905660377359,0.257396742918937,0.533491950831134,0.5,0.6,0.25997742303829624,0.42857142857142855,0.2809225124924432,0.0,0.6153846153846154,0.5,0.29734906036620723
syn_stu_000150,syn_crs_00005,0.5182548062842873,0.3529411764705882,0.6000000000000001,0.37037037037037035,0.0,0.6666666666666666,0.6795162306657897,0.0,0.6000000000000001,0.3226677972184773,1,0.38095238095238093,0,0.48148148148148145,0.3214285714285714,0.42105263157894735,0.0,0.3166259809006048,3.097693197905941,0.4716981132075472,0.1510356153419491,0.782514713525166,0.0,1.0,0.078347595131636,0.0,0.9389497429447241,0.0,0.75,0.0,0.44433085714175813
syn_stu_000151,syn_crs_00005,0.4595683967975674,0.29411764705882354,0.2,0.1111111111111111,0.0,0.5,0.6040383888956589,0.0,0.4,0.11749524945328607,1,0.4285714285714286,0,0.18518518518518517,0.14285714285714285,0.2631578947368421,0.0,0.23670914744456625,1.1733084166939265,0.4716981132075472,0.2794034301211227,0.3667792996929678,0.25,0.5,0.12119649732163197,0.0,-3.384068272119861,0.0,0.7142857142857143,0.0,0.2167452936755194
syn_stu_000152,syn_crs_00005,0.5588065106651193,0.29411764705882354,0.8,0.14814814814814814,0.0,0.5454545454545454,0.704102236763009,0.0,1.0,0.18978459826380165,1,0.4285714285714286,0,0.2222222222222222,0.10714285714285714,0.3684210526315789,0.0,0.5160809897966772,-4.168688666998582,0.4528301886792453,0.21989120865177386,0.2829402381964736,0.25,0.8,0.1495028330331782,0.14285714285714285,7.92956073887977,0.0,0.6904761904761905,0.3333333333333333,0.16193728970901186
syn_stu_000153,syn_crs_00005,0.5128302177628041,0.29411764705882354,0.0,0.4074074074074074,0.0,0.7222222222222222,0.8207117053134073,0.0,0.2,0.21356396366452585,1,0.47619047619047605,0,0.48148148148148145,0.35714285714285715,0.3684210526315789,0.0,0.25357519849131627,0.39529165432810354,0.13207547169811323,0.13544602941779468,0.8587333523339963,0.25,0.0,0.7259562985368644,0.14285714285714285,-2.7916957231312045,0.0,0.2727272727272727,0.15384615384615385,0.7774681614077804
syn_stu_000154,syn_crs_00006,0.6009666669316329,0.3529411764705882,0.6000000000000001,0.3333333333333333,0.0,0.6470588235294118,0.7064030620695303,0.0,1.0,0.07792618559701533,0,0.47619047619047605,0,0.44444444444444436,0.25,0.47368421052631576,0.0,0.4771078195784096,2.4316072179938164,0.2641509433962264,0.06455472173729782,0.6357013202377937,0.5,0.6,0.23481634983830196,0.07142857142857142,0.1005703755720885,0.0,0.4318181818181818,0.09090909090909091,0.39608823551546685
syn_stu_000155,syn_crs_00006,0.6029029980749991,0.1764705882352941,0.2,0.2962962962962963,0.0,0.7692307692307693,0.6629595179889262,0.0,0.4,0.23224970931889588,1,0.38095238095238093,0,0.2962962962962963,0.3214285714285714,0.15789473684210525,0.0,0.34015702652448004,0.223175812484609,0.24528301886792453,0.053168497035318986,0.6283699870916306,0.25,0.5,0.11048389859216867,0.14285714285714285,5.052084555716885,0.0,0.45,0.2,0.3351875162908409
syn_stu_000156,syn_crs_00006,0.5312393844114949,0.3529411764705882,0.0,0.5555555555555555,0.0,0.7391304347826086,0.8912612646895396,0.0,0.2,0.2685282871382107,0,0.4285714285714286,0,0.6666666666666667,0.35714285714285715,0.631578947368421,0.0,0.29082813379497546,0.4068971448637646,0.41509433962264153,0.3560381120887625,0.5791531878735547,0.25,0.0,0.42878732322370766,0.5714285714285714,-1.125197068222906,0.0,0.6428571428571429,0.47058823529411764,0.5800954461541155
syn_stu_000157,syn_crs_00006,0.518933586568397,0.058823529411764705,0.0,0.5555555555555555,0.0,0.9444444444444444,0.6349656763495499,0.0,0.2,0.022139000933704897,1,0.5714285714285714,0,0.48148148148148145,0.5,0.15789473684210525,0.0,0.23912904128805754,-0.988499776683171,0.5094339622641509,0.020629404787322884,0.5207786612711321,0.25,0.0,0.39211562903273556,0.5,0.43088444403497816,0.0,0.6666666666666666,0.4117647058823529,0.4626633690668278
syn_stu_000158,syn_crs_00006,0.4606641724924977,0.1764705882352941,0.0,0.037037037037037035,0.0,0.5,0.8627211129761746,0.0,0.0,0.2920428000758666,0,0.5,1,0.037037037037037035,0.07142857142857142,0.15789473684210525,0.0,0.07792987026877067,1.8984452075273621,0.6981132075471698,0.17757547074767713,0.9145956894724988,0.0,0.0,0.390837301352047,0.14285714285714285,-1.0343215746289425,0.0,0.9333333333333333,0.6666666666666666,0.6394484332855639
syn_stu_000159,syn_crs_00006,0.16065865417255262,0.0,0.8,0.3333333333333333,0.0,1.0,0.25657799865196707,0.0,0.8,0.06865127490300037,1,0.5476190476190477,0,0.2222222222222222,0.2857142857142857,0.10526315789473684,0.5,0.0681830078295515,-0.7063531721103676,0.5471698113207547,0.11563490285369228,0.5643592273660882,0.0,1.0,0.1246933588382223,0.42857142857142855,-0.15984226568824403,0.0,0.723404255319149,0.5454545454545454,0.42440701403329795
syn_stu_000160,syn_crs_00006,0.45378147716016953,0.6470588235294118,0.6000000000000001,0.2222222222222222,0.0,0.42105263157894735,0.527990281139732,0.0,0.6000000000000001,0.4565624424510737,1,0.33333333333333326,0,0.5185185185185186,0.14285714285714285,0.7368421052631579,0.0,0.2577682379623663,1.1857129021753605,0.5283018867924528,0.10865092602935415,0.8626084253564176,0.0,1.0,0.06435204700372667,0.2857142857142857,3.244372888557896,0.5,0.868421052631579,0.5,0.4487064075405708
syn_stu_000161,syn_crs_00006,0.6789476062760419,0.058823529411764705,0.4,0.6666666666666666,0.0,0.9523809523809523,0.8567736872876262,0.0,0.6000000000000001,0.42164496580497907,1,0.33333333333333326,0,0.5925925925925926,0.6785714285714285,0.05263157894736842,0.0,0.29897657709031006,0.8570886599002947,0.24528301886792453,0.12084366836261998,0.9521160172827378,0.25,0.6666666666666666,0.4528275963443837,0.3571428571428571,-1.2647195252127008,0.0,0.47368421052631576,0.25,0.6409653782375118
syn_stu_000162,syn_crs_00006,0.4085564408251709,0.058823529411764705,0.6000000000000001,0.5925925925925926,0.0,0.9473684210526315,0.6217979877617991,0.0,0.6000000000000001,0.026312541123262735,0,0.5,1,0.5185185185185186,0.5714285714285714,0.10526315789473684,0.0,0.15303031472446735,0.10844050984295354,0.5849056603773585,0.22515852426519997,0.8098817808946738,0.0,1.0,0.4518478671535802,0.7142857142857142,-7.963370107732103,0.0,0.8,0.5555555555555556,0.5645419766347447
syn_stu_000163,syn_crs_00006,0.6008190866337714,0.1764705882352941,0.0,0.2962962962962963,0.6666666666666666,0.7692307692307693,0.7117569760176644,0.6666666666666666,0.0,0.016277725837518454,1,0.6190476190476191,0,0.2962962962962963,0.3214285714285714,0.15789473684210525,0.0,0.3734064986116023,0.968187425473437,0.7735849056603773,0.3714881281169668,0.7709470606574682,0.0,0.0,0.06157143390834687,0.21428571428571427,-0.09885995008444552,0.0,0.92,0.3,0.4122594448600841
syn_stu_000164,syn_crs_00006,0.26510752209319255,0.1764705882352941,1.0,0.1111111111111111,0.0,0.625,0.5515071909416238,0.0,1.0,0.03149955485075859,1,0.47619047619047605,0,0.1111111111111111,0.14285714285714285,0.15789473684210525,0.5,0.07073861771131014,0.4033449876069009,0.6037735849056604,0.5564231999924569,0.867843731958838,0.0,1.0,0.05101083206199559,0.14285714285714285,0.18875291224134003,0.0,0.8409090909090909,0.4,0.37731471287329915
syn_stu_000165,syn_crs_00006,0.49934417278686144,0.47058823529411764,0.4,0.2962962962962963,0.0,0.5555555555555556,0.8310581692548078,0.0,0.6000000000000001,0.15218366005860692,0,0.6190476190476191,1,0.48148148148148145,0.25,0.5263157894736842,0.0,0.22057700581420436,2.5546212938247885,0.11320754716981131,0.12104063076039699,0.8977964301392047,0.25,0.6666666666666666,0.35278589989336967,0.2857142857142857,0.5863129101562585,0.5,0.22,0.4,0.5666683200842791
syn_stu_000166,syn_crs_00007,0.33557950874036796,0.1764705882352941,0.6000000000000001,0.18518518518518517,0.0,0.7,0.44227611524145627,0.0,0.8,0.034414678534280214,1,0.6190476190476191,0,0.18518518518518517,0.17857142857142855,0.21052631578947367,0.0,0.3641276670946783,1.3534389175202652,0.5849056603773585,0.12360669442722791,0.9260787972962349,0.25,0.75,0.16285795814502177,0.0,-0.5499144472513258,0.5,0.72,0.0,0.5254055556453923
syn_stu_000167,syn_crs_00007,0.4773881554558448,0.1764705882352941,0.0,0.5555555555555555,0.0,0.85,0.6846453834928042,0.0,0.0,0.08445385548843637,1,0.47619047619047605,0,0.5555555555555556,0.5714285714285714,0.15789473684210525,0.0,0.32168973587746397,2.079445013149237,0.20754716981132076,0.05630185007224146,0.8367265320808973,0.0,0.0,0.34959090938420967,0.14285714285714285,-2.587613707664941,0.0,0.36363636363636365,0.11764705882352941,0.6497556432356726
syn_stu_000168,syn_crs_00007,0.5806714165666257,0.47058823529411764,0.4,0.25925925925925924,0.0,0.5294117647058824,0.926961420265175,0.0,0.8,0.16688583095270473,1,0.5,0,0.44444444444444436,0.17857142857142855,0.5789473684210527,0.5,0.17785793365787395,-1.5278301527448104,0.2641509433962264,0.15729047408376837,0.9369445520990296,0.5,0.5,0.3678619778072856,0.2857142857142857,-0.7354322066462126,0.0,0.4222222222222222,0.4444444444444444,0.7169939055695412
syn_stu_000169,syn_crs_00007,0.4078300389438475,0.47058823529411764,0.6000000000000001,0.5185185185185185,0.0,0.6666666666666666,0.49077122225323777,0.0,0.8,0.07896128707192948,1,0.5,0,0.7037037037037037,0.5357142857142857,0.42105263157894735,0.0,0.3036743096794794,-1.6532380936492272,0.5283018867924528,0.10392895629503479,0.7194060585671317,0.25,0.75,0.48641038494194444,0.07142857142857142,5.295575934621433,0.0,0.7333333333333333,0.0625,0.635890579947597
syn_stu_000170,syn_crs_00007,0.6053141814705978,0.23529411764705882,0.2,0.4074074074074074,0.0,0.7647058823529411,0.9205046543245897,0.0,0.4,0.058631921570870105,1,0.5238095238095237,0,0.44444444444444436,0.39285714285714285,0.2631578947368421,0.0,0.11741343799380154,0.12542538633580871,0.6415094339622641,0.11191140609608555,0.43530266890358277,0.25,0.5,0.2533873658701874,0.5714285714285714,-0.1261332613441842,0.0,0.8478260869565217,0.6153846153846154,0.3441512286620811
syn_stu_000171,syn_crs_00007,0.7856517855519338,0.058823529411764705,1.0,0.2962962962962963,0.0,0.9090909090909091,0.9493933570463665,0.0,1.0,0.241512685012357,1,0.40476190476190477,0,0.2222222222222222,0.25,0.15789473684210525,0.5,0.41643911049940097,1.49891413473815,0.169811320754717,0.22896903105920932,0.5451859949578145,0.0,1.0,0.5138903841015048,0.07142857142857142,1.9587255287557856,0.0,0.34146341463414637,0.1,0.501017918555877
syn_stu_000172,syn_crs_00007,0.6091814465067021,0.11764705882352941,0.4,0.4074074074074074,0.0,0.8666666666666667,0.8675274291456827,0.0,0.6000000000000001,0.10742774891296601,1,0.47619047619047605,0,0.3703703703703704,0.2857142857142857,0.3157894736842105,0.0,0.36448590540028836,1.062940566160567,0.18867924528301888,0.13128248393748007,0.8661251550284007,0.25,0.6666666666666666,0.32129503749307636,0.5,-3.1011890987109814,0.0,0.3409090909090909,0.5384615384615384,0.6131280222066583
syn_stu_000173,syn_crs_00007,0.43628410063433914,0.058823529411764705,0.6000000000000001,0.2962962962962963,0.6666666666666666,0.9090909090909091,0.7020579014866016,0.13333333333333333,1.0,0.19226939304926066,0,0.5476190476190477,1,0.2222222222222222,0.14285714285714285,0.3157894736842105,0.0,0.2384787407941792,-1.50253514439637,0.7169811320754716,0.0465501907150487,0.7056762775008159,0.5,0.6,0.35306208310999143,0.14285714285714285,-0.8742632483574084,0.0,0.9148936170212766,0.2,0.6184674711536771
syn_stu_000174,syn_crs_00007,0.4937957540404082,0.11764705882352941,0.8,0.3333333333333333,0.3333333333333333,0.8461538461538461,0.7494644101030439,0.08333333333333333,0.8,0.1164064463523895,1,0.38095238095238093,0,0.2962962962962963,0.2857142857142857,0.21052631578947367,0.0,0.12212350803814197,1.5611243538580162,0.22641509433962265,0.23291793736638966,0.8372421802343198,0.0,1.0,0.2511718105181514,0.2857142857142857,-3.0018378084219837,0.0,0.425,0.36363636363636365,0.5512778445893011
syn_stu_000175,syn_crs_00007,0.6147714710247698,0.29411764705882354,0.2,0.2962962962962963,0.0,0.6666666666666666,0.8761083557507234,0.0,0.2,0.2173524801285616,1,0.8095238095238095,0,0.3703703703703704,0.3214285714285714,0.2631578947368421,0.0,0.2270122223229552,-1.2556803327708688,0.2830188679245283,0.09238733143007213,0.1500703308187327,0.0,1.0,0.10253094675654711,0.07142857142857142,3.881018460802035,0.0,0.3448275862068966,0.1,0.10320062532549029
syn_stu_000176,syn_crs_00007,0.640277411258117,0.3529411764705882,0.8,0.37037037037037035,0.0,0.6666666666666666,0.7253257268427171,0.0,1.0,0.016088951498531425,1,0.30952380952380953,0,0.48148148148148145,0.35714285714285715,0.3684210526315789,0.0,0.5111042824949255,1.3477015841300428,0.39622641509433965,0.09785495908748924,0.8917197490241237,0.25,0.8,0.3457544101916675,0.5714285714285714,-4.667338347631542,0.0,0.7027027027027027,0.6666666666666666,0.6108538176798876
syn_stu_000177,syn_crs_00007,0.4610804801735146,0.3529411764705882,0.8,0.25925925925925924,0.3333333333333333,0.6,0.7336357521196539,0.08333333333333333,0.8,0.40810668324300203,0,0.6428571428571428,0,0.3703703703703704,0.25,0.3684210526315789,0.0,0.1179691020125086,0.5731069763508951,0.7358490566037735,0.2335519717730189,0.6243252333826309,0.0,1.0,0.5688653069014692,0.14285714285714285,1.1172049699875808,0.0,0.8627450980392157,0.2222222222222222,0.5832606532004453
syn_stu_000178,syn_crs_00007,0.4318377435225692,0.23529411764705882,0.0,0.4074074074074074,0.0,0.7647058823529411,0.5617681762678043,0.0,0.2,0.09319949731765495,0,0.4285714285714286,0,0.44444444444444436,0.35714285714285715,0.3157894736842105,0.0,0.24699204129021882,-0.45024233566521626,0.4528301886792453,0.2619777688611304,0.8664649658352757,0.25,0.0,0.29007635378466073,0.3571428571428571,1.0222374375162222,0.0,0.6904761904761905,0.38461538461538464,0.6057086288453629
syn_stu_000179,syn_crs_00007,0.26264578682819895,0.29411764705882354,0.8,0.3333333333333333,0.0,0.6875,0.6108800710016199,0.0,0.8,0.12679687462054612,0,0.6428571428571428,0,0.4074074074074074,0.35714285714285715,0.2631578947368421,0.0,0.013287171621044936,-1.071955302717964,0.4716981132075472,0.08587339351340749,0.5928096159793604,0.0,1.0,0.5052348101571813,0.3571428571428571,0.8278143876423951,0.0,0.5882352941176471,0.45454545454545453,0.5108385332267061
syn_stu_000180,syn_crs_00007,0.5114103822695084,0.3529411764705882,0.2,0.3333333333333333,0.0,0.6470588235294118,0.6808097900163419,0.0,0.4,0.1527844912599678,1,0.2142857142857143,0,0.44444444444444436,0.2142857142857143,0.5263157894736842,0.0,0.46386813365908297,0.2663611116558478,0.20754716981132076,0.17755772670606546,0.4147293607903986,0.25,0.5,0.4016470644907847,0.5,-7.0346464919709035,0.0,0.48484848484848486,0.6363636363636364,0.4284973379280522
syn_stu_000181,syn_crs_00007,0.5899849477239413,0.23529411764705882,0.4,0.4444444444444444,0.0,0.7777777777777778,0.7725220312885459,0.0,1.0,0.01624304307734965,0,0.5476190476190477,0,0.48148148148148145,0.39285714285714285,0.3157894736842105,0.0,0.4125380540487914,0.16609483466190994,0.33962264150943394,0.028169925793873198,0.5661656776314523,0.75,0.4,0.3621859681163269,0.5,-6.068813418080728,0.0,0.48936170212765956,0.5,0.4925839004287859
syn_stu_000182,syn_crs_00007,0.5095155973562344,0.4117647058823529,0.0,0.3333333333333333,0.3333333333333333,0.6111111111111112,0.8136579129975636,0.3333333333333333,0.2,0.2510341358634588,1,0.2857142857142857,0,0.48148148148148145,0.25,0.5263157894736842,0.0,0.22546482623616998,-2.0931283935759364,0.4339622641509434,0.13722142245495147,0.6124530366792218,0.25,0.0,0.5894998540753881,0.3571428571428571,0.35116837057052186,0.0,0.7777777777777778,0.45454545454545453,0.6181787804101134
syn_stu_000183,syn_crs_00007,0.4946760417512618,0.058823529411764705,0.2,0.6296296296296297,0.0,0.95,0.5708676087419888,0.0,0.2,0.1675394155591187,1,0.4285714285714286,0,0.5555555555555556,0.5357142857142857,0.21052631578947367,0.0,0.3907900940759591,1.204146961920023,0.5283018867924528,0.24069868284535778,0.6353699761176795,0.0,1.0,0.20389334843544138,0.21428571428571427,-2.769354724576815,0.0,0.7857142857142857,0.15789473684210525,0.3653195047267174
syn_stu_000184,syn_crs_00007,0.42983213924952396,0.4117647058823529,0.4,0.2222222222222222,0.0,0.5333333333333333,0.4469872017724408,0.0,0.4,0.2519669642603721,1,0.40476190476190477,0,0.3703703703703704,0.25,0.3684210526315789,0.0,0.42579955946121134,2.313368125015058,0.33962264150943394,0.05268857638962421,0.5442251953645375,0.0,1.0,0.3517720081402197,0.14285714285714285,-1.9285668213107803,0.0,0.5609756097560976,0.25,0.4405249445246875
syn_stu_000185,syn_crs_00007,0.30041190722292865,0.3529411764705882,0.2,0.2222222222222222,0.0,0.5714285714285714,0.5828976100949247,0.0,0.4,0.3746721981134035,1,0.45238095238095233,0,0.3333333333333333,0.17857142857142855,0.42105263157894735,0.0,0.18825267443902152,1.7211539969428467,0.2830188679245283,0.19452896659889252,0.9033720827618508,0.25,0.5,0.5530104537119943,0.21428571428571427,-1.273619943566684,0.0,0.46511627906976744,0.375,0.7018514454334794
syn_stu_000186,syn_crs_00007,0.5185423879659625,0.4117647058823529,0.4,0.5185185185185185,0.0,0.6956521739130435,0.9387374045795912,0.0,0.6000000000000001,0.005056332452480296,1,0.47619047619047605,0,0.6666666666666667,0.4642857142857143,0.47368421052631576,0.0,0.30956669642720663,0.6300701603090605,0.3584905660377359,0.007408411582250042,0.7468312365547876,0.25,0.6666666666666666,0.19918282831998912,0.14285714285714285,-3.158904199605565,0.0,0.5454545454545454,0.125,0.46931435778931707
syn_stu_000187,syn_crs_00007,0.6161837618577496,0.23529411764705882,0.0,0.37037037037037035,0.0,0.75,0.945183764087622,0.0,0.2,0.10575726677518225,1,0.5476190476190477,0,0.4074074074074074,0.2857142857142857,0.3684210526315789,0.0,0.21344071799097472,-0.8998728707557373,0.13207547169811323,0.12136674225866478,0.6192586369276382,0.25,0.0,0.4942724844703492,0.42857142857142855,-3.6759287614377802,0.0,0.2553191489361702,0.5,0.5234350326543253
syn_stu_000188,syn_crs_00007,0.4831501817351141,0.29411764705882354,0.8,0.25925925925925924,0.0,0.6428571428571429,0.6006073759839613,0.0,0.8,0.19296853652228535,1,0.38095238095238093,0,0.3333333333333333,0.25,0.3157894736842105,0.5,0.43197203432161024,0.25788435383629116,0.32075471698113206,0.19561459158877786,0.3863984109117125,0.0,1.0,0.36092939525648143,0.21428571428571427,-0.00016621162422057788,0.0,0.55,0.3333333333333333,0.4358310018239952
syn_stu_000189,syn_crs_00007,0.4286295346522142,0.23529411764705882,0.0,0.37037037037037035,0.0,0.75,0.7616045678166228,0.0,0.0,0.025077374068643115,1,0.5952380952380951,0,0.4074074074074074,0.39285714285714285,0.21052631578947367,0.0,0.11886694202073701,-0.2629232977610006,0.169811320754717,0.185409072399804,0.6327972075037774,0.0,0.0,0.19216706227933403,0.42857142857142855,-5.718247074634464,0.0,0.2857142857142857,0.5,0.42182652548371297
syn_stu_000190,syn_crs_00007,0.5953511291322603,0.058823529411764705,0.0,0.18518518518518517,0.6666666666666666,0.875,0.7518707741032167,0.6666666666666666,0.2,0.0003331128286216624,0,0.6666666666666667,0,0.1111111111111111,0.17857142857142855,0.10526315789473684,0.0,0.4946289491350836,0.24860237893538695,0.7547169811320754,0.14034860564978507,0.33971153685871935,0.25,0.0,0.17909945634786892,0.0,-1.5174046023330294,0.0,0.8653846153846154,0.0,0.17849860581405871
syn_stu_000191,syn_crs_00007,0.2787952308024234,0.29411764705882354,0.4,0.25925925925925924,0.0,0.6428571428571429,0.4825409429722884,0.0,0.6000000000000001,0.2867349055207924,1,0.5238095238095237,0,0.3333333333333333,0.2857142857142857,0.2631578947368421,0.0,0.16635442885907603,1.872886426726595,0.22641509433962265,0.12657604000749767,0.29378812659680276,0.25,0.6666666666666666,0.2685331536147049,0.14285714285714285,-2.0022434775820077,0.0,0.3695652173913043,0.2222222222222222,0.21467479559287989
syn_stu_000192,syn_crs_00007,0.3176186720913167,0.11764705882352941,0.2,0.37037037037037035,0.0,0.8571428571428571,0.614272813673511,0.0,0.2,0.4497696860562169,1,0.45238095238095233,0,0.3333333333333333,0.3214285714285714,0.21052631578947367,0.0,0.11494971538545598,-0.2160393986482374,0.4528301886792453,0.4440464754110544,0.9381432008224146,0.0,1.0,0.16241814519707223,0.21428571428571427,-0.07105967330628883,0.0,0.6744186046511628,0.25,0.6105185321266009
syn_stu_000193,syn_crs_00007,0.6367830773431034,0.058823529411764705,0.2,0.6666666666666666,0.6666666666666666,0.9523809523809523,0.6598315267206957,0.3333333333333333,0.4,0.04734269651374657,1,0.5952380952380951,0,0.5925925925925926,0.5714285714285714,0.21052631578947367,0.0,0.511750990618657,-3.674660829526003,0.4528301886792453,0.29108548255622596,0.7268148129273777,0.25,0.5,0.35079842585187315,0.42857142857142855,7.16153764534199,0.0,0.5918367346938775,0.3,0.5298029933864393
syn_stu_000194,syn_crs_00007,0.5982843694455372,0.058823529411764705,0.6000000000000001,0.2962962962962963,0.3333333333333333,0.9090909090909091,0.813810614944734,0.1111111111111111,0.6000000000000001,0.17683902744810429,1,0.30952380952380953,0,0.2222222222222222,0.25,0.15789473684210525,0.0,0.40667315579755586,1.5990943140590914,0.5283018867924528,0.21557635054161162,0.5705731747474762,0.0,1.0,0.09062115189792179,0.21428571428571427,-2.9458448854167574,0.0,0.8918918918918919,0.3,0.31110661052955
syn_stu_000195,syn_crs_00007,0.5565089614934211,0.11764705882352941,0.2,0.25925925925925924,0.0,0.8181818181818182,0.6951884735193982,0.0,0.2,0.2505297522185205,1,0.47619047619047605,0,0.2222222222222222,0.2857142857142857,0.10526315789473684,0.5,0.35435301987418016,0.7944133936654685,0.7169811320754716,0.3279859812901717,0.8695140418760826,0.0,1.0,0.2619057082411999,0.21428571428571427,1.2191084900788958,0.0,0.9772727272727273,0.3333333333333333,0.6221369154887992
syn_stu_000196,syn_crs_00008,0.6503174429739728,0.5294117647058824,0.8,0.2962962962962963,0.0,0.5263157894736842,0.912187230797359,0.0,1.0,0.1782282149874048,1,0.2142857142857143,0,0.5185185185185186,0.2142857142857143,0.631578947368421,0.0,0.3115391645855069,0.29982832934507725,0.2830188679245283,0.09110476128549737,0.7410621909067614,0.25,0.8,0.07930314691277757,0.14285714285714285,0.6623814429114168,0.0,0.6060606060606061,0.2,0.402606818034027
syn_stu_000197,syn_crs_00008,0.6614513938509151,0.29411764705882354,0.8,0.4074074074074074,0.0,0.7222222222222222,0.6908889289328651,0.0,1.0,0.07967757362832256,0,0.7619047619047619,1,0.48148148148148145,0.3214285714285714,0.42105263157894735,0.0,0.6003574441682387,-2.3487520729134657,0.22641509433962265,0.1405735771000594,0.40883408109823777,0.25,0.8,0.05181472025129651,0.3571428571428571,1.6796887052293328,0.0,0.30357142857142855,0.38461538461538464,0.17056798642372165
syn_stu_000198,syn_crs_00008,0.4532124263133581,0.0,1.0,0.4814814814814815,0.0,1.0,0.5254634106350112,0.0,1.0,0.3288998540816294,0,0.5476190476190477,0,0.3703703703703704,0.42857142857142855,0.10526315789473684,0.0,0.30075709438407067,-1.6646347123080476,0.5660377358490566,0.07754322582697037,0.8584707301415285,0.0,1.0,0.3846483642857801,0.14285714285714285,-0.6398747296790749,0.0,0.7446808510638298,0.13333333333333333,0.5651775204047083
syn_stu_000199,syn_crs_00008,0.2554488308330568,0.4117647058823529,0.4,0.25925925925925924,0.0,0.5625,0.47959281891478484,0.0,0.4,0.12041432033505187,1,0.6904761904761905,0,0.4074074074074074,0.25,0.42105263157894735,0.0,0.02987392408937373,-1.4307745184155665,0.169811320754717,0.11227556184679631,0.3524803405919678,0.0,1.0,0.05719552444433383,0.07142857142857142,4.324367522397192,0.0,0.2641509433962264,0.1111111111111111,0.23621355698163754
syn_stu_000200,syn_crs_00008,0.7348093313439058,0.058823529411764705,0.4,0.3333333333333333,0.6666666666666666,0.9166666666666666,0.8611692988589826,0.3333333333333333,0.4,0.039295423663902665,1,0.47619047619047605,0,0.25925925925925924,0.25,0.21052631578947367,0.0,0.4720678249799154,-1.1674047588341552,0.22641509433962265,0.18365400699806436,0.7776815969438107,0.0,1.0,0.5038405538297014,0.21428571428571427,2.055893024615426,0.5,0.38636363636363635,0.2727272727272727,0.742234147613401
syn_stu_000201,syn_crs_00008,0.5706216169522469,0.29411764705882354,1.0,0.14814814814814814,0.0,0.5454545454545454,0.7839646132805326,0.0,1.0,0.07548593951270355,1,0.5,0,0.2222222222222222,0.17857142857142855,0.2631578947368421,0.5,0.27493698032637753,-0.9802300321444818,0.07547169811320754,0.11693765847580949,0.5429251640650796,0.0,1.0,0.3414091132243049,0.21428571428571427,2.1036169140058063,0.0,0.2,0.5,0.4841454229241193
syn_stu_000202,syn_crs_00008,0.3594522481325029,0.3529411764705882,0.6000000000000001,0.25925925925925924,0.0,0.6,0.45832863315177097,0.0,0.8,0.2852196472921263,0,0.6904761904761905,1,0.3703703703703704,0.2142857142857143,0.42105263157894735,0.0,0.16493154385665976,-2.3634350237054744,0.7735849056603773,0.16559379868948312,0.7254774883611248,0.25,0.75,0.4683665562899057,0.14285714285714285,-4.242746765295301,0.0,0.8679245283018868,0.2222222222222222,0.5778275735119842
syn_stu_000203,syn_crs_00008,0.7087446408279275,0.6470588235294118,0.6000000000000001,0.2222222222222222,0.0,0.42105263157894735,0.828412262338183,0.0,0.8,0.3062751159107537,1,0.45238095238095233,0,0.5185185185185186,0.25,0.5789473684210527,0.0,0.682928786495759,4.303305436969528,0.169811320754717,0.18680380546634673,0.6487549152589293,0.25,0.75,0.4403299532586607,0.42857142857142855,0.28901939342478444,0.0,0.32558139534883723,0.75,0.5332065235248538
syn_stu_000204,syn_crs_00008,0.4772739831388018,0.3529411764705882,0.2,0.2962962962962963,0.3333333333333333,0.625,0.7559511651306824,0.3333333333333333,0.2,0.1616152143885608,1,0.45238095238095233,0,0.4074074074074074,0.3214285714285714,0.3157894736842105,0.0,0.17227242245642854,3.0041851547068785,0.37735849056603776,0.3130799179454378,0.3330993447294149,0.0,1.0,0.27285138963914785,0.2857142857142857,-1.5295663023255166,0.0,0.5813953488372093,0.4,0.3053991672276487
syn_stu_000205,syn_crs_00008,0.319004534473589,0.11764705882352941,0.8,0.1111111111111111,0.0,0.7142857142857143,0.7604806410532866,0.0,1.0,0.09150571836913034,1,0.5952380952380951,0,0.07407407407407407,0.14285714285714285,0.10526315789473684,0.5,0.06103074091414408,0.5543287885281053,0.4339622641509434,0.12538054379572897,0.8812761899604523,0.25,0.8,0.07509601095607026,0.14285714285714285,-2.584907816307407,0.0,0.5714285714285714,0.4,0.377187676161106
syn_stu_000206,syn_crs_00008,0.6812555791232853,0.1764705882352941,0.6000000000000001,0.2962962962962963,0.3333333333333333,0.7692307692307693,0.9638633499787275,0.1111111111111111,0.6000000000000001,0.01655550839850153,1,0.33333333333333326,0,0.2962962962962963,0.25,0.2631578947368421,0.0,0.2585455142795277,-0.06731477476305593,0.32075471698113206,0.08860823096191311,0.5664799717506184,0.0,1.0,0.19613088790151473,0.21428571428571427,-1.8793934723520793,0.0,0.5789473684210527,0.3,0.3824788780927921
syn_stu_000207,syn_crs_00008,0.4369289577787624,0.29411764705882354,0.8,0.37037037037037035,0.0,0.7058823529411765,0.9126209243570238,0.0,0.8,0.0497809574686546,1,0.5714285714285714,0,0.44444444444444436,0.25,0.47368421052631576,0.0,0.023569672504159568,3.653061909921056,0.33962264150943394,0.06610715565145299,0.6952605999519162,0.0,1.0,0.44611113800948604,0.5,-0.16775703992862379,0.0,0.4791666666666667,0.5833333333333334,0.5998904128020057
syn_stu_000208,syn_crs_00008,0.4949621181419348,0.29411764705882354,0.4,0.07407407407407407,0.0,0.4444444444444444,0.6645654855349357,0.0,0.8,0.23793471938759508,1,0.6428571428571428,0,0.14814814814814814,0.03571428571428571,0.3684210526315789,0.0,0.37382895043563474,3.247530016177616,0.6981132075471698,0.36119991627973386,0.8455811895108268,0.5,0.5,0.3789778698470279,0.14285714285714285,1.3702933708323064,0.0,0.8235294117647058,0.5,0.7009264388783916
syn_stu_000209,syn_crs_00008,0.4897337726259418,0.4117647058823529,0.0,0.3333333333333333,0.3333333333333333,0.6111111111111112,0.837717474373142,0.3333333333333333,0.0,0.3176709648053974,0,0.38095238095238093,1,0.48148148148148145,0.35714285714285715,0.3684210526315789,0.0,0.2784863773051884,-1.479834808268483,0.4716981132075472,0.15030255189265754,0.7414459626912688,0.0,0.0,0.6268474591404487,0.3571428571428571,2.9448104548268037,0.0,0.75,0.45454545454545453,0.7386834485146846
syn_stu_000210,syn_crs_00008,0.622344390723822,0.7647058823529411,0.0,0.14814814814814814,0.0,0.3157894736842105,0.9508440613568943,0.0,0.0,0.024710315226364202,1,0.4285714285714286,0,0.5185185185185186,0.17857142857142855,0.6842105263157894,0.0,0.2974718855401371,0.4953528909347678,0.4528301886792453,0.12253582424430966,0.584187806634279,0.0,0.0,0.3080818535884676,0.14285714285714285,2.8040844254030213,0.0,0.6904761904761905,0.3333333333333333,0.5426310308560472
syn_stu_000211,syn_crs_00008,0.6013133480468866,0.23529411764705882,0.0,0.2962962962962963,0.0,0.7142857142857143,0.8244279760927624,0.0,0.0,0.2416375465004478,1,0.3571428571428571,0,0.3333333333333333,0.3214285714285714,0.21052631578947367,0.0,0.40502394122733404,-0.36480907324291145,0.24528301886792453,0.23817147185160042,0.9384895396273558,0.0,0.0,0.4849815560159116,0.07142857142857142,0.8780837541931741,0.0,0.46153846153846156,0.1,0.7957646389807811
syn_stu_000212,syn_crs_00009,0.5878424097739081,0.23529411764705882,0.4,0.2962962962962963,0.0,0.7142857142857143,0.8926585391647347,0.0,0.6000000000000001,0.03413291715589225,0,0.38095238095238093,0,0.3333333333333333,0.2857142857142857,0.2631578947368421,0.0,0.10075651374939838,-0.5387046781321287,0.5283018867924528,0.06190854495814891,0.43406424316740033,0.25,0.6666666666666666,0.24200382351470234,0.14285714285714285,0.1668705971259329,0.5,0.825,0.2,0.40776870367922236
syn_stu_000213,syn_crs_00009,0.5118969969900229,0.4117647058823529,0.6000000000000001,0.25925925925925924,0.0,0.5625,0.8989572421229748,0.0,1.0,0.191676662514999,1,0.7142857142857142,0,0.4074074074074074,0.2142857142857143,0.47368421052631576,0.5,0.038913213160440614,-0.3309424260552539,0.6981132075471698,0.32977492744837317,0.3374086179614018,0.5,0.6,0.2969979874090262,0.14285714285714285,-0.9734613645996373,0.0,0.7777777777777778,0.2222222222222222,0.31851337353893294
syn_stu_000214,syn_crs_00009,0.3541900844914938,0.47058823529411764,0.0,0.4074074074074074,0.0,0.6190476190476191,0.40584202623173354,0.0,0.0,0.2694120722329735,1,0.6428571428571428,0,0.5925925925925926,0.39285714285714285,0.47368421052631576,0.0,0.35400325405615,-0.17133547810196828,0.5094339622641509,0.11828671704842601,0.5751734310019283,0.0,0.0,0.31617553257131314,0.3571428571428571,-0.7427826135187422,0.0,0.6274509803921569,0.38461538461538464,0.4629172908641615
syn_stu_000215,syn_crs_00009,0.5196067892914952,0.4117647058823529,0.0,0.4814814814814815,0.0,0.6818181818181818,0.8735620513890162,0.0,0.0,0.20156598193293085,1,0.6190476190476191,0,0.6296296296296295,0.42857142857142855,0.47368421052631576,0.0,0.33227482240522677,0.42147276975549763,0.41509433962264153,0.2484963577941213,0.7636207836899694,0.0,0.0,0.44585454852887435,0.2857142857142857,-2.340879747763708,0.0,0.54,0.26666666666666666,0.5212291042679921
syn_stu_000216,syn_crs_00009,0.28350774688237523,0.47058823529411764,0.2,0.4074074074074074,0.0,0.6190476190476191,0.7488537840582647,0.0,0.4,0.196763095756276,1,0.30952380952380953,0,0.5925925925925926,0.25,0.6842105263157894,0.0,0.046528760930885704,0.43280161558761004,0.18867924528301888,0.10842447130690581,0.7870638193453734,0.25,0.5,0.3687963906464803,0.14285714285714285,-1.285377905704033,0.0,0.40540540540540543,0.15384615384615385,0.5844475452764093
syn_stu_000217,syn_crs_00009,0.6878145028007648,0.5294117647058824,0.2,0.18518518518518517,0.0,0.4375,0.8326485473404518,0.0,0.4,0.1116901413870279,1,0.47619047619047605,0,0.4074074074074074,0.14285714285714285,0.5789473684210527,0.0,0.6456057862559311,2.876361056346747,0.15094339622641512,0.1781745006509927,0.895472141609784,0.25,0.5,0.39637150095940865,0.3571428571428571,1.0614799769076835,0.0,0.29545454545454547,0.7142857142857143,0.6742298403783065
syn_stu_000218,syn_crs_00009,0.40870960732712674,0.1764705882352941,0.0,0.18518518518518517,0.0,0.7,0.7515726033339224,0.0,0.0,0.06394455989443809,1,0.5,0,0.18518518518518517,0.14285714285714285,0.2631578947368421,0.0,0.19896826608239968,-1.6137792971769374,0.0,0.17530899663318047,0.7276424830013634,0.0,0.0,0.3193552453534801,0.07142857142857142,4.6210594829733065,0.0,0.1111111111111111,0.14285714285714285,0.5093307990220023
syn_stu_000219,syn_crs_00009,0.5256926488702953,0.5882352941176471,0.6000000000000001,0.4074074074074074,0.0,0.5652173913043478,0.7466601076725874,0.0,0.6000000000000001,0.007392719819534342,0,0.16666666666666663,1,0.6666666666666667,0.42857142857142855,0.5263157894736842,0.0,0.2698638481762344,1.9338391024371744,0.05660377358490566,0.15595194509700197,0.8074385716596825,0.0,1.0,0.15900851306349284,0.3571428571428571,-0.44918035665169587,0.0,0.25806451612903225,0.38461538461538464,0.4061417438610341
syn_stu_000220,syn_crs_00009,0.4372451943957285,0.058823529411764705,1.0,0.3333333333333333,0.0,0.9166666666666666,0.7600966212253151,0.0,1.0,0.23202091715242198,1,0.5476190476190477,0,0.25925925925925924,0.14285714285714285,0.3684210526315789,0.5,0.12888847016221974,-2.150023029899111,0.2641509433962264,0.19629222485696507,0.6898739820036165,0.0,1.0,0.14239074978444613,0.42857142857142855,-2.4230464414251216,0.0,0.40425531914893614,0.5454545454545454,0.4952724867265143
syn_stu_000221,syn_crs_00009,0.6952642625878154,0.1764705882352941,0.2,0.25925925925925924,0.0,0.75,0.8858876743368685,0.0,0.2,0.11892577216557129,1,0.45238095238095233,0,0.25925925925925924,0.2857142857142857,0.15789473684210525,0.0,0.5029082232338857,0.4736902171388146,0.5660377358490566,0.06448531624095111,0.49880532683224627,0.0,1.0,0.0940590944816513,0.3571428571428571,2.907762395011798,0.0,0.813953488372093,0.5555555555555556,0.31673570372786886
syn_stu_000222,syn_crs_00009,0.353837431568717,0.23529411764705882,0.0,0.6296296296296297,0.0,0.8260869565217391,0.4668931363033754,0.0,0.0,0.2608579636370467,1,0.5714285714285714,0,0.6666666666666667,0.6071428571428571,0.2631578947368421,0.0,0.335673917682252,2.086699633953947,0.6226415094339622,0.17271213460610793,0.6865848389292859,0.0,0.0,0.4348606013550315,0.42857142857142855,-6.007246382515142,0.0,0.7916666666666666,0.3157894736842105,0.6467532322430464
syn_stu_000223,syn_crs_00009,0.2581725028992425,0.4117647058823529,0.2,0.18518518518518517,0.0,0.5,0.4052085765974472,0.0,0.2,0.3635745760605753,1,0.45238095238095233,0,0.3333333333333333,0.2142857142857143,0.3684210526315789,0.0,0.09593318972700499,1.1380590684388745,0.5283018867924528,0.20757933999237096,0.3962412327645595,0.0,1.0,0.1904203626140219,0.21428571428571427,3.1294484225200137,0.5,0.7674418604651163,0.42857142857142855,0.3304394695624861
syn_stu_000224,syn_crs_00010,0.393346062339895,0.5882352941176471,0.2,0.2222222222222222,0.0,0.4444444444444444,0.6881847149705654,0.0,0.2,0.46171265209452445,1,0.5238095238095237,0,0.48148148148148145,0.25,0.5263157894736842,0.0,0.24054805779325278,-0.6327440584238325,0.5283018867924528,0.09680880880668737,0.7016292476960166,0.0,1.0,0.05353165474699453,0.21428571428571427,-4.2985142711411966,0.0,0.717391304347826,0.375,0.4460026129271645
syn_stu_000225,syn_crs_00010,0.4412237975118047,0.058823529411764705,0.2,0.4814814814814815,0.0,0.9375,0.5952590335123759,0.0,0.4,0.07018941485560189,1,0.16666666666666663,0,0.4074074074074074,0.39285714285714285,0.21052631578947367,0.0,0.2960185524154283,0.569591891711038,0.33962264150943394,0.2657046474092625,0.5765573894183554,0.25,0.5,0.5130917227044475,0.5,1.9714788541064785,0.0,0.7419354838709677,0.4666666666666667,0.6029789877054966
syn_stu_000226,syn_crs_00010,0.5027397695798399,0.5294117647058824,0.0,0.4074074074074074,0.0,0.5909090909090909,0.7395286956981566,0.0,0.0,0.3504713742879787,1,0.6666666666666667,0,0.6296296296296295,0.39285714285714285,0.5263157894736842,0.0,0.18292612716543447,3.3045782491432405,0.22641509433962265,0.14183098427789637,0.5103596924910837,0.0,0.0,0.39836521479068016,0.0,-1.4282676345011882,0.0,0.3269230769230769,0.0,0.4203913514428821
syn_stu_000227,syn_crs_00010,0.5897336454337366,0.5882352941176471,0.4,0.3333333333333333,0.0,0.5238095238095238,0.8116446436482664,0.0,0.4,0.169333349188074,0,0.5476190476190477,0,0.5925925925925926,0.2857142857142857,0.631578947368421,0.0,0.4043659254180821,-1.183400290234975,0.6226415094339622,0.07368072320487065,0.7368237587555043,0.0,1.0,0.3601883246014321,0.14285714285714285,0.9627283033890257,0.0,0.8085106382978723,0.18181818181818182,0.5230575095693254
syn_stu_000228,syn_crs_00010,0.6335878709218483,0.5882352941176471,0.0,0.25925925925925924,0.0,0.47368421052631576,0.848281664662382,0.0,0.0,0.09879033516314611,1,0.45238095238095233,0,0.5185185185185186,0.2142857142857143,0.631578947368421,0.0,0.37452969477448567,1.133106308627163,0.33962264150943394,0.1564924604074857,0.44832275906987823,0.0,0.0,0.3588823140907587,0.3571428571428571,6.249448580127492,0.0,0.5348837209302325,0.5555555555555556,0.38218363486814955
syn_stu_000229,syn_crs_00010,0.4186734485668596,0.11764705882352941,0.6000000000000001,0.4814814814814815,0.0,0.8823529411764706,0.9457217074259766,0.0,0.8,0.3792544537554068,1,0.5952380952380951,0,0.44444444444444436,0.4642857142857143,0.15789473684210525,0.0,0.08931166756479696,1.9301741681261302,0.5849056603773585,0.06015732664794384,0.800397844531397,0.25,0.75,0.4353462336716324,0.21428571428571427,-2.513329864445334,0.0,0.7346938775510204,0.2,0.5695541286088934
syn_stu_000230,syn_crs_00010,0.5214077549532369,0.1764705882352941,0.2,0.2962962962962963,0.0,0.7692307692307693,0.7528640627828721,0.0,0.4,0.06377344229475206,1,0.6428571428571428,0,0.2962962962962963,0.25,0.2631578947368421,0.0,0.49565992681489895,-0.7760492114927203,0.8113207547169812,0.15540039104793923,0.7796193617608302,0.25,0.5,0.14142133852812375,0.14285714285714285,-3.001652598562789,0.0,0.9411764705882353,0.2,0.5487763291502985
syn_stu_000231,syn_crs_00010,0.5952389465258177,0.3529411764705882,0.0,0.4074074074074074,0.0,0.6842105263157895,0.809545013824926,0.0,0.0,0.16959827000948174,1,0.4285714285714286,0,0.5185185185185186,0.3214285714285714,0.47368421052631576,0.0,0.34820700566706764,3.470741719728771,0.5471698113207547,0.16646561475013544,0.5636820754474149,0.0,0.0,0.46614745116268175,0.07142857142857142,0.23463536513618574,0.0,0.8095238095238095,0.07692307692307693,0.5170282486156658
syn_stu_000232,syn_crs_00010,0.5358476404218597,0.0,0.0,0.3333333333333333,0.0,1.0,0.8156491268190899,0.0,0.0,0.03953463377453091,1,0.5952380952380951,0,0.2222222222222222,0.3214285714285714,0.05263157894736842,0.0,0.15134424969842772,4.146451915889589,0.33962264150943394,0.011110318997534082,0.9027139702167096,0.0,0.0,0.09683793655751605,0.2857142857142857,4.5759838731943985,0.0,0.46938775510204084,0.36363636363636365,0.5227513607267636
syn_stu_000233,syn_crs_00010,0.4884498418435636,0.5294117647058824,0.4,0.2962962962962963,0.0,0.5263157894736842,0.6511203786270074,0.0,0.4,0.07313674382072013,1,0.5476190476190477,0,0.5185185185185186,0.2142857142857143,0.631578947368421,0.5,0.34960270240973246,2.188060563248059,0.6792452830188679,0.17265931509759574,0.6528143979326001,0.0,1.0,0.13671044589891693,0.21428571428571427,0.5374951355054439,0.0,0.8723404255319149,0.3,0.3282109404562414
syn_stu_000234,syn_crs_00010,0.662659991295365,0.11764705882352941,0.4,0.5925925925925926,0.3333333333333333,0.9,0.8392041885120844,0.1111111111111111,0.6000000000000001,0.17790831172142427,1,0.40476190476190477,0,0.5555555555555556,0.6071428571428571,0.10526315789473684,0.0,0.271594951852689,2.192307943563809,0.22641509433962265,0.1052158280089219,0.37305241318994126,0.25,0.6666666666666666,0.24861914595984932,0.42857142857142855,0.1338471429559661,0.0,0.4146341463414634,0.3333333333333333,0.35176498534954254
syn_stu_000235,syn_crs_00010,0.5155465283511017,0.3529411764705882,0.2,0.3333333333333333,0.3333333333333333,0.6470588235294118,0.8419700796699539,0.3333333333333333,0.2,0.039485850892630195,1,0.5476190476190477,0,0.44444444444444436,0.3214285714285714,0.3684210526315789,0.0,0.3334627781067957,-3.457404739894166,0.18867924528301888,0.08430958030401432,0.8625955741816731,0.0,1.0,0.060646731284637566,0.2857142857142857,0.5072398221330311,0.0,0.3191489361702128,0.36363636363636365,0.4411484883254121
syn_stu_000236,syn_crs_00010,0.7040930046387396,0.058823529411764705,0.2,0.14814814814814814,0.3333333333333333,0.8571428571428571,0.8665276161414414,0.3333333333333333,0.2,0.11364503169659591,0,0.6190476190476191,1,0.07407407407407407,0.17857142857142855,0.05263157894736842,0.0,0.609656773979914,-2.6418476147316143,0.2641509433962264,0.16187036692280277,0.8578621778509024,0.0,1.0,0.11716377213982894,0.2857142857142857,-3.014015933759616,0.5,0.38,0.6666666666666666,0.5505615458153478
syn_stu_000237,syn_crs_00010,0.53729809833968,0.29411764705882354,0.4,0.4074074074074074,0.0,0.7222222222222222,0.6550074232741513,0.0,0.6000000000000001,0.11396444751463768,1,0.5952380952380951,0,0.48148148148148145,0.35714285714285715,0.3684210526315789,0.0,0.4055796036001186,-0.16888870125711475,0.32075471698113206,0.03925518617310521,0.8435142083831533,0.25,0.6666666666666666,0.33323653517516116,0.21428571428571427,0.5376828286064433,0.0,0.4489795918367347,0.23076923076923078,0.5541048189535948
syn_stu_000238,syn_crs_00010,0.4517555957732453,0.11764705882352941,0.2,0.1111111111111111,0.0,0.7142857142857143,0.7197496507967158,0.0,0.4,0.09612538159748374,1,0.6190476190476191,0,0.07407407407407407,0.14285714285714285,0.10526315789473684,0.0,0.13732405603291084,-1.3155065839897047,0.7547169811320754,0.07552127824105534,0.8284437865597213,0.25,0.5,0.13494043543675294,0.0,-1.1784919985287385,0.0,0.9,0.0,0.5482865074522923
syn_stu_000239,syn_crs_00010,0.5912411820873911,0.058823529411764705,0.0,0.5185185185185185,0.0,0.9411764705882353,0.8606588484770696,0.0,0.0,0.02257525507235094,1,0.7142857142857142,0,0.44444444444444436,0.39285714285714285,0.2631578947368421,0.0,0.3802137857501946,1.2517557897813671,0.5094339622641509,0.33284944572796216,0.7674072582344398,0.0,0.0,0.5732113025760266,0.5714285714285714,3.9673852218829153,0.0,0.5925925925925926,0.5,0.7173522789023117
syn_stu_000240,syn_crs_00010,0.39338290441706253,0.5294117647058824,0.4,0.25925925925925924,0.0,0.5,0.6801140231902824,0.0,0.4,0.026247939504537493,0,0.5238095238095237,0,0.48148148148148145,0.2857142857142857,0.47368421052631576,0.0,0.21257828558672792,-5.694645487210125,0.13207547169811323,0.04360414500231947,0.8283349014517797,0.0,1.0,0.05013732060810215,0.3571428571428571,2.3939633775332405,0.0,0.2608695652173913,0.5555555555555556,0.4159516192811893
syn_stu_000241,syn_crs_00010,0.5712793487251774,0.0,0.0,0.4814814814814815,0.0,1.0,0.6222437253824701,0.0,0.2,0.09383801889848932,1,0.4285714285714286,0,0.3703703703703704,0.35714285714285715,0.21052631578947367,0.0,0.4582886855443455,1.238814192828377,0.6415094339622641,0.11542824654144489,0.6113643246614042,0.25,0.0,0.2954251216996093,0.3571428571428571,-3.9712052990950815,0.0,0.9285714285714286,0.3333333333333333,0.5242867610085082
syn_stu_000242,syn_crs_00010,0.5259622570452388,0.23529411764705882,1.0,0.4444444444444444,0.3333333333333333,0.7777777777777778,0.9052684238627499,0.06666666666666667,1.0,0.11478630025552583,1,0.47619047619047605,0,0.48148148148148145,0.39285714285714285,0.3157894736842105,0.0,0.13333202463062294,-0.3514819995419229,0.4339622641509434,0.08047818000111524,0.8342669089976521,0.0,1.0,0.34525941520289666,0.5,-0.8493998427243776,0.5,0.6363636363636364,0.5,0.6472032269287029
syn_stu_000243,syn_crs_00010,0.4811237413711448,0.3529411764705882,0.6000000000000001,0.4814814814814815,0.6666666666666666,0.7142857142857143,0.7839584970329254,0.16666666666666666,0.8,0.11796131161473965,1,0.5,0,0.5925925925925926,0.5,0.3157894736842105,0.0,0.21275108793018654,-1.0835946414635969,0.33962264150943394,0.15652052747051112,0.8479170370524394,0.25,0.75,0.42587173533559647,0.2857142857142857,1.5839578160200714,0.5,0.5111111111111111,0.26666666666666666,0.6613759832615993
syn_stu_000244,syn_crs_00010,0.4932440598573795,0.058823529411764705,0.0,0.6666666666666666,0.0,0.9523809523809523,0.7652717081733951,0.0,0.2,0.13453642533144372,1,0.5,0,0.5925925925925926,0.6071428571428571,0.15789473684210525,0.0,0.17133495570323462,3.8131899048142803,0.4528301886792453,0.07764793860092609,0.5097637679042464,0.25,0.0,0.45639888042902105,0.9285714285714285,-2.944583163511006,0.0,0.6444444444444445,0.65,0.433400454303612
syn_stu_000245,syn_crs_00010,0.5421530052985916,0.6470588235294118,0.2,0.14814814814814814,0.0,0.35294117647058826,0.9369840082472736,0.0,0.2,0.023316654736325097,1,0.7142857142857142,0,0.44444444444444436,0.10714285714285714,0.6842105263157894,0.0,0.1609567873387331,-0.6161333504431051,0.5849056603773585,0.11075851198579685,0.8584920820809143,0.0,1.0,0.32997139541091486,0.21428571428571427,-3.237818154232744,0.0,0.6666666666666666,0.5,0.6342373560999299
syn_stu_000246,syn_crs_00010,0.6103086476406399,0.0,0.0,0.37037037037037035,0.3333333333333333,1.0,0.8677693413089655,0.3333333333333333,0.0,0.37124324272919845,1,0.38095238095238093,0,0.25925925925925924,0.39285714285714285,0.0,0.0,0.3668221722919669,-3.23352634441716,0.4339622641509434,0.08484677343548896,0.6553724515675969,0.0,0.0,0.500302433582371,0.21428571428571427,-1.3859408895865848,0.0,0.7,0.25,0.5811379450753003
syn_stu_000247,syn_crs_00010,0.562554373150175,0.23529411764705882,0.6000000000000001,0.2962962962962963,0.0,0.7142857142857143,0.6716868664050962,0.0,0.8,0.1343347487607744,1,0.5476190476190477,0,0.3333333333333333,0.2857142857142857,0.2631578947368421,0.0,0.4710795730104228,0.9139221384851338,0.5660377358490566,0.2872433684627794,0.8429507290931438,0.25,0.75,0.3821962102860995,0.2857142857142857,1.033323170109674,0.0,0.7446808510638298,0.4,0.6150408954554476
syn_stu_000248,syn_crs_00010,0.4031166246661063,0.11764705882352941,1.0,0.3333333333333333,0.0,0.8461538461538461,0.5221898682792648,0.0,1.0,0.4166424047976746,0,0.5238095238095237,0,0.2962962962962963,0.2857142857142857,0.21052631578947367,0.0,0.36614915640281953,0.7643446317644506,0.6792452830188679,0.17472606974045196,0.5781252413243323,0.0,1.0,0.28766055642597455,0.2857142857142857,3.1114570821709004,0.0,0.8913043478260869,0.36363636363636365,0.43658438123103416
syn_stu_000249,syn_crs_00011,0.48226894553251815,0.3529411764705882,0.0,0.1111111111111111,0.0,0.45454545454545453,0.8530454433916628,0.0,0.2,0.10224902183938843,1,0.6190476190476191,0,0.2222222222222222,0.14285714285714285,0.3157894736842105,0.0,0.20376679587137653,-0.3478749646284962,0.37735849056603776,0.0370263746394137,0.7913169865625972,0.25,0.0,0.4289741274530938,0.07142857142857142,0.6962230682216869,0.0,0.5,0.2,0.6086395050327829
syn_stu_000250,syn_crs_00011,0.3249264715697181,0.11764705882352941,0.2,0.4814814814814815,0.3333333333333333,0.8823529411764706,0.4284881382125648,0.1111111111111111,0.6000000000000001,0.05319004669494882,0,0.5238095238095237,0,0.44444444444444436,0.5,0.10526315789473684,0.0,0.2739350368902076,4.702584369651414,0.33962264150943394,0.02882660934238865,0.5095873528340017,0.5,0.3333333333333333,0.42448757743240695,0.7142857142857142,7.387008944311705,0.0,0.5,0.6666666666666666,0.4237562911780808
syn_stu_000251,syn_crs_00011,0.5732622397528058,0.4117647058823529,0.2,0.4814814814814815,0.0,0.6818181818181818,0.9030667747906365,0.0,0.2,0.3212600954680819,1,0.6428571428571428,0,0.6296296296296295,0.5,0.3684210526315789,0.0,0.24025060741455553,0.4201981246445924,0.15094339622641512,0.014249946160851758,0.7269963929874776,0.0,1.0,0.28849288473408924,0.2857142857142857,-2.030281383841416,0.0,0.2549019607843137,0.26666666666666666,0.43197661140395993
syn_stu_000252,syn_crs_00011,0.3785047670391085,0.1764705882352941,1.0,0.2222222222222222,0.0,0.7272727272727273,0.7378223882772019,0.0,1.0,0.3303740145658683,1,0.5714285714285714,0,0.2222222222222222,0.2142857142857143,0.21052631578947367,0.0,0.20631449641691957,2.0295821380103733,0.660377358490566,0.0090907548713953,0.5514093662530758,0.0,1.0,0.34847200975097736,0.14285714285714285,2.2210547340889013,0.0,0.8333333333333334,0.25,0.36385539362893043
syn_stu_000253,syn_crs_00011,0.6178848638279774,0.23529411764705882,0.2,0.1111111111111111,0.0,0.5555555555555556,0.9057924384459352,0.0,0.2,0.07755045171731632,0,0.5,0,0.14814814814814814,0.14285714285714285,0.21052631578947367,0.0,0.2355028190565859,0.6461355459774771,0.2641509433962264,0.14376185500925234,0.7537047400136372,0.0,1.0,0.22927908672733338,0.14285714285714285,-3.3272917206917594,0.0,0.4222222222222222,0.4,0.5064590359456645
syn_stu_000254,syn_crs_00011,0.544786381367611,0.4117647058823529,0.0,0.3333333333333333,0.0,0.6111111111111112,0.7047944143578195,0.0,0.0,0.14543559909426954,0,0.5952380952380951,1,0.48148148148148145,0.2857142857142857,0.47368421052631576,0.0,0.38293422262962296,2.5411330166809694,0.37735849056603776,0.10080670382425667,0.8393396882858709,0.0,0.0,0.03092492380075022,0.5714285714285714,4.832930452686586,0.0,0.5102040816326531,0.7272727272727273,0.31394167428395503
syn_stu_000255,syn_crs_00011,0.3829571839031522,0.0,0.4,0.6296296296296297,0.0,1.0,0.5976739568022492,0.0,1.0,0.15097211618896986,1,0.5,0,0.5185185185185186,0.6071428571428571,0.05263157894736842,0.0,0.2747493681294754,-0.661754053872173,0.7547169811320754,0.19030263070786388,0.7711620868133561,0.75,0.4,0.544305108056354,0.7857142857142857,4.07823376150256,0.0,1.0,0.5789473684210527,0.6940447391144728
syn_stu_000256,syn_crs_00011,0.3887892795430748,0.3529411764705882,0.6000000000000001,0.18518518518518517,0.0,0.5384615384615384,0.4611983849808588,0.0,1.0,0.08731239844021245,1,0.5952380952380951,0,0.2962962962962963,0.14285714285714285,0.42105263157894735,0.5,0.15472065689175435,-2.126836505730118,0.5094339622641509,0.5678658991829764,0.7279869857528064,0.5,0.6,0.2415561521088217,0.07142857142857142,2.1345232777050445,0.5,0.6530612244897959,0.14285714285714285,0.510079867442857
syn_stu_000257,syn_crs_00011,0.47457179688371687,0.1764705882352941,0.4,0.6296296296296297,0.0,0.8636363636363636,0.723331923842472,0.0,0.4,0.20346368384038305,1,0.4285714285714286,0,0.6296296296296295,0.6071428571428571,0.21052631578947367,0.0,0.22163243702877086,1.5314781785696667,0.15094339622641512,0.09731991518428995,0.5714325737864404,0.0,1.0,0.3319344874781082,0.9285714285714285,-5.209000558647258,0.0,0.30952380952380953,0.6842105263157895,0.4365472090619582
syn_stu_000258,syn_crs_00011,0.3722263277284867,0.0,1.0,0.6296296296296297,0.0,1.0,0.695857140179972,0.0,1.0,0.1582949117539725,0,0.6904761904761905,0,0.5185185185185186,0.4642857142857143,0.2631578947368421,0.0,0.18211039816905608,0.5985415949604938,0.32075471698113206,0.3598212028719529,0.8712285997256639,0.0,1.0,0.4894157028073391,0.2857142857142857,2.1067237326748525,0.0,0.41509433962264153,0.21052631578947367,0.7316485121088733
syn_stu_000259,syn_crs_00011,0.5871106643340225,0.5882352941176471,0.2,0.2222222222222222,0.0,0.4444444444444444,0.7436389012783526,0.0,0.2,0.012039569355924791,1,0.45238095238095233,0,0.48148148148148145,0.25,0.5263157894736842,0.0,0.2734103360043461,1.5904446776790409,0.32075471698113206,0.14428225612121207,0.4634232310935864,0.0,1.0,0.33287284713856996,0.3571428571428571,-2.4573982017851925,0.0,0.5116279069767442,0.625,0.3851444387680332
syn_stu_000260,syn_crs_00011,0.6203418043952617,0.3529411764705882,0.2,0.18518518518518517,0.0,0.5384615384615384,0.8624227019201101,0.0,0.2,0.21430195729605706,1,0.19047619047619047,0,0.2962962962962963,0.17857142857142855,0.3684210526315789,0.0,0.2427740905585094,-1.2334221977791193,0.49056603773584906,0.10251602455711886,0.7936105867633003,0.0,1.0,0.13278698063624758,0.14285714285714285,1.3608662364955308,0.0,0.96875,0.2857142857142857,0.4841271228173364
syn_stu_000261,syn_crs_00011,0.32033925202705393,0.058823529411764705,0.6000000000000001,0.37037037037037035,0.6666666666666666,0.9230769230769231,0.5546955259850208,0.2222222222222222,0.6000000000000001,0.195872032773877,0,0.5238095238095237,0,0.2962962962962963,0.35714285714285715,0.10526315789473684,0.0,0.17686107895978212,0.9603789783641294,0.41509433962264153,0.11040560870941436,0.6473660907607358,0.0,1.0,0.23272990580227387,0.0,-4.3639410188981715,0.0,0.5869565217391305,0.0,0.3421394005402925
syn_stu_000262,syn_crs_00011,0.48125048106325274,0.23529411764705882,0.6000000000000001,0.3333333333333333,0.0,0.7333333333333333,0.7845806149556314,0.0,0.6000000000000001,0.05228732622021857,1,0.5476190476190477,0,0.3703703703703704,0.35714285714285715,0.21052631578947367,0.0,0.2102183589804561,-3.1885497069577364,0.2641509433962264,0.19155560086497306,0.40310238338871784,0.0,1.0,0.16679453264455496,0.07142857142857142,0.8099468252537816,0.0,0.40425531914893614,0.09090909090909091,0.17285735427992074
syn_stu_000263,syn_crs_00011,0.3346249005426475,0.1764705882352941,0.4,0.5555555555555555,0.0,0.85,0.6470826639174607,0.0,0.4,0.004550690683006313,1,0.30952380952380953,0,0.5555555555555556,0.25,0.631578947368421,0.0,0.0679258287941653,-0.9595715128647965,0.2830188679245283,0.5761492582507571,0.5571540360040258,0.0,1.0,0.11156392681573075,0.14285714285714285,-1.0606615839239644,0.0,0.5405405405405406,0.11764705882352941,0.322592599361636
syn_stu_000264,syn_crs_00011,0.37569491026294993,0.11764705882352941,0.8,0.4814814814814815,0.6666666666666666,0.8823529411764706,0.6763313745251031,0.16666666666666666,0.8,0.23756743740741348,1,0.5952380952380951,0,0.44444444444444436,0.2857142857142857,0.42105263157894735,0.5,0.2640053203110633,-1.4093139166189876,0.4716981132075472,0.1706943793888352,0.7503451174212973,0.0,1.0,0.5488201635170381,0.14285714285714285,-2.3347028833628842,0.0,0.6122448979591837,0.13333333333333333,0.670725437951713
syn_stu_000265,syn_crs_00011,0.5356753500347,0.23529411764705882,0.6000000000000001,0.37037037037037035,0.0,0.75,0.7735259255044512,0.0,0.8,0.1918569856399612,1,0.5,0,0.4074074074074074,0.39285714285714285,0.21052631578947367,0.0,0.26535602397554253,0.9919205472488086,0.18867924528301888,0.005803293874499637,0.4880848228269607,0.25,0.75,0.3979661167387528,0.21428571428571427,1.7778056921280387,0.0,0.3333333333333333,0.25,0.49053852046369684
syn_stu_000266,syn_crs_00011,0.6331027595385559,0.11764705882352941,0.0,0.2222222222222222,0.0,0.8,0.6027900413677789,0.0,0.0,0.17346450750070533,1,0.5476190476190477,0,0.18518518518518517,0.14285714285714285,0.2631578947368421,0.0,0.5789009371677981,-0.9684340320616861,0.6226415094339622,0.13841095142254434,0.7587209281985751,0.0,0.0,0.627323707568931,0.21428571428571427,-0.15389882029919405,0.0,0.8085106382978723,0.375,0.6841592423872185
syn_stu_000267,syn_crs_00011,0.493959384065812,0.23529411764705882,0.8,0.25925925925925924,0.0,0.6923076923076923,0.6003359721035516,0.0,1.0,0.19258830009606404,1,0.6190476190476191,0,0.2962962962962963,0.2142857142857143,0.3157894736842105,0.5,0.32189391471758466,-2.745654302850112,0.22641509433962265,0.1202997519475097,0.6607028080487947,0.25,0.8,0.4657797440152863,0.21428571428571427,-0.6148823541770492,0.5,0.34,0.3333333333333333,0.575569647740529
syn_stu_000268,syn_crs_00011,0.4383227816372655,0.11764705882352941,0.0,0.4074074074074074,1.0,0.8666666666666667,0.6241569032428956,1.0,0.0,0.1423347147246849,1,0.40476190476190477,0,0.3703703703703704,0.39285714285714285,0.15789473684210525,0.0,0.24921328001017748,-1.1364844731110069,0.6037735849056604,0.28133046714739085,0.4093715622486513,0.0,0.0,0.30071138107132556,0.7142857142857142,2.2115779171842718,0.0,0.9024390243902439,0.7692307692307693,0.39435343720373
syn_stu_000269,syn_crs_00011,0.302050740028688,0.1764705882352941,0.2,0.3333333333333333,0.0,0.7857142857142857,0.4716539058012762,0.0,0.6000000000000001,0.11754907646831561,0,0.5,0,0.3333333333333333,0.25,0.3157894736842105,0.0,0.03823166822733877,1.1969772224111686,0.5849056603773585,0.1163213283868396,0.9661376618247646,0.5,0.3333333333333333,0.26248011440247165,0.3571428571428571,5.711874361595413,0.0,0.8,0.45454545454545453,0.6079209058353292
syn_stu_000270,syn_crs_00011,0.2507298177265969,0.23529411764705882,0.2,0.14814814814814814,0.3333333333333333,0.6,0.5203108787717345,0.16666666666666666,0.4,0.06263253780959181,1,0.5238095238095237,0,0.18518518518518517,0.14285714285714285,0.2631578947368421,0.0,0.0946833408164565,0.2621666074734915,0.13207547169811323,0.19988873008811858,0.7234561575380691,0.25,0.5,0.5841067477683084,0.21428571428571427,0.8270209664414183,0.0,0.2608695652173913,0.5,0.6831443620274025
syn_stu_000271,syn_crs_00011,0.6783319406653223,0.058823529411764705,0.2,0.3333333333333333,0.0,0.9166666666666666,0.7206956577593058,0.0,0.4,0.11127443137413431,1,0.5952380952380951,0,0.25925925925925924,0.25,0.21052631578947367,0.0,0.45414006438003734,-1.4901663269299514,0.6037735849056604,0.10660881763323765,0.5115699080247069,0.25,0.5,0.4019424479747652,0.14285714285714285,-5.417920496556027,0.0,0.7551020408163265,0.18181818181818182,0.4003156672741921
syn_stu_000272,syn_crs_00011,0.4451764361574942,0.1764705882352941,0.0,0.37037037037037035,0.0,0.8,0.7454097486037298,0.0,0.0,0.13836364151745953,1,0.5952380952380951,0,0.3703703703703704,0.25,0.3684210526315789,0.0,0.22215133437442686,1.6784276974274919,0.660377358490566,0.2632993163103262,0.6790962547878477,0.0,0.0,0.1346833304323478,0.7857142857142857,-4.674839537731088,0.0,0.8163265306122449,0.9166666666666666,0.3240682342276029
syn_stu_000273,syn_crs_00011,0.498058709000487,0.5882352941176471,0.2,0.3333333333333333,0.0,0.5238095238095238,0.8344996854062168,0.0,0.4,0.013047081288614641,1,0.5238095238095237,0,0.5925925925925926,0.2857142857142857,0.631578947368421,0.0,0.22771849751209974,3.1308139829342516,0.4716981132075472,0.04865640180338966,0.42287468228947733,0.25,0.5,0.16220886637266532,0.2857142857142857,0.20674407654138435,0.0,0.6521739130434783,0.36363636363636365,0.26584856691717573
syn_stu_000274,syn_crs_00011,0.5941465517043011,0.5294117647058824,0.0,0.18518518518518517,0.0,0.4375,0.8413217296196535,0.0,0.0,0.0334032230142105,1,0.38095238095238093,0,0.4074074074074074,0.14285714285714285,0.5789473684210527,0.0,0.40449295002975016,1.817655916269224,0.3584905660377359,0.23594883556132348,0.3171247905106941,0.0,0.0,0.16839964734205276,0.2857142857142857,3.0794113853874405,0.0,0.6,0.5714285714285714,0.28149974454148313
syn_stu_000275,syn_crs_00011,0.492528787322657,0.47058823529411764,0.8,0.14814814814814814,0.3333333333333333,0.42857142857142855,0.7172243556982216,0.06666666666666667,1.0,0.32024327180429796,0,0.8095238095238095,0,0.3333333333333333,0.17857142857142855,0.42105263157894735,0.0,0.33264789043273546,-4.6149893988466095,0.20754716981132076,0.06940552492164129,0.5964129585028641,0.25,0.8,0.26811114858453355,0.21428571428571427,0.40412416023346576,0.0,0.27586206896551724,0.5,0.39670980726537475
syn_stu_000276,syn_crs_00011,0.39024639064764927,0.1764705882352941,0.0,0.2962962962962963,0.0,0.7692307692307693,0.5939742252468861,0.0,0.0,0.1587197681901283,1,0.6428571428571428,0,0.2962962962962963,0.3214285714285714,0.15789473684210525,0.0,0.20579096169564112,0.47430993335098853,0.15094339622641512,0.019880568469412264,0.7217249195872973,0.0,0.0,0.6238059634310088,0.21428571428571427,1.5346967346564786,0.0,0.2549019607843137,0.3,0.7053058176340818
syn_stu_000277,syn_crs_00011,0.5515060944551693,0.4117647058823529,0.4,0.14814814814814814,0.0,0.46153846153846156,0.9129199943140145,0.0,0.4,0.05453135086087763,1,0.5238095238095237,0,0.2962962962962963,0.14285714285714285,0.42105263157894735,0.0,0.21323667630188087,-0.28366860517216264,0.5849056603773585,0.14181100590085755,0.6261624230722891,0.0,1.0,0.4204865240731243,0.14285714285714285,-0.17645871893633924,0.0,0.782608695652174,0.3333333333333333,0.47197569946698353
syn_stu_000278,syn_crs_00011,0.6069827950050096,0.23529411764705882,0.2,0.4444444444444444,0.0,0.7777777777777778,0.9532220885601297,0.0,0.2,0.40606960294669503,1,0.3571428571428571,0,0.48148148148148145,0.2857142857142857,0.47368421052631576,0.0,0.24777950298629814,-4.071485031040587,0.18867924528301888,0.1916198039135307,0.8414289020073797,0.0,1.0,0.26659469051882173,0.6428571428571428,2.886286927934483,0.0,0.38461538461538464,0.6428571428571429,0.5248860917163155
syn_stu_000279,syn_crs_00011,0.324455257138089,0.5294117647058824,0.2,0.1111111111111111,0.0,0.35714285714285715,0.5673291749367747,0.0,0.2,0.015802536378507037,1,0.7142857142857142,0,0.3333333333333333,0.14285714285714285,0.47368421052631576,0.0,0.1634510532735272,-2.5808293906592454,0.3584905660377359,0.03356466328659325,0.36444077745826525,0.0,1.0,0.1760975976522503,0.07142857142857142,1.849817474601843,0.0,0.4444444444444444,0.2,0.28237119965428975
syn_stu_000280,syn_crs_00011,0.43535559674919977,0.058823529411764705,0.4,0.5925925925925926,0.0,0.9473684210526315,0.6618589206792939,0.0,0.4,0.5596949178451107,1,0.40476190476190477,0,0.5185185185185186,0.5714285714285714,0.10526315789473684,0.0,0.19219183721708907,1.5981315995046175,0.37735849056603776,0.1220927999624168,0.7630190585523532,0.0,1.0,0.18118269901960218,0.8571428571428571,-3.0587304608158385,0.0,0.6097560975609756,0.6666666666666666,0.4387298675044006
syn_stu_000281,syn_crs_00011,0.3339832563329768,0.1764705882352941,0.8,0.07407407407407407,0.3333333333333333,0.5714285714285714,0.6458654594523369,0.06666666666666667,1.0,0.1368367908784446,1,0.3571428571428571,0,0.07407407407407407,0.07142857142857142,0.21052631578947367,0.0,0.13114378260239354,0.37134058986595503,0.20754716981132076,0.01901061479913325,0.965882362352679,0.25,0.8,0.3270998641599174,0.0,1.3434052299911792,0.0,0.41025641025641024,0.0,0.6215932656073142
syn_stu_000282,syn_crs_00011,0.5125707645974569,0.4117647058823529,0.4,0.5185185185185185,0.0,0.6956521739130435,0.6684469322263715,0.0,0.4,0.1947939004789148,1,0.5238095238095237,0,0.6666666666666667,0.35714285714285715,0.631578947368421,0.0,0.28344712496995605,0.16127074321540918,0.5283018867924528,0.12630416587134072,0.5414373217464759,0.0,1.0,0.4075203208576931,0.0,-4.627899799755544,0.0,0.717391304347826,0.0,0.3440581577633608
syn_stu_000283,syn_crs_00011,0.6525102978084542,0.11764705882352941,0.8,0.2962962962962963,0.0,0.8333333333333334,0.9389556326714674,0.0,1.0,0.15580011564222607,0,0.5714285714285714,1,0.25925925925925924,0.17857142857142855,0.3157894736842105,0.0,0.2940579546750695,-1.300185803162588,0.660377358490566,0.022277912186200156,0.7324507661083264,0.25,0.8,0.6277667306895983,0.21428571428571427,1.344071864667341,0.0,0.8333333333333334,0.3,0.7220710598589489
syn_stu_000284,syn_crs_00011,0.43621712922913813,0.23529411764705882,0.8,0.14814814814814814,0.0,0.6,0.8350830756138021,0.0,0.8,0.008071478128986467,1,0.5238095238095237,0,0.18518518518518517,0.17857142857142855,0.21052631578947367,0.5,0.03792987388841051,2.1645696620784936,0.6981132075471698,0.007290642109208416,0.5011374662365417,0.0,1.0,0.42798996737423994,0.0,-0.8475044927584472,0.0,0.9130434782608695,0.0,0.4586337668451751
syn_stu_000285,syn_crs_00011,0.6656971115402274,0.058823529411764705,0.4,0.37037037037037035,0.0,0.9230769230769231,0.7890688395522099,0.0,0.4,0.3124244385011095,1,0.4285714285714286,0,0.2962962962962963,0.39285714285714285,0.05263157894736842,0.0,0.6072950956635161,-2.4596048559647117,0.13207547169811323,0.02954330193120507,0.6686669304086826,0.0,1.0,0.4076611157776943,0.42857142857142855,0.48208192065578964,0.0,0.2857142857142857,0.5,0.4908976504412586
syn_stu_000286,syn_crs_00011,0.4175820132681085,0.058823529411764705,0.8,0.5185185185185185,0.0,0.9411764705882353,0.5530301726209874,0.0,1.0,0.3895158829974703,1,0.9285714285714286,0,0.44444444444444436,0.5357142857142857,0.05263157894736842,0.0,0.25102052265012864,-1.7758550390152337,0.5660377358490566,0.016143809710937863,0.357576162062265,0.25,0.8,0.06264465693937973,0.21428571428571427,0.9720468743041061,0.0,0.5555555555555556,0.1875,0.301740660019744
syn_stu_000287,syn_crs_00011,0.5592979036308323,0.0,0.2,0.5555555555555555,0.0,1.0,0.9190610534893955,0.0,0.4,0.05168417347720514,1,0.6190476190476191,0,0.44444444444444436,0.35714285714285715,0.3157894736842105,0.0,0.2882994700316696,-0.635513681231972,0.7358490566037735,0.21097931066719622,0.8075097672900897,0.25,0.5,0.16426704148443289,0.5714285714285714,0.8449113391890962,0.0,0.88,0.47058823529411764,0.44643172264145026
syn_stu_000288,syn_crs_00012,0.4146010340993654,0.3529411764705882,0.6000000000000001,0.25925925925925924,0.0,0.6,0.7130873395297942,0.0,0.6000000000000001,0.21070911918754298,1,0.5714285714285714,0,0.3703703703703704,0.17857142857142855,0.47368421052631576,0.0,0.11266070553529026,-3.0514718784271384,0.4339622641509434,0.16483496871981396,0.7683737514625626,0.0,1.0,0.40452962410365495,0.14285714285714285,4.2524238400075625,0.0,0.5833333333333334,0.2222222222222222,0.5606747545725701
syn_stu_000289,syn_crs_00012,0.6037187726723161,0.058823529411764705,0.8,0.6296296296296297,0.0,0.95,0.7199760231369229,0.0,0.8,0.17401501482427653,1,0.45238095238095233,0,0.5555555555555556,0.42857142857142855,0.3684210526315789,0.0,0.5026430504631519,-1.7633209846826936,0.5471698113207547,0.018892785318447593,0.7090233308520915,0.0,1.0,0.6420933583055922,0.8571428571428571,0.10223920807661134,0.0,0.7906976744186046,0.631578947368421,0.6274690716528682
syn_stu_000290,syn_crs_00012,0.7019790702743667,0.47058823529411764,0.6000000000000001,0.37037037037037035,0.0,0.6,0.8245919534548373,0.0,0.6000000000000001,0.1661326558189872,1,0.7142857142857142,0,0.5555555555555556,0.3214285714285714,0.5263157894736842,0.5,0.31637534372746984,2.123141502750617,0.5660377358490566,0.2737875563125329,0.815559420061952,0.0,1.0,0.6438030186654919,0.21428571428571427,0.5667518521954391,0.5,0.6481481481481481,0.25,0.7848697574976812
syn_stu_000291,syn_crs_00012,0.6096305867468299,0.0,0.6000000000000001,0.37037037037037035,0.0,1.0,0.9812127907313603,0.0,0.8,0.2588082990562766,1,0.23809523809523814,0,0.25925925925925924,0.35714285714285715,0.05263157894736842,0.0,0.36075363436077595,-1.6885741670953383,0.15094339622641512,0.07097958454485617,0.6939001012478998,0.25,0.75,0.5520651687495128,0.0,3.989450118366989,0.0,0.38235294117647056,0.0,0.6946721758304522
syn_stu_000292,syn_crs_00012,0.11636483100917475,0.4117647058823529,0.0,0.18518518518518517,0.0,0.5,0.2925331913589123,0.0,0.0,0.11024730745326285,1,0.23809523809523814,0,0.3333333333333333,0.17857142857142855,0.42105263157894735,0.0,0.2069274663322101,1.561752398386964,0.18867924528301888,0.025695089276711852,0.8352574234817984,0.0,0.0,0.07947920389102635,0.0,5.690402468025207,0.0,0.4411764705882353,0.0,0.5240629772937175
syn_stu_000293,syn_crs_00012,0.46812160777420303,0.23529411764705882,0.4,0.4814814814814815,0.0,0.7894736842105263,0.5646821729026161,0.0,0.4,0.056160084469340336,1,0.5952380952380951,0,0.5185185185185186,0.42857142857142855,0.3157894736842105,0.0,0.43531908695636423,1.2699018842213654,0.6226415094339622,0.39392344351525266,0.9083051646517974,0.0,1.0,0.08432025136513246,0.5,-0.05312798546621645,0.0,0.7755102040816326,0.4666666666666667,0.5625307446785854
syn_stu_000294,syn_crs_00012,0.44187270959227304,0.47058823529411764,0.4,0.3333333333333333,0.0,0.5789473684210527,0.8739048413739329,0.0,0.6000000000000001,0.13286353448001345,0,0.5476190476190477,1,0.5185185185185186,0.35714285714285715,0.42105263157894735,0.0,0.18139373972497225,-0.3368717566830354,0.22641509433962265,0.02350922259170824,0.6025454689298438,0.25,0.6666666666666666,0.25922688939420396,0.5,-1.5362565701634863,0.0,0.3617021276595745,0.6363636363636364,0.40102067621359566
syn_stu_000295,syn_crs_00012,0.7228966024156674,0.5294117647058824,0.0,0.4074074074074074,0.0,0.5909090909090909,0.7785933704454359,0.0,0.2,0.2758052357260383,1,0.5238095238095237,0,0.6296296296296295,0.3214285714285714,0.631578947368421,0.0,0.7398693204807922,-2.8378682319164246,0.6792452830188679,0.0947169683531151,0.605801366855444,0.25,0.0,0.38337278590338303,0.5714285714285714,-1.3875422796527748,0.0,0.8913043478260869,0.6153846153846154,0.5782085119023067
syn_stu_000296,syn_crs_00012,0.2913198261154851,0.11764705882352941,0.8,0.25925925925925924,0.0,0.8181818181818182,0.6450739696463363,0.0,1.0,0.06420686328701405,1,0.5238095238095237,0,0.2222222222222222,0.17857142857142855,0.2631578947368421,0.0,0.06732609634855073,0.12682841879432177,0.33962264150943394,0.09126035185862819,0.5080258282404347,0.25,0.8,0.24054624624761659,0.0,1.35216611396081,0.5,0.5,0.0,0.3645057836766271
syn_stu_000297,syn_crs_00012,0.4863241552833672,0.058823529411764705,0.2,0.5555555555555555,0.3333333333333333,0.9444444444444444,0.8848635445346743,0.3333333333333333,0.2,0.22442128044379286,0,0.5952380952380951,0,0.48148148148148145,0.5,0.15789473684210525,0.0,0.17823483228548725,-4.22162154217614,0.24528301886792453,0.18300366325041748,0.43741224099315645,0.0,1.0,0.40248732256917896,0.5,-0.6101628755199344,0.0,0.3673469387755102,0.4117647058823529,0.34281792581497766
syn_stu_000298,syn_crs_00012,0.358738679600441,0.0,0.2,0.3333333333333333,0.0,1.0,0.7600121458015523,0.0,0.2,0.0900161662865758,1,0.5476190476190477,0,0.2222222222222222,0.2857142857142857,0.10526315789473684,0.0,0.06395617930040408,-1.057804185479363,0.5471698113207547,0.10534284252155486,0.8295738343820754,0.0,1.0,0.7424696068293212,0.0,-5.247751947102195,0.0,0.723404255319149,0.0,0.7646975420238069
syn_stu_000299,syn_crs_00012,0.5668353478073779,0.0,0.2,0.7037037037037036,0.0,1.0,0.6525137738596577,0.0,0.2,0.13795309999394237,1,0.38095238095238093,0,0.5925925925925926,0.5,0.3157894736842105,0.0,0.3848617734453691,0.4865125538282059,0.2641509433962264,0.08014882752641501,0.9176192477990855,0.0,1.0,0.5879251264335842,0.5,3.369146247380275,0.0,0.475,0.3333333333333333,0.7690698275496141
syn_stu_000300,syn_crs_00012,0.6197955409128297,0.47058823529411764,0.8,0.25925925925925924,0.0,0.5294117647058824,0.9488766880056858,0.0,0.8,0.2590140544529307,1,0.7142857142857142,0,0.44444444444444436,0.2142857142857143,0.5263157894736842,0.0,0.2955673415544793,1.7390837937656363,0.37735849056603776,0.4438972992180234,0.4725301831192451,0.0,1.0,0.3586441816056975,0.3571428571428571,2.4461664033686565,0.0,0.46296296296296297,0.5555555555555556,0.38334592019010805
syn_stu_000301,syn_crs_00012,0.5358449968394756,0.23529411764705882,0.0,0.25925925925925924,0.6666666666666666,0.6923076923076923,0.6993874317766601,0.6666666666666666,0.0,0.040531732973374916,0,0.40476190476190477,0,0.2962962962962963,0.17857142857142855,0.3684210526315789,0.0,0.26475728158810197,-0.30349805629846244,0.6415094339622641,0.03710986049091411,0.6092238131748098,0.0,0.0,0.335960391812037,0.07142857142857142,3.4399294048559543,0.0,0.9512195121951219,0.1111111111111111,0.4799369749642293
syn_stu_000302,syn_crs_00012,0.6223293402177483,0.29411764705882354,0.0,0.4814814814814815,0.0,0.75,0.8607733797150875,0.0,0.0,0.015491327158924286,1,0.7619047619047619,0,0.5555555555555556,0.5,0.2631578947368421,0.0,0.37983715230336956,-1.2159356986210832,0.6981132075471698,0.127727573974435,0.32477732331761733,0.0,0.0,0.25710191250945047,0.6428571428571428,4.032376524261035,0.0,0.75,0.6,0.31776911172286426
syn_stu_000303,syn_crs_00012,0.4031194765831423,0.23529411764705882,0.8,0.4074074074074074,0.3333333333333333,0.7647058823529411,0.3934494611296438,0.08333333333333333,0.8,0.1400847193638221,1,0.23809523809523814,0,0.44444444444444436,0.35714285714285715,0.3157894736842105,0.5,0.3199304997402189,-1.3760399321296635,0.3584905660377359,0.2575467507426579,0.9361960806861451,0.0,1.0,0.38614740133509196,0.6428571428571428,0.5718378641132434,0.0,0.7058823529411765,0.6923076923076923,0.6817024090709332
syn_stu_000304,syn_crs_00012,0.4315697991011575,0.47058823529411764,0.2,0.4074074074074074,0.3333333333333333,0.6190476190476191,0.594591386368947,0.3333333333333333,0.2,0.1580887931301885,0,0.5,1,0.5925925925925926,0.39285714285714285,0.47368421052631576,0.0,0.2987627221770955,-0.9366007683678839,0.6415094339622641,0.22582748905058717,0.33251327388265967,0.0,1.0,0.17913780403233714,0.07142857142857142,0.7816588007000339,0.0,0.8666666666666667,0.07692307692307693,0.2885821826986955
syn_stu_000305,syn_crs_00012,0.6506631429195806,0.29411764705882354,0.0,0.37037037037037035,0.3333333333333333,0.7058823529411765,0.698310899040097,0.3333333333333333,0.0,0.1226583246872246,0,0.6666666666666667,0,0.44444444444444436,0.39285714285714285,0.2631578947368421,0.0,0.4435601837448316,1.2482661900950813,0.41509433962264153,0.03195659560139133,0.8316833661600057,0.0,0.0,0.406524427877866,0.3571428571428571,3.019974938599278,0.0,0.5192307692307693,0.4166666666666667,0.6101014750319627
syn_stu_000306,syn_crs_00012,0.5086777729335136,0.1764705882352941,0.0,0.37037037037037035,0.0,0.8,0.8966682141848554,0.0,0.2,0.07969143711429504,0,0.5238095238095237,0,0.3703703703703704,0.35714285714285715,0.21052631578947367,0.0,0.07359051380389856,0.700183081558111,0.4528301886792453,0.20371137554116947,0.7783490592528136,0.25,0.0,0.6644745755486113,0.14285714285714285,-3.645137266764636,0.0,0.6304347826086957,0.16666666666666666,0.6850476586088852
syn_stu_000307,syn_crs_00012,0.6591070082031668,0.29411764705882354,0.2,0.4444444444444444,0.3333333333333333,0.7368421052631579,0.9522974811268121,0.16666666666666666,0.4,0.12077888182536302,1,0.7619047619047619,0,0.5185185185185186,0.39285714285714285,0.3684210526315789,0.0,0.4438986473761759,-0.04403567514321877,0.33962264150943394,0.23918277912368316,0.2652902596152706,0.25,0.5,0.06082634217448954,0.14285714285714285,-1.0574234220371332,0.0,0.4107142857142857,0.14285714285714285,0.08954970811230742
syn_stu_000308,syn_crs_00012,0.543584969984015,0.1764705882352941,0.0,0.37037037037037035,0.3333333333333333,0.8,0.7650984168301221,0.3333333333333333,0.0,0.03828757989881508,1,0.6904761904761905,0,0.3703703703703704,0.35714285714285715,0.21052631578947367,0.0,0.2601565629470411,1.2600717787832254,0.24528301886792453,0.07690024844041701,0.45315009176352267,0.0,0.0,0.06000544917724845,0.07142857142857142,-0.1779717264240368,0.0,0.33962264150943394,0.08333333333333333,0.25217755601875413
syn_stu_000309,syn_crs_00012,0.6233731870811283,0.1764705882352941,0.6000000000000001,0.4074074074074074,0.0,0.8125,0.7157185659285438,0.0,1.0,0.16451309451516646,1,0.5952380952380951,0,0.4074074074074074,0.2142857142857143,0.47368421052631576,0.0,0.5283179686428624,0.0010678601337075645,0.5094339622641509,0.02921514336640382,0.5860714519390998,0.5,0.6,0.40067345129190846,0.42857142857142855,2.7658117847912407,0.0,0.6530612244897959,0.46153846153846156,0.46651093486519346
syn_stu_000310,syn_crs_00012,0.6454256098016415,0.6470588235294118,0.0,0.07407407407407407,0.0,0.26666666666666666,0.8067004936501065,0.0,0.0,0.013058633303595395,1,0.47619047619047605,0,0.3703703703703704,0.0,0.7368421052631579,0.0,0.504401494166088,-2.6696853523450295,0.37735849056603776,0.1862112798740986,0.6104695265873517,0.0,0.0,0.14164159281452707,0.07142857142857142,-1.6158229726442022,0.0,0.5681818181818182,0.25,0.37013465742809143
syn_stu_000311,syn_crs_00012,0.3747108807632673,0.23529411764705882,0.4,0.2222222222222222,0.0,0.6666666666666666,0.44634739155837977,0.0,0.4,0.05839445528778835,1,0.5476190476190477,0,0.25925925925925924,0.14285714285714285,0.3684210526315789,0.5,0.2934722415833429,-2.220648421250662,0.5660377358490566,0.04688540868170755,0.7492893618212862,0.0,1.0,0.24980375757212556,0.2857142857142857,-2.136447705184084,0.0,0.7446808510638298,0.5,0.3960171130534914
syn_stu_000312,syn_crs_00012,0.5674832465398605,0.4117647058823529,0.2,0.1111111111111111,0.3333333333333333,0.4166666666666667,0.9531678201661199,0.3333333333333333,0.2,0.13572231866754403,1,0.5714285714285714,0,0.25925925925925924,0.14285714285714285,0.3684210526315789,0.0,0.10667369950206866,1.2033568312209102,0.41509433962264153,0.23512353705646885,0.7040515786419285,0.0,1.0,0.6546573863067106,0.07142857142857142,-1.2929023786986273,0.5,0.5625,0.2,0.60343271289543
syn_stu_000313,syn_crs_00012,0.31218915082650944,0.058823529411764705,0.0,0.4074074074074074,0.0,0.9285714285714286,0.7395227675363231,0.0,0.2,0.06275644690750454,1,0.5,0,0.3333333333333333,0.3214285714285714,0.21052631578947367,0.0,0.09660679248313901,-2.7479679821705445,0.5094339622641509,0.34992782831790975,0.515675937070288,0.25,0.0,0.2692418650686487,0.5,1.408890795189628,0.0,0.7111111111111111,0.5384615384615384,0.4179578891320217
syn_stu_000314,syn_crs_00012,0.21887102777275713,0.11764705882352941,0.0,0.5555555555555555,0.0,0.8947368421052632,0.3832464485657521,0.0,0.0,0.3099312009555621,1,0.7619047619047619,0,0.5185185185185186,0.4642857142857143,0.2631578947368421,0.0,0.08958965175248755,-0.7619500714195361,0.8679245283018868,0.043636226715270225,0.6034747645405435,0.0,0.0,0.5259733793046377,0.5,-0.20482732448631527,0.0,0.9107142857142857,0.4117647058823529,0.48294999844488645
syn_stu_000315,syn_crs_00012,0.5756121321849338,0.1764705882352941,0.8,0.5555555555555555,0.0,0.85,0.6014132594227387,0.0,1.0,0.14989747213126903,0,0.5476190476190477,1,0.5555555555555556,0.39285714285714285,0.42105263157894735,0.5,0.4815439334873725,-0.22830814890967246,0.7547169811320754,0.014418980331236078,0.6041528025837598,0.25,0.8,0.26440478157806274,0.14285714285714285,-4.352204544679059,0.0,0.9574468085106383,0.11764705882352941,0.4247770404893891
syn_stu_000316,syn_crs_00012,0.507107242369645,0.058823529411764705,1.0,0.25925925925925924,0.3333333333333333,0.9,0.5925606423371863,0.06666666666666667,1.0,0.11280329243055033,1,0.30952380952380953,0,0.18518518518518517,0.25,0.10526315789473684,0.0,0.39683111589979836,-2.066718678028603,0.2641509433962264,0.2956260444941375,0.6791775126927583,0.0,1.0,0.4047502497614812,0.07142857142857142,-3.76073062507272,0.0,0.5135135135135135,0.1111111111111111,0.500424092006694
syn_stu_000317,syn_crs_00012,0.4393553686027203,0.0,0.0,0.6296296296296297,0.0,1.0,0.8243520331582143,0.0,0.0,0.3718431459048706,1,0.4285714285714286,0,0.5185185185185186,0.6071428571428571,0.05263157894736842,0.0,0.16699680298735506,-3.335481869779442,0.5849056603773585,0.22001968289932686,0.6244752703582536,0.0,0.0,0.33300803523812533,0.3571428571428571,0.40981136458494183,0.0,0.8571428571428571,0.2631578947368421,0.4340252559716516
syn_stu_000318,syn_crs_00012,0.4354512869596547,0.058823529411764705,0.2,0.4444444444444444,0.0,0.9333333333333333,0.8787722553584141,0.0,0.2,0.10414079382616648,1,0.5,0,0.3703703703703704,0.25,0.3684210526315789,0.0,0.2289065556117836,-2.3495392749067356,0.5849056603773585,0.523526585793874,0.49812351411696726,0.0,1.0,0.1363360261447446,0.5,0.5097076516895844,0.0,0.8,0.5,0.3214951380906587
syn_stu_000319,syn_crs_00012,0.6210768741838071,0.3529411764705882,0.6000000000000001,0.3333333333333333,0.0,0.6470588235294118,0.8983784015144275,0.0,1.0,0.05280333760694569,1,0.5714285714285714,0,0.44444444444444436,0.35714285714285715,0.3157894736842105,0.5,0.1736826801736045,-3.6194591340640545,0.2830188679245283,0.22682186513373934,0.7275444077008646,0.5,0.6,0.1321892609540742,0.5714285714285714,0.08275495021125964,0.0,0.4166666666666667,0.7272727272727273,0.4312948475066613
syn_stu_000320,syn_crs_00013,0.500261653177688,0.3529411764705882,0.4,0.25925925925925924,0.0,0.6,0.7762327781859537,0.0,0.4,0.1664399273297585,1,0.19047619047619047,0,0.3703703703703704,0.2142857142857143,0.42105263157894735,0.0,0.2429987331070518,1.2232628250499908,0.169811320754717,0.02527093881368503,0.7017406659831597,0.0,1.0,0.47244573212328955,0.14285714285714285,-1.4121360590107839,0.5,0.4375,0.2222222222222222,0.6144071438927206
syn_stu_000321,syn_crs_00013,0.5991272036737874,0.1764705882352941,0.0,0.6666666666666666,0.3333333333333333,0.8695652173913043,0.5571086673386587,0.3333333333333333,0.0,0.058797246995636945,0,0.5714285714285714,1,0.6666666666666667,0.5357142857142857,0.3684210526315789,0.0,0.48974078913401187,0.7949469176598576,0.2830188679245283,0.3415538470070791,0.651325432256753,0.0,0.0,0.05064669814922542,0.42857142857142855,2.362942358428757,0.0,0.4166666666666667,0.3,0.29588580322143077
syn_stu_000322,syn_crs_00013,0.417447300977798,0.4117647058823529,0.0,0.1111111111111111,0.0,0.4166666666666667,0.5462140145655308,0.0,0.0,0.04850564507249982,0,0.38095238095238093,1,0.25925925925925924,0.14285714285714285,0.3684210526315789,0.0,0.20918431240779378,-1.51925519629263,0.4339622641509434,0.0848924082615441,0.8426252145803922,0.0,0.0,0.32263171216432723,0.21428571428571427,1.1069417670440536,0.0,0.7,0.6,0.5384056232475039
syn_stu_000323,syn_crs_00013,0.4343157006257111,0.29411764705882354,0.4,0.2962962962962963,0.0,0.6666666666666666,0.7326471998100923,0.0,0.4,0.004263015482488721,1,0.23809523809523814,0,0.3703703703703704,0.3214285714285714,0.2631578947368421,0.0,0.21534555709701597,-2.734706324899445,0.3018867924528302,0.08390462927017489,0.6559073801558657,0.0,1.0,0.21259020081564947,0.07142857142857142,1.0047323313881078,0.0,0.6176470588235294,0.1,0.49041031605709157
syn_stu_000324,syn_crs_00013,0.26699520942100785,0.4117647058823529,0.6000000000000001,0.07407407407407407,0.0,0.36363636363636365,0.7354928700951024,0.0,0.6000000000000001,0.15361725144072824,1,0.2857142857142857,0,0.2222222222222222,0.0,0.5263157894736842,0.0,0.04864092765527942,2.332586750889208,0.22641509433962265,0.1612688776371694,0.8264522344971342,0.0,1.0,0.8188597809070595,0.21428571428571427,1.111191553729679,0.0,0.4722222222222222,0.75,0.8114243973893298
syn_stu_000325,syn_crs_00013,0.6732588257402998,0.11764705882352941,0.6000000000000001,0.3333333333333333,0.3333333333333333,0.8461538461538461,0.9081896768192824,0.1111111111111111,0.6000000000000001,0.17528639999533652,1,0.45238095238095233,0,0.2962962962962963,0.25,0.2631578947368421,0.5,0.48454291708076214,0.8806924040556646,0.5660377358490566,0.37339597263999125,0.7921351643513211,0.0,1.0,0.4591894826128106,0.07142857142857142,4.792244030330963,0.0,0.813953488372093,0.09090909090909091,0.6439567929522679
syn_stu_000326,syn_crs_00013,0.424831472397471,0.3529411764705882,0.0,0.18518518518518517,0.0,0.5384615384615384,0.5412494213393912,0.0,0.0,0.1290762760254267,1,0.16666666666666663,0,0.2962962962962963,0.17857142857142855,0.3684210526315789,0.0,0.31213776010577254,-1.2420752805449757,0.18867924528301888,0.0009370427840445996,0.7961077372298014,0.0,0.0,0.11423317335896267,0.0,-3.0728168326020526,0.0,0.4838709677419355,0.0,0.43031443622531507
syn_stu_000327,syn_crs_00013,0.6305104079056097,0.058823529411764705,0.2,0.3333333333333333,0.0,0.9166666666666666,0.9529442862175733,0.0,0.4,0.13183373822538644,1,0.30952380952380953,0,0.25925925925925924,0.35714285714285715,0.05263157894736842,0.0,0.263010527435886,2.3742442297369735,0.3018867924528302,0.17367339087940234,0.7830542942331243,0.25,0.5,0.434656179147041,0.42857142857142855,-1.2632112952120909,0.0,0.5675675675675675,0.5454545454545454,0.6316174718701537
syn_stu_000328,syn_crs_00013,0.5816099963536895,0.11764705882352941,0.0,0.4444444444444444,0.0,0.875,0.7782714134268622,0.0,0.2,0.00945271231403687,1,0.2857142857142857,0,0.4074074074074074,0.4642857142857143,0.10526315789473684,0.0,0.4960364399451043,0.27520914174802413,0.4716981132075472,0.13888114542009286,0.9682383702817867,0.25,0.0,0.4728242782977848,0.07142857142857142,-1.0090281909363612,0.5,0.8333333333333334,0.07142857142857142,0.5960938156925759
syn_stu_000329,syn_crs_00013,0.4975904064914481,0.058823529411764705,0.6000000000000001,0.4814814814814815,0.0,0.9375,0.5875658120961171,0.0,0.6000000000000001,0.23112513202325147,1,0.5952380952380951,0,0.4074074074074074,0.4642857142857143,0.10526315789473684,0.0,0.38981434258151015,0.6360288585010038,0.7169811320754716,0.18861970745192916,0.8753256632452465,0.0,1.0,0.26400892275083915,0.2857142857142857,3.7729974471434966,0.0,0.8775510204081632,0.26666666666666666,0.6272373984486893
syn_stu_000330,syn_crs_00013,0.5372876749971464,0.1764705882352941,0.2,0.2962962962962963,0.3333333333333333,0.7692307692307693,0.912952677902525,0.3333333333333333,0.2,0.06909551253226733,1,0.3571428571428571,0,0.2962962962962963,0.2857142857142857,0.21052631578947367,0.5,0.14385848133378562,-2.0839474202265413,0.4339622641509434,0.16103268629467643,0.5060564282633987,0.0,1.0,0.4298784452485333,0.42857142857142855,-1.1212605977997094,0.0,0.717948717948718,0.6,0.44520305286000283
syn_stu_000331,syn_crs_00013,0.5983106317651644,0.1764705882352941,0.0,0.14814814814814814,0.0,0.6666666666666666,0.915168061166008,0.0,0.2,0.05833184345299975,1,0.4285714285714286,0,0.14814814814814814,0.17857142857142855,0.15789473684210525,0.0,0.1828578857381581,-3.0324767904657315,0.18867924528301888,0.026758801739680645,0.7748481762976922,0.25,0.0,0.21097701856649853,0.07142857142857142,-2.3773780832088773,0.0,0.35714285714285715,0.16666666666666666,0.4304665774832085
syn_stu_000332,syn_crs_00013,0.5417109307736871,0.11764705882352941,0.8,0.37037037037037035,0.0,0.8571428571428571,0.8800426489048251,0.0,0.8,0.03463351221947319,0,0.6190476190476191,0,0.3333333333333333,0.2857142857142857,0.2631578947368421,0.0,0.23405991400231396,-3.14013785993816,0.20754716981132076,0.18273702251163068,0.8526392635488772,0.0,1.0,0.46058347791728393,0.5714285714285714,-0.3174263030930554,0.5,0.32,0.6666666666666666,0.6034865484210903
syn_stu_000333,syn_crs_00013,0.3066570417278463,0.1764705882352941,0.4,0.4444444444444444,0.3333333333333333,0.8235294117647058,0.5039712521035902,0.1111111111111111,0.6000000000000001,0.36817630628849135,1,0.5952380952380951,0,0.44444444444444436,0.2142857142857143,0.5263157894736842,0.0,0.06506689172364656,4.166066618066742,0.3584905660377359,0.09266805624525351,0.4212346236207088,0.25,0.6666666666666666,0.29341440745310016,0.2857142857142857,0.31372272338739937,0.0,0.4897959183673469,0.2857142857142857,0.3441451146705327
syn_stu_000334,syn_crs_00013,0.5153093182405103,0.23529411764705882,0.2,0.18518518518518517,0.0,0.6363636363636364,0.7071400105995143,0.0,0.4,0.06503732948631157,1,0.7380952380952381,0,0.2222222222222222,0.17857142857142855,0.2631578947368421,0.0,0.2946349309671632,-1.655146221881899,0.4716981132075472,0.007638118829732869,0.8219760383358833,0.25,0.5,0.32341806620974906,0.0,3.5891472904595787,0.0,0.5454545454545454,0.0,0.5671772817033471
syn_stu_000335,syn_crs_00013,0.7956289026599423,0.23529411764705882,0.0,0.4074074074074074,0.3333333333333333,0.7647058823529411,0.9966832273733516,0.3333333333333333,0.0,0.3341607207933303,1,0.5,0,0.44444444444444436,0.3214285714285714,0.3684210526315789,0.0,0.5070159106347719,0.1303469517101453,0.37735849056603776,0.11418015838458968,0.6330119022042603,0.0,0.0,0.28334074008684296,0.0,-1.1390594035292083,0.0,0.5555555555555556,0.0,0.46523599676892013
syn_stu_000336,syn_crs_00013,0.3527311803695627,0.058823529411764705,0.0,0.37037037037037035,0.3333333333333333,0.9230769230769231,0.7090508668982878,0.3333333333333333,0.0,0.014453231889215025,1,0.33333333333333326,0,0.2962962962962963,0.2857142857142857,0.21052631578947367,0.0,0.07840253654262641,0.9192259201651062,0.5660377358490566,0.2755281506836936,0.7128785023416961,0.0,0.0,0.662134493230289,0.3571428571428571,-2.062352988352736,0.0,0.9210526315789473,0.4166666666666667,0.6278738752051832
syn_stu_000337,syn_crs_00013,0.3252800691346315,0.4117647058823529,0.6000000000000001,0.2222222222222222,0.3333333333333333,0.5333333333333333,0.5120992059982838,0.08333333333333333,0.8,0.32468915318947494,1,0.5952380952380951,0,0.3703703703703704,0.25,0.3684210526315789,0.0,0.44554653107983905,-0.041646277527351686,0.5283018867924528,0.05876909321056342,0.6364873518717241,0.25,0.75,0.12126478178745141,0.21428571428571427,-2.72953891545887,0.0,0.673469387755102,0.375,0.4224346263730425
syn_stu_000338,syn_crs_00013,0.5814926603498847,0.058823529411764705,0.8,0.5925925925925926,0.0,0.9473684210526315,0.8743877601119968,0.0,1.0,0.49333496720806735,1,0.5,0,0.5185185185185186,0.4642857142857143,0.2631578947368421,0.5,0.31228386164006694,-0.3085010357320713,0.3584905660377359,0.3645388653026323,0.7912627911044027,0.25,0.8,0.3155719695348257,0.21428571428571427,-1.032855798316636,0.0,0.5333333333333333,0.16666666666666666,0.527203660309987
syn_stu_000339,syn_crs_00013,0.48311989111842324,0.29411764705882354,0.4,0.6296296296296297,0.3333333333333333,0.7916666666666666,0.6989120039586665,0.1111111111111111,0.6000000000000001,0.1375513554430261,0,0.5952380952380951,0,0.7037037037037037,0.5357142857142857,0.42105263157894735,0.0,0.29042439918985663,-0.35309789437733796,0.2830188679245283,0.41226894571916944,0.6464441265806071,0.25,0.6666666666666666,0.06882595161787067,0.7142857142857142,7.690963896279162,0.0,0.40816326530612246,0.5263157894736842,0.3289193467796388
syn_stu_000340,syn_crs_00013,0.3936686596900797,0.3529411764705882,0.0,0.5185185185185185,0.0,0.7272727272727273,0.6597922290533855,0.0,0.0,0.11895983707036649,1,0.5,0,0.6296296296296295,0.5,0.3684210526315789,0.0,0.24329697671498637,0.9598922973552039,0.4339622641509434,0.2983300437410097,0.9414048692788274,0.0,0.0,0.5230572857449608,0.2857142857142857,1.1472510489508458,0.0,0.6222222222222222,0.25,0.7209176554638316
syn_stu_000341,syn_crs_00013,0.4594331923557342,0.1764705882352941,0.4,0.2962962962962963,0.0,0.7692307692307693,0.6042326939032986,0.0,0.4,0.3309980777786038,1,0.8095238095238095,0,0.2962962962962963,0.25,0.2631578947368421,0.0,0.46543976177195123,-2.079606076908895,0.5283018867924528,0.25113753452168175,0.5409354462793683,0.0,1.0,0.2885140500531715,0.3571428571428571,1.794834428855708,0.0,0.5689655172413793,0.5,0.4478663238422014
syn_stu_000342,syn_crs_00013,0.3453458267226423,0.23529411764705882,0.2,0.2222222222222222,0.0,0.6666666666666666,0.5714712469616731,0.0,0.2,0.05456509893214719,1,0.5476190476190477,0,0.25925925925925924,0.2142857142857143,0.2631578947368421,0.0,0.17669050199945413,-0.8810741982031813,0.6415094339622641,0.4490173763723306,0.6748410933180401,0.0,1.0,0.4333017625491413,0.07142857142857142,-0.0008722316765791213,0.0,0.8297872340425532,0.125,0.5523763932162512
syn_stu_000343,syn_crs_00013,0.4580934019851544,0.058823529411764705,0.0,0.4444444444444444,0.0,0.9333333333333333,0.6712564472672423,0.0,0.0,0.048637974376112,1,0.16666666666666663,0,0.3703703703703704,0.39285714285714285,0.15789473684210525,0.0,0.25641808049422454,-4.607474138194412,0.15094339622641512,0.36365237715354043,0.8304098021965348,0.0,0.0,0.23915335967606127,0.5714285714285714,0.4121497982055296,0.0,0.41935483870967744,0.5714285714285714,0.5076643972879263
syn_stu_000344,syn_crs_00013,0.46128853144924725,0.1764705882352941,0.0,0.4814814814814815,0.3333333333333333,0.8333333333333334,0.5437103304096907,0.3333333333333333,0.0,0.018669765617771235,0,0.5476190476190477,0,0.48148148148148145,0.5,0.15789473684210525,0.0,0.3693239437570185,-3.7260935244934683,0.660377358490566,0.13116917551800636,0.955302581805613,0.0,0.0,0.08645185209841402,0.6428571428571428,2.3595343610833575,0.0,0.851063829787234,0.6,0.5046900352629007
syn_stu_000345,syn_crs_00013,0.3521788072379736,0.7058823529411764,0.2,0.25925925925925924,0.0,0.42857142857142855,0.8294818625958736,0.0,0.4,0.1376079787685564,1,0.33333333333333326,0,0.5925925925925926,0.2857142857142857,0.631578947368421,0.0,0.10340630550974313,-2.5960983727510705,0.169811320754717,0.4707664093231929,0.7119132026678963,0.25,0.5,0.6609711228888542,0.0,1.6880362389116168,0.5,0.3684210526315789,0.0,0.7473999627059156
syn_stu_000346,syn_crs_00013,0.4594269226328679,0.5294117647058824,0.2,0.18518518518518517,0.3333333333333333,0.4375,0.7690583747630154,0.16666666666666666,0.4,0.12502048351444112,1,0.8333333333333333,0,0.4074074074074074,0.2142857142857143,0.47368421052631576,0.0,0.32514946868324063,1.707493620685856,0.37735849056603776,0.38951155556775446,0.6404800611578542,0.25,0.5,0.1086432466899541,0.07142857142857142,1.0474675275852194,0.0,0.423728813559322,0.14285714285714285,0.42733023096532313
syn_stu_000347,syn_crs_00013,0.5995689450424894,0.23529411764705882,0.4,0.25925925925925924,0.0,0.6923076923076923,0.6110174036940487,0.0,0.6000000000000001,0.20393325662642356,1,0.6428571428571428,0,0.2962962962962963,0.2142857142857143,0.3157894736842105,0.0,0.4751649343312059,-0.5454048900895279,0.7358490566037735,0.5263452162683311,0.5842781240298593,0.25,0.6666666666666666,0.2859197188048121,0.07142857142857142,0.048359683543386406,0.0,0.8627450980392157,0.1111111111111111,0.45339088271761274
syn_stu_000348,syn_crs_00013,0.522644317001493,0.47058823529411764,0.4,0.3333333333333333,0.0,0.5789473684210527,0.8991780859108799,0.0,0.8,0.21565551553699783,1,0.3571428571428571,0,0.5185185185185186,0.25,0.5789473684210527,0.0,0.16507136244502618,1.3948148875430864,0.24528301886792453,0.16059539067776224,0.9130425422269879,0.5,0.5,0.5663252324041911,0.3571428571428571,-1.056918843271547,0.5,0.46153846153846156,0.45454545454545453,0.7471143478115819
syn_stu_000349,syn_crs_00013,0.5373866332948666,0.11764705882352941,0.2,0.4444444444444444,0.0,0.875,0.6817387281073848,0.0,0.2,0.0865820864559837,1,0.8333333333333333,0,0.4074074074074074,0.3214285714285714,0.3157894736842105,0.0,0.39327790198970086,0.7697709470499535,0.3584905660377359,0.2676107426362746,0.7020700466126912,0.0,1.0,0.25835563678280793,0.14285714285714285,1.2730227929553815,0.0,0.4067796610169492,0.14285714285714285,0.5958931765799178
syn_stu_000350,syn_crs_00013,0.27534764262441985,0.11764705882352941,0.0,0.4444444444444444,0.0,0.875,0.45070776256308676,0.0,0.2,0.28940311997948087,1,0.38095238095238093,0,0.4074074074074074,0.3214285714285714,0.3157894736842105,0.0,0.23331318565229311,0.5201920550515321,0.41509433962264153,0.11357375720845701,0.5255201476663728,0.25,0.0,0.14969052246686526,0.07142857142857142,0.2506737483985436,0.0,0.675,0.07142857142857142,0.36078106256081377
syn_stu_000351,syn_crs_00013,0.5087895890901007,0.23529411764705882,0.6000000000000001,0.18518518518518517,0.0,0.6363636363636364,0.9242560911174376,0.0,0.8,0.1900182638957774,1,0.5714285714285714,0,0.2222222222222222,0.2142857142857143,0.21052631578947367,0.0,0.0937634538293662,-1.8881744843607389,0.39622641509433965,0.07732472150034664,0.6874441979392251,0.25,0.75,0.36245213152334577,0.07142857142857142,6.398297643807638,0.5,0.5416666666666666,0.14285714285714285,0.5339786906334285
syn_stu_000352,syn_crs_00014,0.6364267671516994,0.5294117647058824,0.0,0.5185185185185185,0.0,0.64,0.8284632886867198,0.0,0.2,0.12502231476697429,1,0.5238095238095237,0,0.7407407407407407,0.4642857142857143,0.5789473684210527,0.0,0.48195734371590254,0.1498748509507299,0.32075471698113206,0.1708127678080994,0.9369784830788014,0.25,0.0,0.3319151291360921,0.0,3.1517851663274694,0.0,0.4782608695652174,0.0,0.6243426338890722
syn_stu_000353,syn_crs_00014,0.37907947962561006,0.23529411764705882,0.0,0.7037037037037036,0.0,0.84,0.5910066142204685,0.0,0.0,0.08883680482066006,1,0.5476190476190477,0,0.7407407407407407,0.6785714285714285,0.2631578947368421,0.0,0.2290055601420479,0.5089602183751508,0.18867924528301888,0.11591860562199377,0.8031772635752908,0.0,0.0,0.17291236802501195,0.7142857142857142,-2.022843090839167,0.0,0.3191489361702128,0.47619047619047616,0.5058851762924428
syn_stu_000354,syn_crs_00014,0.2095818758240256,0.058823529411764705,0.8,0.5185185185185185,0.0,0.9411764705882353,0.46527246235952846,0.0,1.0,0.20011446732063914,1,0.5952380952380951,0,0.44444444444444436,0.42857142857142855,0.21052631578947367,0.0,0.10007470632206907,4.401358149325548,0.22641509433962265,0.008130832520874706,0.6348186652405842,0.25,0.8,0.5408570400515081,0.3571428571428571,-3.508653434097688,0.0,0.3469387755102041,0.3125,0.4355751883643979
syn_stu_000355,syn_crs_00014,0.5077363528159826,0.3529411764705882,0.0,0.18518518518518517,0.0,0.5384615384615384,0.625011132109533,0.0,0.2,0.03445162952827216,1,0.7142857142857142,0,0.2962962962962963,0.2142857142857143,0.3157894736842105,0.0,0.477310286655607,-0.6920241325954009,0.6037735849056604,0.12266287383825465,0.7189935927732635,0.25,0.0,0.3222261623231195,0.21428571428571427,-1.1946413024857108,0.0,0.6851851851851852,0.42857142857142855,0.5719956555622819
syn_stu_000356,syn_crs_00014,0.8188273480089571,0.11764705882352941,0.0,0.25925925925925924,0.0,0.8181818181818182,0.8190634397308969,0.0,0.0,0.4176208534706025,1,0.6904761904761905,0,0.2222222222222222,0.2142857142857143,0.21052631578947367,0.0,0.6213895094847895,1.464438929121279,0.32075471698113206,0.04632378882574841,0.5162150926831623,0.0,0.0,0.3870613628761237,0.2857142857142857,-3.2496950495326518,0.0,0.41509433962264153,0.4444444444444444,0.3880497733901062
syn_stu_000357,syn_crs_00014,0.6592858198083813,0.29411764705882354,0.8,0.25925925925925924,0.0,0.6428571428571429,0.8215562553453566,0.0,0.8,0.21709754500147763,1,0.47619047619047605,0,0.3333333333333333,0.25,0.3157894736842105,0.0,0.5319624425750414,-0.24775870923084142,0.5471698113207547,0.157954470387788,0.7632718184465414,0.0,1.0,0.19926773064082065,0.21428571428571427,-1.3749342454342623,0.0,0.7727272727272727,0.3333333333333333,0.4453658348176141
syn_stu_000358,syn_crs_00014,0.4128721728074031,0.23529411764705882,0.4,0.37037037037037035,0.0,0.75,0.5085891899221283,0.0,0.6000000000000001,0.48723212312402925,1,0.3571428571428571,0,0.4074074074074074,0.35714285714285715,0.2631578947368421,0.0,0.2381931937862803,-1.4045018052561054,0.5471698113207547,0.18209726278637048,0.9186342405006912,0.25,0.6666666666666666,0.3371620661376542,0.21428571428571427,-2.908711363300148,0.0,0.8717948717948718,0.25,0.5578890272113693
syn_stu_000359,syn_crs_00014,0.5267465983243855,0.23529411764705882,0.0,0.37037037037037035,0.3333333333333333,0.75,0.7994198376876417,0.3333333333333333,0.0,0.3414912418373199,1,0.33333333333333326,0,0.4074074074074074,0.3214285714285714,0.3157894736842105,0.0,0.2737131388398624,1.739069728943555,0.22641509433962265,0.13341485436784464,0.7402398279512976,0.0,0.0,0.2590716712897117,0.2857142857142857,-0.9810901050404803,0.0,0.4473684210526316,0.3333333333333333,0.46283502577624336
syn_stu_000360,syn_crs_00014,0.662347856301183,0.29411764705882354,0.6000000000000001,0.4444444444444444,0.3333333333333333,0.7368421052631579,0.9278605313621346,0.06666666666666667,1.0,0.04576165162949311,1,0.47619047619047605,0,0.5185185185185186,0.39285714285714285,0.3684210526315789,0.0,0.4280467839550712,3.7831686754044647,0.22641509433962265,0.05591254258706123,0.6463432237982176,0.5,0.6,0.25700341685380906,0.5714285714285714,-0.9453626956175364,0.0,0.38636363636363635,0.5714285714285714,0.43465704960896506
syn_stu_000361,syn_crs_00014,0.3243925014332811,0.29411764705882354,0.2,0.25925925925925924,0.0,0.6428571428571429,0.3662209583013958,0.0,0.2,0.2001055178582364,1,0.7857142857142856,0,0.3333333333333333,0.2857142857142857,0.2631578947368421,0.0,0.3461643080049418,0.5240100601948701,0.32075471698113206,0.11812564756267982,0.9078845027921681,0.0,1.0,0.4840449965296444,0.14285714285714285,0.44151704237224393,0.0,0.38596491228070173,0.2222222222222222,0.7404323089536726
syn_stu_000362,syn_crs_00014,0.6914597006212831,0.29411764705882354,0.4,0.25925925925925924,0.0,0.6428571428571429,0.8826717216425131,0.0,0.8,0.02658596507720799,1,0.4285714285714286,0,0.3333333333333333,0.2857142857142857,0.2631578947368421,0.0,0.36568448017305566,-1.366067756271982,0.20754716981132076,0.3632100303276617,0.7720369487240325,0.5,0.5,0.6562928927804951,0.14285714285714285,-0.620632375086205,0.0,0.38095238095238093,0.2222222222222222,0.778618155930964
syn_stu_000363,syn_crs_00014,0.27018279925793076,0.5294117647058824,0.6000000000000001,0.2222222222222222,0.0,0.47058823529411764,0.37339599702538856,0.0,0.6000000000000001,0.13994412652451046,1,0.38095238095238093,0,0.44444444444444436,0.25,0.47368421052631576,0.0,0.12966241186736213,0.9349824221959252,0.2830188679245283,0.1313488699221285,0.669116115555721,0.0,1.0,0.1701992246224013,0.0,-2.706887140044609,0.5,0.5,0.0,0.5167129045503095
syn_stu_000364,syn_crs_00014,0.48504393029309967,0.29411764705882354,0.6000000000000001,0.4814814814814815,0.0,0.75,0.851264530233948,0.0,0.8,0.08205848941097221,1,0.23809523809523814,0,0.5555555555555556,0.39285714285714285,0.42105263157894735,0.0,0.19778424087421528,0.5588503748932087,0.5094339622641509,0.18792095576252618,0.7618441252132547,0.25,0.75,0.4078344990965755,0.2857142857142857,3.6447020525573737,0.0,0.9411764705882353,0.26666666666666666,0.5899511958976481
syn_stu_000365,syn_crs_00014,0.3860139519265301,0.29411764705882354,0.4,0.5925925925925926,0.3333333333333333,0.782608695652174,0.5649882032443028,0.08333333333333333,0.8,0.04755276415433482,1,0.7619047619047619,0,0.6666666666666667,0.42857142857142855,0.5263157894736842,0.0,0.24645070225152887,4.433008417756333,0.39622641509433965,0.048612538916638456,0.4416230950289239,0.5,0.5,0.1325785137418236,0.6428571428571428,1.208964902111795,0.5,0.4642857142857143,0.5,0.27614762725817743
syn_stu_000366,syn_crs_00014,0.5429033166031566,0.23529411764705882,0.6000000000000001,0.4444444444444444,0.6666666666666666,0.7777777777777778,0.9173998129999206,0.16666666666666666,0.8,0.129552232194356,0,0.7619047619047619,1,0.48148148148148145,0.3214285714285714,0.42105263157894735,0.0,0.060816119078488974,1.4843390617924108,0.5660377358490566,0.11028999772984807,0.889721361255947,0.25,0.75,0.428163295470312,0.5,-1.6333913929324886,0.0,0.625,0.5,0.6979207217377332
syn_stu_000367,syn_crs_00014,0.40714067634179707,0.11764705882352941,0.0,0.14814814814814814,0.0,0.75,0.8115553586712324,0.0,0.0,0.09660893213671687,1,0.45238095238095233,0,0.1111111111111111,0.14285714285714285,0.15789473684210525,0.0,0.2865798352580225,-1.867171679904888,0.5094339622641509,0.2530482245731481,0.5131252900767871,0.0,0.0,0.14379501259319896,0.21428571428571427,-2.6583799982531917,0.0,0.7441860465116279,0.5,0.28575296002054273
syn_stu_000368,syn_crs_00014,0.43277640893490005,0.058823529411764705,0.8,0.2962962962962963,0.0,0.9090909090909091,0.6102825691269032,0.0,1.0,0.0547126251112879,0,0.5476190476190477,1,0.2222222222222222,0.3214285714285714,0.05263157894736842,0.0,0.22422002672135058,2.5493866991857437,0.6415094339622641,0.022276734726455107,0.8880974200532066,0.25,0.8,0.07826728697396308,0.21428571428571427,-4.401685251395518,0.0,0.8297872340425532,0.3,0.43488984738779285
syn_stu_000369,syn_crs_00014,0.6183266226923926,0.4117647058823529,0.0,0.2962962962962963,0.0,0.5882352941176471,0.6914242626400705,0.0,0.0,0.4949025012266519,1,0.45238095238095233,0,0.44444444444444436,0.17857142857142855,0.5789473684210527,0.0,0.49146883519577245,1.5507200113897126,0.3018867924528302,0.12619265874117305,0.9164126012090267,0.0,0.0,0.22973633029377016,0.07142857142857142,-4.621412763469108,0.0,0.4883720930232558,0.1,0.5547138154386578
syn_stu_000370,syn_crs_00014,0.5479362896887361,0.47058823529411764,0.2,0.4814814814814815,0.3333333333333333,0.6521739130434783,0.6238209593646391,0.3333333333333333,0.2,0.1659086653745841,0,0.5238095238095237,0,0.6666666666666667,0.5,0.42105263157894735,0.0,0.5470262625702622,1.870792476551322,0.24528301886792453,0.052212545782747116,0.7165226724180012,0.0,1.0,0.46614413952347317,0.5714285714285714,3.1423756946350343,0.0,0.391304347826087,0.5333333333333333,0.5896413344595686
syn_stu_000371,syn_crs_00014,0.42024040232523197,0.5294117647058824,0.4,0.2962962962962963,0.0,0.5263157894736842,0.6706285474763203,0.0,0.4,0.2430501138619591,0,0.8809523809523809,0,0.5185185185185186,0.3214285714285714,0.47368421052631576,0.0,0.15439282646739766,0.8897840991401166,1.0,0.10175551736044891,0.6964354322946722,0.0,1.0,0.6306773359885024,0.21428571428571427,2.8238384613218583,0.0,0.9508196721311475,0.3,0.5602136166292422
syn_stu_000372,syn_crs_00014,0.6509073122529023,0.1764705882352941,0.2,0.4814814814814815,0.0,0.8333333333333334,0.8928109077278757,0.0,0.2,0.01528693287520035,1,0.30952380952380953,0,0.48148148148148145,0.42857142857142855,0.2631578947368421,0.0,0.3587727302814763,2.0166007935407264,0.2641509433962264,0.27003465592380166,0.550761891214198,0.0,1.0,0.08391038422402212,0.07142857142857142,-1.752777997599442,0.0,0.5135135135135135,0.06666666666666667,0.3706836112791428
syn_stu_000373,syn_crs_00014,0.2507270142771131,0.1764705882352941,0.4,0.3333333333333333,0.3333333333333333,0.7857142857142857,0.49831650138032374,0.1111111111111111,0.6000000000000001,0.05603875151274399,1,0.26190476190476186,0,0.3333333333333333,0.35714285714285715,0.15789473684210525,0.0,0.12625217662981875,0.8812467515090657,0.32075471698113206,0.050330982492413585,0.6369998598169155,0.25,0.6666666666666666,0.48948263793778474,0.14285714285714285,4.09854067183543,0.0,0.6285714285714286,0.18181818181818182,0.5752449699201385
syn_stu_000374,syn_crs_00014,0.539280431104498,0.23529411764705882,0.0,0.4444444444444444,0.0,0.7777777777777778,0.7773813076486362,0.0,0.0,0.2319436907736566,1,0.47619047619047605,0,0.48148148148148145,0.42857142857142855,0.2631578947368421,0.0,0.21698603425123175,-0.5087548577254887,0.5849056603773585,0.21448420269496823,0.5312641537667315,0.0,0.0,0.1295575850573569,0.2857142857142857,1.8502920119647888,0.0,0.8181818181818182,0.2857142857142857,0.37032074803728554
syn_stu_000375,syn_crs_00014,0.4566867821424025,0.7058823529411764,0.4,0.37037037037037035,0.0,0.5,0.6348906301806664,0.0,0.4,0.17329102454130924,0,0.6190476190476191,0,0.7037037037037037,0.2857142857142857,0.7894736842105263,0.0,0.24874892209999117,0.26843734722784696,0.5283018867924528,0.043188118224583516,0.7382066028151326,0.0,1.0,0.6437661195363942,0.14285714285714285,0.609760576129269,0.0,0.66,0.16666666666666666,0.6124620537182996
syn_stu_000376,syn_crs_00014,0.41524420931114076,0.5882352941176471,0.4,0.25925925925925924,0.0,0.47368421052631576,0.6746425901615802,0.0,0.4,0.15247798933208745,1,0.5238095238095237,0,0.5185185185185186,0.2142857142857143,0.631578947368421,0.0,0.1711431958523121,-0.23190273663702385,0.24528301886792453,0.18904065059213765,0.6986720575120645,0.0,1.0,0.2533291949896888,0.21428571428571427,2.585818962376806,0.0,0.391304347826087,0.3333333333333333,0.44274721491043256
syn_stu_000377,syn_crs_00014,0.457667303556583,0.29411764705882354,0.6000000000000001,0.37037037037037035,0.0,0.7058823529411765,0.6697204183016802,0.0,0.6000000000000001,0.04210257004395162,1,0.47619047619047605,0,0.44444444444444436,0.35714285714285715,0.3157894736842105,0.0,0.2351213499592651,0.6827724355607884,0.22641509433962265,0.19675616563648296,0.7419769439477023,0.0,1.0,0.5257834000698892,0.07142857142857142,1.8553825889174544,0.0,0.38636363636363635,0.08333333333333333,0.5980913280929386
syn_stu_000378,syn_crs_00014,0.48547084765117754,0.23529411764705882,0.6000000000000001,0.37037037037037035,0.3333333333333333,0.75,0.7465009753562881,0.1111111111111111,0.6000000000000001,0.04872547246543854,1,0.30952380952380953,0,0.4074074074074074,0.35714285714285715,0.2631578947368421,0.0,0.15372147965793337,0.15888477687380112,0.39622641509433965,0.10665006494654014,0.4798318730577094,0.0,1.0,0.23801677533068819,0.14285714285714285,0.4610323059216983,0.0,0.7027027027027027,0.16666666666666666,0.34878717109893204
syn_stu_000379,syn_crs_00014,0.4498515009006808,0.1764705882352941,0.6000000000000001,0.37037037037037035,0.0,0.8,0.5009347936728311,0.0,0.8,0.08489261988680313,0,0.2142857142857143,0,0.3703703703703704,0.3214285714285714,0.2631578947368421,0.5,0.1671565619554807,-0.6291635145686364,0.2641509433962264,0.025519158583829128,0.7129106195480855,0.25,0.75,0.4649470794357757,0.07142857142857142,-0.7201291389162491,0.0,0.5757575757575758,0.08333333333333333,0.5872507187205714
syn_stu_000380,syn_crs_00014,0.6955965796295696,0.11764705882352941,0.0,0.37037037037037035,0.0,0.8571428571428571,0.7222513242062395,0.0,0.0,0.34686824508339037,0,0.40476190476190477,0,0.3333333333333333,0.39285714285714285,0.10526315789473684,0.0,0.6079471947857042,-0.36321493149776246,0.5849056603773585,0.03492245438402792,0.4317668163152379,0.0,0.0,0.3734765896384759,0.42857142857142855,-0.3215860567318862,0.0,0.8780487804878049,0.5,0.44610102110592437
syn_stu_000381,syn_crs_00014,0.40904540468127887,0.3529411764705882,0.8,0.25925925925925924,0.0,0.6,0.46037375118724205,0.0,1.0,0.12622837987853577,1,0.6428571428571428,0,0.3703703703703704,0.25,0.3684210526315789,0.0,0.27665880929415215,-0.007198472266375271,0.6226415094339622,0.3223181147502607,0.8346950073604114,0.25,0.8,0.25851582388946054,0.14285714285714285,-4.823924332902363,0.0,0.7450980392156863,0.2222222222222222,0.5515433825879202
syn_stu_000382,syn_crs_00014,0.5779023459500352,0.23529411764705882,0.4,0.14814814814814814,0.0,0.6,0.7681700508499334,0.0,0.4,0.12166962114510073,1,0.6428571428571428,0,0.18518518518518517,0.14285714285714285,0.2631578947368421,0.0,0.3682819579838164,-3.5621587943902084,0.7924528301886792,0.32671876406831146,0.8448736540643658,0.0,1.0,0.02202771139170715,0.21428571428571427,-2.4021887873116237,0.0,0.9215686274509803,0.5,0.3963822324720806
syn_stu_000383,syn_crs_00015,0.40151433542672965,0.11764705882352941,0.4,0.5185185185185185,0.0,0.8888888888888888,0.5055489723635973,0.0,0.4,0.27526135905783394,1,0.38095238095238093,0,0.48148148148148145,0.39285714285714285,0.3157894736842105,0.0,0.10731456890661469,2.048862467914793,0.6226415094339622,0.11732457298351781,0.6402090743228496,0.0,1.0,0.3012108912210069,0.07142857142857142,5.400483616938044,0.0,0.95,0.0625,0.5800956685637195
syn_stu_000384,syn_crs_00015,0.3487245476564702,0.11764705882352941,0.4,0.2962962962962963,0.0,0.8333333333333334,0.5839244239650012,0.0,0.6000000000000001,0.0407986418785432,1,0.6666666666666667,0,0.25925925925925924,0.14285714285714285,0.3684210526315789,0.0,0.2601240196853601,0.6958582112634435,0.7169811320754716,0.12918354674225138,0.8269895253479032,0.25,0.6666666666666666,0.6128552570620258,0.42857142857142855,-2.4823804400100813,0.5,0.8269230769230769,0.6,0.7066439357160914
syn_stu_000385,syn_crs_00015,0.20989742987696802,0.29411764705882354,0.0,0.5185185185185185,0.0,0.7619047619047619,0.49120376550712075,0.0,0.0,0.06805430388994704,0,0.5,0,0.5925925925925926,0.5,0.3157894736842105,0.0,0.10233127489363188,-1.2229778171891217,0.24528301886792453,0.07225471062716057,0.8644184546954783,0.0,0.0,0.1892506874664514,0.5,-5.551970313442586,0.0,0.4,0.4375,0.4814935288752897
syn_stu_000386,syn_crs_00015,0.6676727553751588,0.0,0.8,0.5925925925925926,0.3333333333333333,1.0,0.8016163790802446,0.08333333333333333,0.8,0.059738619732804366,1,0.5476190476190477,0,0.48148148148148145,0.5357142857142857,0.10526315789473684,0.0,0.5184258587048138,1.1823890704545448,0.3018867924528302,0.38338739587474774,0.7162810525637264,0.0,1.0,0.4678811451020989,0.5714285714285714,2.7118905303977163,0.0,0.44680851063829785,0.4444444444444444,0.4978235140360587
syn_stu_000387,syn_crs_00015,0.6365973540666396,0.3529411764705882,0.0,0.18518518518518517,0.0,0.5384615384615384,0.7701110993348137,0.0,0.2,0.2382513419597858,1,0.38095238095238093,0,0.2962962962962963,0.17857142857142855,0.3684210526315789,0.0,0.43706939031276876,-1.0162193904877732,0.4716981132075472,0.26608946197941885,0.7861564864283095,0.25,0.0,0.23075885610514565,0.14285714285714285,0.7458425680393301,0.0,0.75,0.2857142857142857,0.5129781596756788
syn_stu_000388,syn_crs_00015,0.38356135746628384,0.058823529411764705,1.0,0.37037037037037035,0.6666666666666666,0.9230769230769231,0.9134054431708418,0.13333333333333333,1.0,0.25433407786837936,1,0.40476190476190477,0,0.2962962962962963,0.3214285714285714,0.15789473684210525,0.0,0.11117883191292062,-1.0162806206844308,0.33962264150943394,0.49697265607678875,0.923516689947594,0.0,1.0,0.17172119876289363,0.5,0.9146176535103551,0.0,0.5609756097560976,0.5833333333333334,0.5821573134363571
syn_stu_000389,syn_crs_00015,0.4213148020589628,0.6470588235294118,0.0,0.3333333333333333,0.0,0.5,0.6129418248312455,0.0,0.0,0.08677312044726379,0,0.23809523809523814,0,0.6296296296296295,0.2857142857142857,0.6842105263157894,0.0,0.23003134207192277,0.7492732451369652,0.15094339622641512,0.1804217576827459,0.8194912517158452,0.0,0.0,0.09380884726530729,0.2857142857142857,-0.472570633983569,0.0,0.38235294117647056,0.36363636363636365,0.39965153297245726
syn_stu_000390,syn_crs_00015,0.37807306657766804,0.3529411764705882,0.8,0.2962962962962963,0.0,0.625,0.5221400025174733,0.0,1.0,0.13133756632438243,1,0.5476190476190477,0,0.4074074074074074,0.3214285714285714,0.3157894736842105,0.0,0.25205510650169327,2.8612469633350104,0.5094339622641509,0.10660499885979237,0.518764493203683,0.25,0.8,0.27942630331412044,0.2857142857142857,2.7322842461183376,0.0,0.6808510638297872,0.4,0.43034491853271317
syn_stu_000391,syn_crs_00015,0.44864583248069007,0.11764705882352941,0.2,0.7777777777777778,0.3333333333333333,0.92,0.709436018854973,0.16666666666666666,0.4,0.4381097479435356,0,0.5,0,0.7407407407407407,0.7142857142857143,0.21052631578947367,0.0,0.11343982725540828,0.559750030711909,0.32075471698113206,0.08277507161418643,0.4647964864156701,0.25,0.5,0.3083311146100594,0.8571428571428571,4.589024529435958,0.0,0.4888888888888889,0.5217391304347826,0.3907458544796538
syn_stu_000392,syn_crs_00015,0.49169095211948505,0.11764705882352941,0.4,0.3333333333333333,0.0,0.8461538461538461,0.6900858245376951,0.0,0.6000000000000001,0.1863779687319121,1,0.5238095238095237,0,0.2962962962962963,0.2857142857142857,0.21052631578947367,0.0,0.2504225255692223,-1.5517525223476154,0.41509433962264153,0.29695923785334605,0.8815859496269586,0.25,0.6666666666666666,0.6015227478998776,0.07142857142857142,-1.5643454783440283,0.0,0.5869565217391305,0.09090909090909091,0.6528858966505564
syn_stu_000393,syn_crs_00015,0.5374281110203417,0.29411764705882354,1.0,0.2962962962962963,0.0,0.6666666666666666,0.7343348886276178,0.0,1.0,0.2154802790125743,1,0.6428571428571428,0,0.3703703703703704,0.2142857142857143,0.42105263157894735,0.0,0.5213435188997662,-0.7036263342495658,0.7169811320754716,0.019639289519230656,0.8787143639599072,0.0,1.0,0.16407844121631562,0.2857142857142857,1.8986450364220824,0.5,0.8431372549019608,0.4,0.5526806977294024
syn_stu_000394,syn_crs_00015,0.416013521563137,0.23529411764705882,0.0,0.5555555555555555,0.0,0.8095238095238095,0.6791013758363798,0.0,0.0,0.10109180947319993,1,0.5714285714285714,0,0.5925925925925926,0.5714285714285714,0.21052631578947367,0.0,0.2609313914454683,1.6980945897382693,0.5283018867924528,0.34330997204238756,0.590400976594064,0.0,0.0,0.2569123433241312,0.3571428571428571,3.3554889945537143,0.0,0.6875,0.29411764705882354,0.41040415030086697
syn_stu_000395,syn_crs_00015,0.41076744459193665,0.29411764705882354,0.2,0.2962962962962963,0.0,0.6666666666666666,0.4904418062176215,0.0,0.4,0.02976539634626003,0,0.6666666666666667,1,0.3703703703703704,0.14285714285714285,0.5263157894736842,0.0,0.41177205016995094,0.8085596591990255,0.5094339622641509,0.11389816056636892,0.7078398198579118,0.25,0.5,0.045503676924397184,0.0,-1.7332918885161384,0.0,0.6153846153846154,0.0,0.3203662711048081
syn_stu_000396,syn_crs_00015,0.6663454925624062,0.23529411764705882,0.6000000000000001,0.5555555555555555,0.3333333333333333,0.8095238095238095,0.9432178683495487,0.06666666666666667,1.0,0.14327595617916516,1,0.40476190476190477,0,0.5925925925925926,0.35714285714285715,0.5263157894736842,0.0,0.315578603181725,1.9189436284603292,0.4339622641509434,0.17226430245316723,0.8384664631069816,0.5,0.6,0.08498719665142708,0.5714285714285714,4.528734034587791,0.0,0.6829268292682927,0.47058823529411764,0.5095718939048228
syn_stu_000397,syn_crs_00015,0.5650277997300256,0.3529411764705882,0.0,0.2962962962962963,0.3333333333333333,0.625,0.8083327841511938,0.3333333333333333,0.0,0.14362247019155774,1,0.5476190476190477,0,0.4074074074074074,0.3214285714285714,0.3157894736842105,0.0,0.28425819210733666,0.7869141464762173,0.41509433962264153,0.10876404567020984,0.5721659650901156,0.0,0.0,0.2580272717549869,0.42857142857142855,3.3455016232565904,0.0,0.574468085106383,0.6,0.46198987790270646
syn_stu_000398,syn_crs_00015,0.2630174769971705,0.29411764705882354,0.0,0.37037037037037035,0.3333333333333333,0.7058823529411765,0.513603274640302,0.3333333333333333,0.0,0.1572079428266557,1,0.6190476190476191,0,0.44444444444444436,0.3214285714285714,0.3684210526315789,0.0,0.07450414755619841,1.5416638627644093,0.2830188679245283,0.1752877389171629,0.8981683494692887,0.0,0.0,0.04160200194160779,0.14285714285714285,-3.7260350315804898,0.0,0.4,0.16666666666666666,0.4124956276510811
syn_stu_000399,syn_crs_00015,0.43083700617979853,0.23529411764705882,0.6000000000000001,0.25925925925925924,0.0,0.6923076923076923,0.7205693009338467,0.0,0.6000000000000001,0.3485429784653408,1,0.23809523809523814,0,0.2962962962962963,0.2142857142857143,0.3157894736842105,0.0,0.12664998782892084,4.02599180928112,0.2830188679245283,0.289093741860234,0.7541108905179016,0.0,1.0,0.16003840609176334,0.42857142857142855,4.784933719093004,0.0,0.5882352941176471,0.6666666666666666,0.4717473480788486
syn_stu_000400,syn_crs_00015,0.4719009527497885,0.29411764705882354,0.0,0.4444444444444444,1.0,0.7368421052631579,0.8226472853017407,1.0,0.0,0.3192747164818429,0,0.7142857142857142,1,0.5185185185185186,0.4642857142857143,0.2631578947368421,0.0,0.22695527747449673,-2.7046401300295364,0.5094339622641509,0.002632591136833692,0.9017361501638061,0.0,0.0,0.43302992711509514,0.14285714285714285,-3.5687372482724076,0.0,0.5925925925925926,0.14285714285714285,0.6775467348798578
syn_stu_000401,syn_crs_00015,0.5939607867092049,0.058823529411764705,0.6000000000000001,0.4814814814814815,0.0,0.9375,0.7879607578585255,0.0,1.0,0.07001596153106393,0,0.6190476190476191,1,0.4074074074074074,0.4642857142857143,0.10526315789473684,0.0,0.19499694549848248,4.814287296936076,0.5849056603773585,0.15815682717145912,0.8415706104130609,0.5,0.6,0.17834751586978023,0.2857142857142857,-2.0623334923365317,0.5,0.72,0.26666666666666666,0.5065630596483797
syn_stu_000402,syn_crs_00015,0.6353628209451655,0.23529411764705882,0.8,0.25925925925925924,0.0,0.6923076923076923,0.6157618922742456,0.0,1.0,0.004289384084085644,1,0.47619047619047605,0,0.2962962962962963,0.2857142857142857,0.21052631578947367,0.0,0.5975280095503812,1.8729819630109217,0.20754716981132076,0.0391088631124048,0.7007477094271437,0.25,0.8,0.5057049317052569,0.2857142857142857,2.0509920079772845,0.0,0.36363636363636365,0.4444444444444444,0.5774435114352532
syn_stu_000403,syn_crs_00015,0.7075082145510889,0.1764705882352941,0.2,0.2962962962962963,0.0,0.7692307692307693,0.9737770619787454,0.0,0.2,0.03834596415550267,1,0.38095238095238093,0,0.2962962962962963,0.2142857142857143,0.3157894736842105,0.0,0.3626216694791563,5.2499442781482815,0.6415094339622641,0.04751916427582707,0.9189361476295148,0.0,1.0,0.30665961792015567,0.14285714285714285,3.1243790728919265,0.0,0.975,0.2,0.6053767631785091
syn_stu_000404,syn_crs_00015,0.5068314813226291,0.3529411764705882,0.0,0.3333333333333333,0.3333333333333333,0.6470588235294118,0.7384146427164924,0.3333333333333333,0.2,0.02422090243651418,1,0.5952380952380951,0,0.44444444444444436,0.35714285714285715,0.3157894736842105,0.0,0.13756721649022574,-1.9665038252696103,0.7169811320754716,0.22992904362563588,0.33471694767990395,0.25,0.0,0.199168895159918,0.14285714285714285,0.2960348415700922,0.0,0.8775510204081632,0.18181818181818182,0.3138680885501903
syn_stu_000405,syn_crs_00015,0.6934092403769371,0.47058823529411764,0.4,0.4074074074074074,0.6666666666666666,0.6190476190476191,0.7839276311230229,0.16666666666666666,0.8,0.07918085420255498,1,0.45238095238095233,0,0.5925925925925926,0.39285714285714285,0.47368421052631576,0.5,0.5012665303090447,0.7649029994263293,0.33962264150943394,0.12593330271427644,0.8601529284431763,0.5,0.5,0.17508303308787107,0.2857142857142857,-1.8896047807178062,0.0,0.5348837209302325,0.3076923076923077,0.5380755274465681
syn_stu_000406,syn_crs_00015,0.6023919616286119,0.11764705882352941,0.4,0.25925925925925924,0.0,0.8181818181818182,0.8035509988665149,0.0,0.6000000000000001,0.0491402237477712,0,0.5952380952380951,1,0.2222222222222222,0.25,0.15789473684210525,0.5,0.3980802932585535,0.3187531075219557,0.32075471698113206,0.015653259763115705,0.7735332129059243,0.25,0.6666666666666666,0.4425818906796445,0.14285714285714285,-0.7803392451134885,0.0,0.4489795918367347,0.2222222222222222,0.5116641596948237
syn_stu_000407,syn_crs_00015,0.294151892562898,0.29411764705882354,0.4,0.1111111111111111,0.0,0.5,0.5397521582900072,0.0,0.8,0.3427164611025642,1,0.6428571428571428,0,0.18518518518518517,0.14285714285714285,0.2631578947368421,0.0,0.06704812335927597,1.7670802725909125,0.4339622641509434,0.036076633572625874,0.8749994534845676,0.5,0.5,0.3390507571973025,0.0,-1.1354528156087504,0.0,0.5490196078431373,0.0,0.49985211229851256
syn_stu_000408,syn_crs_00015,0.4139265925479467,0.3529411764705882,1.0,0.1111111111111111,0.0,0.45454545454545453,0.43854119120604135,0.0,1.0,0.21555927571780564,0,0.2857142857142857,0,0.2222222222222222,0.03571428571428571,0.47368421052631576,0.0,0.2604835523719859,0.9395093426229728,0.32075471698113206,0.1400665859706511,0.7488523677973611,0.0,1.0,0.4087185616861034,0.07142857142857142,2.523665024213207,0.0,0.6111111111111112,0.2,0.48592982066687057
syn_stu_000409,syn_crs_00015,0.7209943505655779,0.11764705882352941,0.2,0.9999999999999999,0.3333333333333333,0.9354838709677419,0.8811806060414656,0.16666666666666666,0.4,0.14323183880944804,1,0.5952380952380951,0,0.962962962962963,0.9999999999999999,0.10526315789473684,0.0,0.5581545668609914,0.715470808653051,0.6037735849056604,0.023481259643756774,0.7854493319938921,0.25,0.5,0.08796023802989114,0.8571428571428571,-1.2176316719107767,0.0,0.7551020408163265,0.41379310344827586,0.36879414381184294
syn_stu_000410,syn_crs_00015,0.43023472313106215,0.0,0.0,0.3333333333333333,0.3333333333333333,1.0,0.8283428566958607,0.3333333333333333,0.2,0.31558570620853327,1,0.33333333333333326,0,0.2222222222222222,0.35714285714285715,0.0,0.0,0.10702836801729822,1.5578440063474184,0.5283018867924528,0.26192985844136557,0.5160649544708266,0.25,0.0,0.340360828544407,0.07142857142857142,-1.9555399538611953,0.0,0.868421052631579,0.09090909090909091,0.3904543276220868
syn_stu_000411,syn_crs_00015,0.4976053829466772,0.11764705882352941,0.6000000000000001,0.5185185185185185,0.0,0.8888888888888888,0.5602762897602716,0.0,0.6000000000000001,0.1675179702141537,1,0.5714285714285714,0,0.48148148148148145,0.4642857142857143,0.21052631578947367,0.5,0.23827122854287022,-0.21361922756688498,0.7547169811320754,0.4434335604800061,0.6627746321967606,0.0,1.0,0.15679209555272094,0.3571428571428571,-4.431738694104231,0.0,0.9375,0.3125,0.3871482376529587
syn_stu_000412,syn_crs_00015,0.6309169411090316,0.058823529411764705,0.6000000000000001,0.6296296296296297,0.3333333333333333,0.95,0.796872523319137,0.1111111111111111,0.6000000000000001,0.015674726375393782,1,0.5,0,0.5555555555555556,0.42857142857142855,0.3684210526315789,0.0,0.5585541473475576,-1.031659046657507,0.49056603773584906,0.04356590119553295,0.6297275517562939,0.0,1.0,0.4910234438155717,0.6428571428571428,-1.7826898899085222,0.0,0.6888888888888889,0.47368421052631576,0.5570974893607037
syn_stu_000413,syn_crs_00015,0.48698103195180975,0.11764705882352941,0.2,0.4074074074074074,0.0,0.8666666666666667,0.7825256890376497,0.0,0.4,0.1616009360891762,0,0.3571428571428571,0,0.3703703703703704,0.35714285714285715,0.21052631578947367,0.0,0.3649068823713057,0.9064989128994552,0.4528301886792453,0.06814304461541473,0.3874594017909148,0.25,0.5,0.3330376335072684,0.2857142857142857,-0.35510993424399945,0.0,0.7435897435897436,0.3076923076923077,0.3585565989501742
syn_stu_000414,syn_crs_00015,0.5525412109074919,0.4117647058823529,0.2,0.25925925925925924,0.0,0.5625,0.8098264549232735,0.0,0.2,0.25794983291457785,1,0.38095238095238093,0,0.4074074074074074,0.2857142857142857,0.3684210526315789,0.0,0.1959783309980287,-1.03562181543128,0.3018867924528302,0.14016327837425177,0.9073028740515523,0.0,1.0,0.3635501847147956,0.2857142857142857,-3.3911986842546056,0.0,0.525,0.4444444444444444,0.6329962258911076
syn_stu_000415,syn_crs_00015,0.4786298055158544,0.058823529411764705,0.2,0.25925925925925924,0.0,0.9,0.8653510361993684,0.0,0.2,0.08929553284256402,1,0.09523809523809523,0,0.18518518518518517,0.2857142857142857,0.05263157894736842,0.0,0.16503321389660822,-0.2510634954546144,0.3018867924528302,0.030209610160156775,0.8941040773478706,0.0,1.0,0.2299928475644349,0.21428571428571427,-5.234172980737062,0.0,0.75,0.3333333333333333,0.6192299744326712
syn_stu_000416,syn_crs_00016,0.6482027559919157,0.11764705882352941,0.6000000000000001,0.4074074074074074,0.0,0.8666666666666667,0.6631633558110369,0.0,0.6000000000000001,0.18450569577646028,0,0.3571428571428571,0,0.3703703703703704,0.35714285714285715,0.21052631578947367,0.0,0.5897324877564605,-2.8822188307771097,0.41509433962264153,0.035598250046959594,0.7326284711899419,0.0,1.0,0.5109594363973636,0.3571428571428571,2.9398756590724937,0.0,0.6923076923076923,0.38461538461538464,0.5379591260810889
syn_stu_000417,syn_crs_00016,0.42807550267694305,0.23529411764705882,0.4,0.2962962962962963,0.0,0.7142857142857143,0.6115097018668069,0.0,0.4,0.3241680963129355,1,0.19047619047619047,0,0.3333333333333333,0.3214285714285714,0.21052631578947367,0.0,0.06292021986819536,0.1118518202879069,0.37735849056603776,0.025285662029460396,0.34010630625250965,0.0,1.0,0.3312122888104147,0.07142857142857142,-3.001252739467126,0.0,0.78125,0.1,0.3523571204972624
syn_stu_000418,syn_crs_00016,0.5402553847532097,0.3529411764705882,0.4,0.25925925925925924,0.3333333333333333,0.6,0.7637108822904377,0.16666666666666666,0.4,0.14719229933105044,1,0.16666666666666663,0,0.3703703703703704,0.25,0.3684210526315789,0.0,0.4542845327364689,-1.8572886353921623,0.05660377358490566,0.04947510757278685,0.6607163913518223,0.0,1.0,0.6088063372120264,0.3571428571428571,-3.927994886855176,0.0,0.25806451612903225,0.5555555555555556,0.6512163326319058
syn_stu_000419,syn_crs_00016,0.4692445577944897,0.47058823529411764,0.0,0.2222222222222222,0.3333333333333333,0.5,0.6940977104073291,0.3333333333333333,0.0,0.34107790132036203,0,0.5952380952380951,1,0.4074074074074074,0.25,0.42105263157894735,0.0,0.2484829425507764,-0.065954509811676,0.32075471698113206,0.2240756423900849,0.679904882100515,0.0,0.0,0.6341578395598726,0.2857142857142857,4.708574309253766,0.0,0.4489795918367347,0.5,0.5938971426545196
syn_stu_000420,syn_crs_00016,0.46720146733868606,0.1764705882352941,0.8,0.18518518518518517,0.3333333333333333,0.7,0.40798980552450065,0.06666666666666667,1.0,0.3874217016443692,1,0.5952380952380951,0,0.18518518518518517,0.17857142857142855,0.21052631578947367,0.0,0.37807220684968557,-2.1720552099658508,0.4528301886792453,0.2014618055278846,0.40690773852994444,0.25,0.8,0.33993525515203554,0.07142857142857142,2.546318971377048,0.0,0.5918367346938775,0.14285714285714285,0.4001107243723792
syn_stu_000421,syn_crs_00016,0.3527653396260277,0.23529411764705882,0.6000000000000001,0.37037037037037035,0.0,0.75,0.3301685086456145,0.0,0.8,0.22829174129341534,1,0.47619047619047605,0,0.4074074074074074,0.39285714285714285,0.21052631578947367,0.0,0.30717352826663286,-0.03866376010459663,0.6792452830188679,0.2687855590435233,0.6378689367333106,0.25,0.75,0.3509367430021879,0.2857142857142857,3.076457010468734,0.5,0.9318181818181818,0.3333333333333333,0.5130314222472931
syn_stu_000422,syn_crs_00016,0.5586205473883963,0.058823529411764705,1.0,0.18518518518518517,0.3333333333333333,0.875,0.8948108827654014,0.06666666666666667,1.0,0.01402767853344998,0,0.40476190476190477,1,0.1111111111111111,0.17857142857142855,0.10526315789473684,0.0,0.24041229935598915,1.7994119868844292,0.39622641509433965,0.1467535924854167,0.6761699811600591,0.0,1.0,0.5022475168593377,0.21428571428571427,1.515602017339301,0.0,0.6341463414634146,0.42857142857142855,0.5870461204782366
syn_stu_000423,syn_crs_00016,0.6486169983494267,0.3529411764705882,0.6000000000000001,0.25925925925925924,0.6666666666666666,0.6,0.8266931740637037,0.16666666666666666,0.8,0.06973864720805431,1,0.5476190476190477,0,0.3703703703703704,0.2857142857142857,0.3157894736842105,0.0,0.2316028682693892,-1.1916810362813062,0.32075471698113206,0.12463218843785531,0.9461582090343599,0.25,0.75,0.2396960057038796,0.2857142857142857,3.934120353651394,0.0,0.46808510638297873,0.4444444444444444,0.4720423953744283
syn_stu_000424,syn_crs_00016,0.5432456817510313,0.47058823529411764,0.6000000000000001,0.37037037037037035,0.0,0.6,0.6092705387365559,0.0,0.6000000000000001,0.23830435146550452,1,0.9285714285714286,0,0.5555555555555556,0.2857142857142857,0.5789473684210527,0.0,0.4867525689990426,-1.8665803993602008,0.5283018867924528,0.11377854389757594,0.8610665202442356,0.0,1.0,0.11046479378259748,0.3571428571428571,2.6502096870039673,0.0,0.5238095238095238,0.4166666666666667,0.5339548821304616
syn_stu_000425,syn_crs_00016,0.706671984168618,0.29411764705882354,0.0,0.4814814814814815,0.0,0.75,0.859732959162672,0.0,0.2,0.07736315446378203,0,0.0,0,0.5555555555555556,0.4642857142857143,0.3157894736842105,0.0,0.5139235563217106,1.5632818586383328,0.15094339622641512,0.13399549484948364,0.5917584468058135,0.25,0.0,0.22897812022778075,0.7857142857142857,-1.0333207353568512,0.0,0.5416666666666666,0.7333333333333333,0.4217026283846087
syn_stu_000426,syn_crs_00016,0.49365576264169453,0.47058823529411764,0.2,0.37037037037037035,0.0,0.6,0.7406307491213875,0.0,0.6000000000000001,0.018993302294713462,1,0.45238095238095233,0,0.5555555555555556,0.2857142857142857,0.5789473684210527,0.0,0.08174532657098689,1.8265538628805065,0.5849056603773585,0.1241649859962234,0.9891772582366457,0.5,0.3333333333333333,0.3894169362103882,0.6428571428571428,-3.195144859523278,0.0,0.8372093023255814,0.75,0.7094760114546778
syn_stu_000427,syn_crs_00016,0.6789436455553138,0.0,0.6000000000000001,0.4814814814814815,0.0,1.0,0.7948089726325217,0.0,0.6000000000000001,0.02739423170921716,0,0.5238095238095237,1,0.3703703703703704,0.42857142857142855,0.10526315789473684,0.0,0.4649919613394454,0.8478421178909754,0.7169811320754716,0.2610940899918491,0.8006557526861272,0.0,1.0,0.2182449919116649,0.3571428571428571,-3.849437318983318,0.0,0.9347826086956522,0.3333333333333333,0.3399142233372444
syn_stu_000428,syn_crs_00016,0.5865754650596612,0.11764705882352941,0.4,0.3333333333333333,0.0,0.8461538461538461,0.7538971242062559,0.0,1.0,0.2264542519879332,0,0.45238095238095233,0,0.2962962962962963,0.3214285714285714,0.15789473684210525,0.0,0.28708184589081875,-0.9309054373316134,0.5849056603773585,0.06290006475012773,0.5831943627171733,0.75,0.4,0.35188313900690577,0.5714285714285714,-0.41909295251926904,0.0,0.8372093023255814,0.7272727272727273,0.44096289771786557
syn_stu_000429,syn_crs_00016,0.4746571780729526,0.11764705882352941,0.2,0.4444444444444444,0.0,0.875,0.6998528644349913,0.0,0.2,0.2631396747131355,1,0.7380952380952381,0,0.4074074074074074,0.39285714285714285,0.21052631578947367,0.0,0.33941544139254043,-1.2593716374865356,0.7547169811320754,0.10812432791016668,0.7729399670183871,0.0,1.0,0.34840993507415136,0.5,-3.299980840176805,0.0,0.8181818181818182,0.5,0.4889904806448737
syn_stu_000430,syn_crs_00016,0.5893883798465076,0.23529411764705882,0.0,0.37037037037037035,0.0,0.75,0.7502132577746532,0.0,0.0,0.021036230283166906,1,0.47619047619047605,0,0.4074074074074074,0.35714285714285715,0.2631578947368421,0.0,0.3057460236996011,-0.6629714413669708,0.3018867924528302,0.10055795116557562,0.5470938181278786,0.0,0.0,0.30102889211979883,0.42857142857142855,-2.3930473673020094,0.0,0.4772727272727273,0.5,0.4887324520101958
syn_stu_000431,syn_crs_00016,0.5856238074373132,0.058823529411764705,0.0,0.3333333333333333,0.0,0.9166666666666666,0.9287587605873724,0.0,0.0,0.07483712040525452,0,0.6428571428571428,0,0.25925925925925924,0.2857142857142857,0.15789473684210525,0.0,0.22552964518985688,-0.11832802095635823,0.39622641509433965,0.22823415536034258,0.561340929299946,0.0,0.0,0.2744405593281452,0.42857142857142855,-0.4568790838314801,0.0,0.5098039215686274,0.5454545454545454,0.362639699515724
syn_stu_000432,syn_crs_00016,0.3066903572707222,0.29411764705882354,0.2,0.4444444444444444,0.0,0.7368421052631579,0.4524069209193288,0.0,0.2,0.07797546750142599,1,0.5952380952380951,0,0.5185185185185186,0.42857142857142855,0.3157894736842105,0.0,0.23555168506646,-3.450853924636925,0.5660377358490566,0.298596980074051,0.41952932113977104,0.0,1.0,0.26131397490350244,0.0,4.193640836360453,0.0,0.7142857142857143,0.0,0.41438496419849624
syn_stu_000433,syn_crs_00016,0.26928503829703704,0.3529411764705882,0.2,0.037037037037037035,0.0,0.3333333333333333,0.46774827967916777,0.0,0.6000000000000001,0.1602605995370869,1,0.6904761904761905,0,0.14814814814814814,0.03571428571428571,0.3684210526315789,0.0,0.04862737257094334,-1.9662994561606801,0.5660377358490566,0.13855618626619284,0.4716735404643885,0.5,0.3333333333333333,0.4658128311656683,0.07142857142857142,-4.531732633458364,0.0,0.660377358490566,0.3333333333333333,0.516385656206711
syn_stu_000434,syn_crs_00016,0.528593013212433,0.4117647058823529,0.0,0.1111111111111111,0.0,0.4166666666666667,0.5592906758874596,0.0,0.0,0.02629570559972825,1,0.33333333333333326,0,0.25925925925925924,0.14285714285714285,0.3684210526315789,0.0,0.4788707217217166,2.501741085989211,0.169811320754717,0.3270180962644517,0.7708755429758603,0.0,0.0,0.031271001767514156,0.14285714285714285,0.08917632833480936,0.0,0.3684210526315789,0.4,0.4121407592287619
syn_stu_000435,syn_crs_00016,0.587960864149149,0.23529411764705882,0.0,0.18518518518518517,0.0,0.6363636363636364,0.8283561040941995,0.0,0.0,0.3336670156428576,1,0.5476190476190477,0,0.2222222222222222,0.2142857142857143,0.21052631578947367,0.0,0.160756773951778,0.414856011820805,0.660377358490566,0.20945398119296016,0.33499339578485,0.0,0.0,0.12396720961545386,0.14285714285714285,-3.754299318876949,0.0,0.851063829787234,0.2857142857142857,0.28624977405247853
syn_stu_000436,syn_crs_00016,0.5018323466658073,0.4117647058823529,0.4,0.2222222222222222,0.0,0.5333333333333333,0.5812942298079479,0.0,0.4,0.07890737935448632,1,0.33333333333333326,0,0.3703703703703704,0.17857142857142855,0.47368421052631576,0.0,0.3842408929608466,2.4539611155229393,0.18867924528301888,0.05578170519575996,0.7812043662558273,0.0,1.0,0.6498286497832043,0.21428571428571427,-1.6690295461680353,0.0,0.39473684210526316,0.375,0.6682956415504133
syn_stu_000437,syn_crs_00016,0.5359599438620024,0.4117647058823529,0.8,0.4444444444444444,0.0,0.6666666666666666,0.9486761234258313,0.0,0.8,0.1560819151363204,0,0.3571428571428571,1,0.5925925925925926,0.35714285714285715,0.5263157894736842,0.0,0.2013242437365848,2.0313526421412567,0.20754716981132076,0.09664213929130011,0.8349289627113554,0.0,1.0,0.5982543398703944,0.42857142857142855,2.789554631099613,0.0,0.41025641025641024,0.42857142857142855,0.6783283816145959
syn_stu_000438,syn_crs_00016,0.4080017790032261,0.058823529411764705,0.4,0.3333333333333333,0.3333333333333333,0.9166666666666666,0.8511670474956338,0.16666666666666666,0.4,0.2711532123307337,1,0.6666666666666667,0,0.25925925925925924,0.17857142857142855,0.3157894736842105,0.0,0.06597927169753802,-0.6249075238636655,0.41509433962264153,0.21389055869986762,0.7418069897633308,0.0,1.0,0.15203709270215146,0.5,-2.5450040793505595,0.0,0.5192307692307693,0.6363636363636364,0.4930401375191369
syn_stu_000439,syn_crs_00016,0.652052324320033,0.4117647058823529,0.0,0.14814814814814814,0.0,0.46153846153846156,0.854922105113371,0.0,0.2,0.1772349859119018,1,0.45238095238095233,0,0.2962962962962963,0.14285714285714285,0.42105263157894735,0.0,0.45392228860582323,-0.5947010688438044,0.6226415094339622,0.03106336480868088,0.6143803873839614,0.25,0.0,0.22175394823162828,0.14285714285714285,-0.7901116274112265,0.0,0.8837209302325582,0.3333333333333333,0.3710765015708772
syn_stu_000440,syn_crs_00016,0.4856412601932179,0.058823529411764705,0.2,0.5185185185185185,0.0,0.9411764705882353,0.7308220145803146,0.0,0.2,0.15859891957987887,0,0.38095238095238093,0,0.44444444444444436,0.5,0.10526315789473684,0.0,0.37509707888207827,1.933125873572326,0.4716981132075472,0.14525327117418182,0.5474946622604753,0.0,1.0,0.1841144212484406,0.5,0.4230665412344884,0.0,0.75,0.4375,0.2995137128980165
syn_stu_000441,syn_crs_00017,0.44005305302348524,0.1764705882352941,0.6000000000000001,0.5555555555555555,0.0,0.85,0.7676188836011573,0.0,0.8,0.25207677506507603,1,0.4285714285714286,0,0.5555555555555556,0.4642857142857143,0.3157894736842105,0.0,0.1840228145943735,1.517298870697859,0.41509433962264153,0.13403342451680278,0.6111451600727212,0.25,0.75,0.3935284964852878,0.0,2.103533693953418,0.0,0.6428571428571429,0.0,0.48627202027173877
syn_stu_000442,syn_crs_00017,0.557160761781322,0.4117647058823529,0.4,0.2962962962962963,0.0,0.5882352941176471,0.8465490570074219,0.0,0.4,0.023842831082670757,1,0.2857142857142857,0,0.44444444444444436,0.25,0.47368421052631576,0.5,0.2921916016883307,1.9748305100671926,0.5094339622641509,0.25478433017380386,0.8369690948610887,0.0,1.0,0.2174503329144886,0.21428571428571427,-1.643677343294312,0.0,0.8888888888888888,0.3,0.48310269390347604
syn_stu_000443,syn_crs_00017,0.7377141356060345,0.23529411764705882,0.4,0.25925925925925924,0.0,0.6923076923076923,0.9023986217061704,0.0,0.4,0.01216102556374243,0,0.5714285714285714,0,0.2962962962962963,0.2142857142857143,0.3157894736842105,0.0,0.615218184897336,-0.02705622453872044,0.6981132075471698,0.03483412234766091,0.7778224185709725,0.0,1.0,0.14242750068333976,0.14285714285714285,3.7823400172356045,0.0,0.875,0.2222222222222222,0.5533942350143845
syn_stu_000444,syn_crs_00017,0.5041680821272045,0.47058823529411764,0.8,0.25925925925925924,0.3333333333333333,0.5294117647058824,0.8405717096962703,0.08333333333333333,0.8,0.17270301740278943,1,0.5,0,0.44444444444444436,0.2142857142857143,0.5263157894736842,0.0,0.09507369432114636,0.2851597808202556,0.37735849056603776,0.05050167565980948,0.8271435447273436,0.0,1.0,0.3172298054821544,0.14285714285714285,-1.3353949371198957,0.0,0.5555555555555556,0.2222222222222222,0.6109546154258568
syn_stu_000445,syn_crs_00017,0.5320262572720392,0.11764705882352941,0.2,0.3333333333333333,0.0,0.8461538461538461,0.7769118994217734,0.0,0.4,0.2511405784857325,1,0.30952380952380953,0,0.2962962962962963,0.35714285714285715,0.10526315789473684,0.0,0.3609233768628603,-0.5111213737603628,0.4339622641509434,0.144223104618635,0.9829670279899329,0.25,0.5,0.1881367575213736,0.21428571428571427,1.4530593907519396,0.0,0.7567567567567568,0.2727272727272727,0.5567526458104466
syn_stu_000446,syn_crs_00017,0.41412504991438376,0.6470588235294118,0.4,0.037037037037037035,0.3333333333333333,0.21428571428571427,0.9628032286656588,0.16666666666666666,0.4,0.2793734900911785,0,0.19047619047619047,1,0.3333333333333333,0.07142857142857142,0.5789473684210527,0.0,0.11244499562680382,-0.10693695832679753,0.15094339622641512,0.3088420045062996,0.6139753886198066,0.0,1.0,0.22093363087180484,0.14285714285714285,-0.5697436601941834,0.0,0.40625,0.6666666666666666,0.3673861697087367
syn_stu_000447,syn_crs_00017,0.11545318058908044,0.0,0.8,0.5925925925925926,0.0,1.0,0.3614948670492272,0.0,0.8,0.20718212732885347,1,0.5714285714285714,0,0.48148148148148145,0.6071428571428571,0.0,0.5,0.037988785062086715,-1.3712867266764215,0.5283018867924528,0.14020770057194162,0.4893066517652896,0.0,1.0,0.3265041896265844,0.6428571428571428,2.222716360869578,0.5,0.6875,0.5,0.42483864529184745
syn_stu_000448,syn_crs_00017,0.5376519652466888,0.47058823529411764,0.2,0.4444444444444444,0.0,0.6363636363636364,0.9242052121018267,0.0,0.2,0.18061874528766292,1,0.3571428571428571,0,0.6296296296296295,0.4642857142857143,0.42105263157894735,0.5,0.15288053194166998,-0.14957115229519458,0.15094339622641512,0.27399251959172455,0.8488225645070525,0.0,1.0,0.15955034828573667,0.2857142857142857,6.082522750415863,0.0,0.3333333333333333,0.2857142857142857,0.5635636766464048
syn_stu_000449,syn_crs_00017,0.40517012227346105,0.23529411764705882,0.4,0.2222222222222222,0.0,0.6666666666666666,0.7341088579557347,0.0,0.6000000000000001,0.4364601080934715,0,0.33333333333333326,0,0.25925925925925924,0.2142857142857143,0.2631578947368421,0.0,0.1349117135918631,-0.3200183078760921,0.39622641509433965,0.30308815364447583,0.6316818833373883,0.25,0.6666666666666666,0.4143627179841948,0.07142857142857142,-0.8327996211811748,0.0,0.6842105263157895,0.125,0.5375677785236213
syn_stu_000450,syn_crs_00017,0.4209552634419401,0.23529411764705882,0.6000000000000001,0.37037037037037035,0.0,0.75,0.4860704946560914,0.0,0.6000000000000001,0.15437052019545866,1,0.38095238095238093,0,0.4074074074074074,0.2857142857142857,0.3684210526315789,0.5,0.4795072054235984,-0.9174804267648761,0.49056603773584906,0.5062537474452713,0.5234962410721952,0.0,1.0,0.4905470022182869,0.0,-0.04804661823620657,0.0,0.775,0.0,0.4594701870296759
syn_stu_000451,syn_crs_00017,0.5345910285562198,0.4117647058823529,0.2,0.5185185185185185,0.3333333333333333,0.6956521739130435,0.6874307092585148,0.3333333333333333,0.2,0.19889087309761563,0,0.5714285714285714,0,0.6666666666666667,0.5,0.42105263157894735,0.0,0.18590621494498882,1.5822957832561997,0.33962264150943394,0.05156498545413435,0.656603897228742,0.0,1.0,0.2310936186875851,0.5,-1.2960825592708463,0.0,0.4791666666666667,0.4375,0.372013610382413
syn_stu_000452,syn_crs_00017,0.5656457049811633,0.23529411764705882,0.0,0.2222222222222222,0.3333333333333333,0.6666666666666666,0.8409783410025136,0.3333333333333333,0.0,0.3352888623581872,1,0.6190476190476191,0,0.25925925925925924,0.25,0.21052631578947367,0.0,0.2074380568211776,-2.8204744421093895,0.5660377358490566,0.16113522095981955,0.7467674348899919,0.0,0.0,0.11692202691648247,0.21428571428571427,-1.7578425393886719,0.0,0.7,0.375,0.41294023241125855
syn_stu_000453,syn_crs_00017,0.4264994230832154,0.1764705882352941,0.6000000000000001,0.25925925925925924,0.3333333333333333,0.75,0.6134420303222928,0.06666666666666667,1.0,0.28798195485890543,0,0.5238095238095237,0,0.25925925925925924,0.25,0.21052631578947367,0.5,0.24539953185846342,0.6748743731408369,0.6037735849056604,0.22429828869628965,0.8020811534529021,0.5,0.6,0.45218760848584827,0.14285714285714285,-2.0978904195608776,0.0,0.8043478260869565,0.2222222222222222,0.6429271631861175
syn_stu_000454,syn_crs_00018,0.5626373540786519,0.29411764705882354,0.2,0.18518518518518517,0.0,0.5833333333333334,0.7645977396048453,0.0,0.2,0.07430595647518971,1,0.5238095238095237,0,0.25925925925925924,0.17857142857142855,0.3157894736842105,0.0,0.33734724430253826,-1.8433807889756575,0.4528301886792453,0.0948826433683426,0.3294058946188682,0.0,1.0,0.31286041920265617,0.14285714285714285,-0.05594049913452188,0.0,0.6304347826086957,0.2857142857142857,0.29760892258541427
syn_stu_000455,syn_crs_00018,0.47269313770096355,0.11764705882352941,0.2,0.2962962962962963,0.0,0.8333333333333334,0.5355831529959052,0.0,0.4,0.25063461091542333,1,0.5714285714285714,0,0.25925925925925924,0.2142857142857143,0.2631578947368421,0.0,0.43631722350672036,-1.6957030266745003,0.22641509433962265,0.04845285055471573,0.7277883768288415,0.25,0.5,0.49624650171891066,0.14285714285714285,-2.3309350020696282,0.0,0.3541666666666667,0.2,0.6624030807118026
syn_stu_000456,syn_crs_00018,0.2603160941501476,0.29411764705882354,0.6000000000000001,0.18518518518518517,0.0,0.5833333333333334,0.556056978473017,0.0,0.6000000000000001,0.1569595801698542,1,0.3571428571428571,0,0.25925925925925924,0.17857142857142855,0.3157894736842105,0.0,0.08995673429680288,-1.5242822246723835,0.169811320754717,0.41566756382894576,0.8588437018828747,0.0,1.0,0.8271258175941317,0.21428571428571427,-2.2399032722155354,0.5,0.358974358974359,0.42857142857142855,0.8693434005521344
syn_stu_000457,syn_crs_00018,0.6540633686576464,0.23529411764705882,0.0,0.5555555555555555,0.0,0.8095238095238095,0.8018551288050055,0.0,0.0,0.017627690091882278,1,0.5952380952380951,0,0.5925925925925926,0.42857142857142855,0.42105263157894735,0.0,0.4031995798712055,0.9416775266906117,0.37735849056603776,0.02782745743481802,0.5527199614900131,0.0,0.0,0.16834940834254852,0.21428571428571427,-9.496503372387286,0.0,0.5102040816326531,0.17647058823529413,0.3724021584562607
syn_stu_000458,syn_crs_00018,0.5776541145527164,0.3529411764705882,0.0,0.2222222222222222,0.0,0.5714285714285714,0.6612813847586212,0.0,0.0,0.15325382902729223,1,0.5476190476190477,0,0.3333333333333333,0.2142857142857143,0.3684210526315789,0.0,0.40889383623591846,-4.515269563136251,0.5849056603773585,0.1891118052698134,0.7028025649933,0.0,0.0,0.6534441694481231,0.0,4.154853711915228,0.0,0.7659574468085106,0.0,0.7034957807830844
syn_stu_000459,syn_crs_00018,0.374844311578138,0.4117647058823529,0.4,0.18518518518518517,0.3333333333333333,0.5,0.5144824323164767,0.16666666666666666,0.4,0.14566696537779208,1,0.5238095238095237,0,0.3333333333333333,0.14285714285714285,0.47368421052631576,0.0,0.4329395691470005,0.33740090120703187,0.7169811320754716,0.036270529288386116,0.754186441987316,0.0,1.0,0.18613106949669284,0.2857142857142857,4.931406663997432,0.0,0.9347826086956522,0.5714285714285714,0.4007013356849908
syn_stu_000460,syn_crs_00018,0.518460925714808,0.4117647058823529,0.8,0.2962962962962963,0.0,0.5882352941176471,0.6278381785106206,0.0,1.0,0.07465933334768467,0,0.40476190476190477,1,0.44444444444444436,0.10714285714285714,0.6842105263157894,0.0,0.38644042270741985,0.09090757829253684,0.33962264150943394,0.05083462250164506,0.5672841609077536,0.25,0.8,0.34412770200088294,0.07142857142857142,1.9462734705317293,0.0,0.5609756097560976,0.1,0.4307944260329408
syn_stu_000461,syn_crs_00018,0.5109496315862467,0.23529411764705882,0.6000000000000001,0.14814814814814814,0.3333333333333333,0.6,0.9178293119771384,0.1111111111111111,0.6000000000000001,0.12220555089731483,1,0.2857142857142857,0,0.18518518518518517,0.10714285714285714,0.3157894736842105,0.0,0.07038672863759886,-1.9403249526465438,0.37735849056603776,0.13591724516905915,0.5591671008599908,0.0,1.0,0.22800284985130775,0.14285714285714285,-2.621646125840708,0.0,0.6944444444444444,0.3333333333333333,0.34157261716518306
syn_stu_000462,syn_crs_00018,0.5451577193244614,0.23529411764705882,0.4,0.14814814814814814,0.0,0.6,0.7940108852523867,0.0,0.6000000000000001,0.12411178537200367,0,0.7142857142857142,1,0.18518518518518517,0.14285714285714285,0.2631578947368421,0.0,0.32847767628213026,0.3644220181683586,0.5471698113207547,0.27355647204131633,0.6200648922098662,0.25,0.6666666666666666,0.33065642045555194,0.0,-3.7904625367034153,0.0,0.6296296296296297,0.0,0.4945800183627913
syn_stu_000463,syn_crs_00018,0.6889271552015155,0.29411764705882354,0.4,0.14814814814814814,0.3333333333333333,0.5454545454545454,0.7731720131628869,0.1111111111111111,0.6000000000000001,0.048402600263397134,1,0.4285714285714286,0,0.2222222222222222,0.17857142857142855,0.2631578947368421,0.0,0.3949557633770008,-2.4265033936380007,0.5660377358490566,0.2684502239229477,0.6418778525457249,0.25,0.6666666666666666,0.5706996255026919,0.14285714285714285,-4.693506324034116,0.0,0.8333333333333334,0.3333333333333333,0.5550382072681902
syn_stu_000464,syn_crs_00018,0.6832178996577775,0.0,0.8,0.18518518518518517,0.0,1.0,0.8434286888047896,0.0,1.0,0.09112389147379878,1,0.5238095238095237,0,0.07407407407407407,0.17857142857142855,0.05263157894736842,0.0,0.3241326438848209,-0.08752997646100819,0.18867924528301888,0.009969721129278452,0.4854375667182416,0.25,0.8,0.39336325396722094,0.14285714285714285,1.9174790625721374,0.0,0.32608695652173914,0.2857142857142857,0.4434972759324066
syn_stu_000465,syn_crs_00018,0.4430523088657325,0.3529411764705882,1.0,0.2222222222222222,0.0,0.5714285714285714,0.87222535820898,0.0,1.0,0.03606420492670404,1,0.2857142857142857,0,0.3333333333333333,0.07142857142857142,0.5789473684210527,0.0,0.05163005604723867,-2.5019780336128066,0.2641509433962264,0.32871387924603745,0.9066535329765253,0.0,1.0,0.23323029802961598,0.07142857142857142,3.795892559367406,0.0,0.5277777777777778,0.125,0.561716340446717
syn_stu_000466,syn_crs_00018,0.33886494732153843,0.1764705882352941,0.0,0.4444444444444444,0.0,0.8235294117647058,0.5682667014968437,0.0,0.0,0.17527439510613463,1,0.3571428571428571,0,0.44444444444444436,0.4642857142857143,0.15789473684210525,0.0,0.1317451141956427,4.1006706339928245,0.4339622641509434,0.26077326616909813,0.8432427513230055,0.0,0.0,0.2175475013524221,0.42857142857142855,0.49826138091124705,0.0,0.717948717948718,0.42857142857142855,0.5603947294892813
syn_stu_000467,syn_crs_00018,0.5126243202631591,0.0,0.4,0.5185185185185185,0.0,1.0,0.8840993644602482,0.0,0.6000000000000001,0.07377543678904537,1,0.5476190476190477,0,0.4074074074074074,0.5357142857142857,0.0,0.0,0.17517631920698956,1.7228116504802877,0.37735849056603776,0.08222631538249817,0.7685412786352074,0.25,0.6666666666666666,0.369784339930878,0.6428571428571428,2.5734836954370928,0.0,0.5319148936170213,0.5625,0.5093292856289673
syn_stu_000468,syn_crs_00018,0.6438100619809992,0.11764705882352941,0.4,0.4074074074074074,0.3333333333333333,0.8666666666666667,0.7457225253555824,0.1111111111111111,0.6000000000000001,0.14669354080301653,1,0.5714285714285714,0,0.3703703703703704,0.3214285714285714,0.2631578947368421,0.0,0.6030308359111455,0.4929327859525675,0.2830188679245283,0.1240662532535008,0.7312388832654207,0.25,0.6666666666666666,0.13383383969610424,0.42857142857142855,1.3345402965958328,0.0,0.4166666666666667,0.46153846153846156,0.4551244221462201
syn_stu_000469,syn_crs_00018,0.6364558181184075,0.058823529411764705,0.0,0.2962962962962963,0.0,0.9090909090909091,0.919123376917088,0.0,0.2,0.01972887116865148,1,0.6428571428571428,0,0.2222222222222222,0.2857142857142857,0.10526315789473684,0.0,0.4458643105757716,-1.9103584912580298,0.169811320754717,0.08059372005670998,0.4631015410131109,0.25,0.0,0.07740485360324285,0.21428571428571427,-2.312644288276018,0.0,0.27450980392156865,0.3,0.2167793555483836
syn_stu_000470,syn_crs_00018,0.6845031433576156,0.29411764705882354,0.6000000000000001,0.18518518518518517,0.0,0.5833333333333334,0.9197374618505095,0.0,1.0,0.1327033818771399,1,0.23809523809523814,0,0.25925925925925924,0.2142857142857143,0.2631578947368421,0.0,0.3985831136955292,-0.5510588560677752,0.33962264150943394,0.25400896908344,0.5590581795617318,0.5,0.6,0.05230852729468512,0.07142857142857142,3.0284020753053804,0.0,0.6764705882352942,0.14285714285714285,0.25746735693431266
syn_stu_000471,syn_crs_00018,0.5815174306275239,0.5882352941176471,0.2,0.3333333333333333,0.0,0.5238095238095238,0.7043157371729798,0.0,0.2,0.20287120588234972,1,0.5,0,0.5925925925925926,0.3214285714285714,0.5789473684210527,0.0,0.2625749804095119,-0.46838328203479357,0.5283018867924528,0.06817514401809818,0.48908390179836125,0.0,1.0,0.2687312306595491,0.3571428571428571,2.836713252274373,0.0,0.7333333333333333,0.45454545454545453,0.3717777588387028
syn_stu_000472,syn_crs_00018,0.4739319594480479,0.058823529411764705,0.8,0.4074074074074074,0.0,0.9285714285714286,0.4448716658357485,0.0,1.0,0.06698752761695462,1,0.7142857142857142,0,0.3333333333333333,0.2857142857142857,0.2631578947368421,0.0,0.3479840640708159,0.483801215183737,0.6226415094339622,0.14766131094218998,0.6634286621082636,0.25,0.8,0.5517210684331562,0.2857142857142857,-2.9714516247852245,0.0,0.7037037037037037,0.3076923076923077,0.6672913614305175
syn_stu_000473,syn_crs_00018,0.6125447571910903,0.11764705882352941,0.0,0.4074074074074074,0.3333333333333333,0.8666666666666667,0.7329044105136571,0.3333333333333333,0.0,0.19994625947132977,1,0.40476190476190477,0,0.3703703703703704,0.39285714285714285,0.15789473684210525,0.0,0.41326740437782633,0.7971001816557667,0.15094339622641512,0.18247410394572064,0.5139999254746499,0.0,0.0,0.0445177898521307,0.21428571428571427,2.42131693471229,0.0,0.3170731707317073,0.23076923076923078,0.2371787771424777
syn_stu_000474,syn_crs_00018,0.4186041060114247,0.058823529411764705,0.4,0.4444444444444444,0.0,0.9333333333333333,0.7271745919401207,0.0,0.6000000000000001,0.05737821352820809,1,0.6190476190476191,0,0.3703703703703704,0.39285714285714285,0.15789473684210525,0.0,0.35074481187959283,0.4497515303058364,0.660377358490566,0.28826143156933137,0.7964985698336787,0.25,0.6666666666666666,0.23051712452093434,0.3571428571428571,-0.4428184374958714,0.0,0.8,0.35714285714285715,0.4246175140954605
syn_stu_000475,syn_crs_00018,0.6011273698586389,0.4117647058823529,0.4,0.2222222222222222,0.0,0.5333333333333333,0.8099422539393059,0.0,0.8,0.26197206633099324,1,0.7380952380952381,0,0.3703703703703704,0.17857142857142855,0.47368421052631576,0.0,0.5787674341172013,0.684613875170869,0.49056603773584906,0.13059871319074823,0.6099500787379036,0.5,0.5,0.19949204270621165,0.14285714285714285,-0.7826671869968802,0.0,0.5636363636363636,0.25,0.35745733859790096
syn_stu_000476,syn_crs_00018,0.5352608302938184,0.11764705882352941,0.0,0.4074074074074074,0.3333333333333333,0.8666666666666667,0.5069992108940726,0.1111111111111111,0.6000000000000001,0.6356555723023966,1,0.6428571428571428,0,0.3703703703703704,0.35714285714285715,0.21052631578947367,0.0,0.4571061190440403,-0.3397006967503738,0.8113207547169812,0.5112844642909097,0.8015979704595072,0.75,0.0,0.533313967728303,0.0,1.1718253283158018,0.5,0.9411764705882353,0.0,0.6481978726455592
syn_stu_000477,syn_crs_00018,0.761695093662817,0.058823529411764705,0.0,0.5185185185185185,0.3333333333333333,0.9411764705882353,0.8862715084216823,0.3333333333333333,0.0,0.12386245458387903,0,0.40476190476190477,0,0.44444444444444436,0.5,0.10526315789473684,0.0,0.47518133411106944,0.6849254988368316,0.169811320754717,0.19260130090966296,0.5231682456610898,0.0,0.0,0.3582936621603034,0.5714285714285714,1.0791389869215315,0.0,0.34146341463414637,0.5,0.5341832470203448
syn_stu_000478,syn_crs_00018,0.6213425666607296,0.4117647058823529,0.0,0.18518518518518517,0.0,0.5,0.9268637517648802,0.0,0.0,0.3019486463302142,1,0.6666666666666667,0,0.3333333333333333,0.2142857142857143,0.3684210526315789,0.0,0.2604479191543013,-1.275868155292507,0.660377358490566,0.115934636665302,0.7222411873243955,0.0,0.0,0.37387578794484927,0.14285714285714285,2.6660566430541723,0.0,0.7692307692307693,0.2857142857142857,0.5674750313503466
syn_stu_000479,syn_crs_00018,0.658603176579432,0.11764705882352941,0.4,0.2222222222222222,0.0,0.8,0.6882360117568241,0.0,0.6000000000000001,0.09627538843564257,1,0.5476190476190477,0,0.18518518518518517,0.14285714285714285,0.2631578947368421,0.0,0.6595283729070657,-2.1269977717361614,0.7358490566037735,0.08128563384681728,0.5611548227406669,0.25,0.6666666666666666,0.5183876691853421,0.21428571428571427,-2.5479117440727492,0.0,0.9361702127659575,0.375,0.502108687089987
syn_stu_000480,syn_crs_00018,0.8907090325188536,0.058823529411764705,1.0,0.5925925925925926,0.0,0.9473684210526315,0.9359434657733128,0.0,1.0,0.17991207095581563,1,0.6428571428571428,0,0.5185185185185186,0.39285714285714285,0.3684210526315789,0.0,0.710244498324795,3.6957614363735236,0.6981132075471698,0.12229391866164094,0.6798882795875933,0.0,1.0,0.6661914934069247,0.3571428571428571,1.6967972162233445,0.0,0.8235294117647058,0.2777777777777778,0.6659763653859448
syn_stu_000481,syn_crs_00018,0.5782597832792465,0.23529411764705882,0.4,0.2222222222222222,0.0,0.6666666666666666,0.9040433709634024,0.0,0.6000000000000001,0.1278767659539959,1,0.5714285714285714,0,0.25925925925925924,0.2142857142857143,0.2631578947368421,0.0,0.17711681840719956,0.8320128475631118,0.6981132075471698,0.2533884836313044,0.7463480871779664,0.25,0.6666666666666666,0.15488179861247672,0.14285714285714285,-3.479914558565192,0.0,0.875,0.25,0.5291633680142285
syn_stu_000482,syn_crs_00018,0.559773814237081,0.11764705882352941,0.0,0.5555555555555555,0.0,0.8947368421052632,0.9593132381737003,0.0,0.0,0.09103096716807967,1,0.6190476190476191,0,0.5185185185185186,0.4642857142857143,0.2631578947368421,0.0,0.04648986222712529,3.612173163922032,0.32075471698113206,0.045405960170064465,0.9470436987037937,0.0,0.0,0.2817202169916555,0.07142857142857142,-0.536261277555407,0.0,0.44,0.058823529411764705,0.6023631576740623
syn_stu_000483,syn_crs_00018,0.5209049730441635,0.1764705882352941,0.6000000000000001,0.4444444444444444,0.0,0.8235294117647058,0.7281863516195375,0.0,0.8,0.28769654049900867,1,0.47619047619047605,0,0.44444444444444436,0.3214285714285714,0.3684210526315789,0.0,0.49928050519494555,-0.5494824975084284,0.49056603773584906,0.08167809180328883,0.8461405317406967,0.25,0.75,0.2051785160649463,0.2857142857142857,-0.3362337316735736,0.0,0.7045454545454546,0.2857142857142857,0.5142407599654492
syn_stu_000484,syn_crs_00018,0.6651838530203812,0.23529411764705882,0.4,0.3333333333333333,0.0,0.7333333333333333,0.9346756660131511,0.0,0.4,0.2540743274670204,1,0.47619047619047605,0,0.3703703703703704,0.35714285714285715,0.21052631578947367,0.0,0.3613580488244395,4.82143355960747,0.5094339622641509,0.2705643963743474,0.8862091211189148,0.0,1.0,0.47645235836178285,0.2857142857142857,2.910138754116973,0.0,0.7272727272727273,0.36363636363636365,0.6610588492999026
syn_stu_000485,syn_crs_00018,0.5540910021291059,0.1764705882352941,0.0,0.4444444444444444,0.6666666666666666,0.8235294117647058,0.8136978646002169,0.6666666666666666,0.0,0.3522498149786595,0,0.45238095238095233,0,0.44444444444444436,0.39285714285714285,0.2631578947368421,0.0,0.11702702494465893,0.1592089176434851,0.41509433962264153,0.06819315798428689,0.6905021900032198,0.0,0.0,0.3069174857043366,0.3571428571428571,0.027789514991617373,0.0,0.627906976744186,0.35714285714285715,0.5335131357041631
syn_stu_000486,syn_crs_00018,0.47112599303022645,0.11764705882352941,0.2,0.4814814814814815,0.0,0.8823529411764706,0.7969705258956534,0.0,0.4,0.14140082841385027,1,0.33333333333333326,0,0.44444444444444436,0.42857142857142855,0.21052631578947367,0.0,0.09253661711816295,2.291919750000347,0.5849056603773585,0.11237733267463064,0.8121667015983816,0.25,0.5,0.07234194254676062,0.6428571428571428,-0.7855219788562151,0.0,0.9473684210526315,0.6,0.415984404397847
syn_stu_000487,syn_crs_00018,0.5661160969451766,0.29411764705882354,0.2,0.3333333333333333,0.3333333333333333,0.6875,0.7652823204670579,0.3333333333333333,0.2,0.060075494524159674,0,0.5952380952380951,1,0.4074074074074074,0.3214285714285714,0.3157894736842105,0.0,0.2721254002610296,0.0657064815138598,0.33962264150943394,0.054299153096714264,0.5239262344973475,0.0,1.0,0.3217231748539732,0.3571428571428571,4.277788062565592,0.0,0.46938775510204084,0.45454545454545453,0.4664390347382628
syn_stu_000488,syn_crs_00018,0.489730207484854,0.1764705882352941,1.0,0.3333333333333333,0.3333333333333333,0.7857142857142857,0.8020594934542531,0.06666666666666667,1.0,0.2330284072740319,1,0.5714285714285714,0,0.3333333333333333,0.25,0.3157894736842105,0.0,0.17376363046492188,0.3298451079666618,0.3584905660377359,0.14634799288982694,0.8426981132559266,0.0,1.0,0.1433438925053652,0.2857142857142857,-1.2869898876896393,0.0,0.5,0.36363636363636365,0.5461595400191751
syn_stu_000489,syn_crs_00019,0.6270280850854283,0.1764705882352941,0.8,0.3333333333333333,0.3333333333333333,0.7857142857142857,0.9677296129929398,0.06666666666666667,1.0,0.21411233469808857,0,0.5952380952380951,1,0.3333333333333333,0.2142857142857143,0.3684210526315789,0.0,0.27571904494860117,-0.2303999694698332,0.7169811320754716,0.2593414923625656,0.7201828952600318,0.25,0.8,0.6255979652290522,0.0,-1.4134569642651902,0.0,0.8775510204081632,0.0,0.7035649237122937
syn_stu_000490,syn_crs_00019,0.5963714240769701,0.29411764705882354,0.0,0.2222222222222222,0.0,0.6153846153846154,0.609416541026317,0.0,0.0,0.08230658107186697,0,0.2857142857142857,1,0.2962962962962963,0.17857142857142855,0.3684210526315789,0.0,0.44307355289024125,-0.985605272870407,0.22641509433962265,0.30157215983830793,0.7978772679910304,0.0,0.0,0.1767979272876063,0.3571428571428571,-5.629486294444336,0.0,0.4722222222222222,0.625,0.4761272537557379
syn_stu_000491,syn_crs_00019,0.2371051217806424,0.47058823529411764,0.6000000000000001,0.3333333333333333,0.0,0.5789473684210527,0.4878211813079132,0.0,0.6000000000000001,0.13960020912265653,1,0.40476190476190477,0,0.5185185185185186,0.35714285714285715,0.42105263157894735,0.0,0.05336789710406269,1.960484547209073,0.24528301886792453,0.031165352657670724,0.666755809242982,0.0,1.0,0.45488966944164805,0.3571428571428571,-0.650597861106005,0.0,0.43902439024390244,0.45454545454545453,0.4908993036066776
syn_stu_000492,syn_crs_00019,0.4690325882071304,0.47058823529411764,0.0,0.07407407407407407,0.0,0.3333333333333333,0.9833547928980411,0.0,0.0,0.1395297296076482,1,0.4285714285714286,0,0.25925925925925924,0.07142857142857142,0.47368421052631576,0.0,0.03147429534219818,-0.0177222297488964,0.3018867924528302,0.23774165179376483,0.7196824724880626,0.0,0.0,0.31784854340376506,0.14285714285714285,-2.8190508443480944,0.0,0.5,0.5,0.5075668034073132
syn_stu_000493,syn_crs_00019,0.4843362215243643,0.5294117647058824,0.2,0.37037037037037035,0.0,0.5714285714285714,0.7814931891528051,0.0,0.4,0.10560749768615628,1,0.40476190476190477,0,0.5925925925925926,0.35714285714285715,0.5263157894736842,0.0,0.2350006563730626,1.6608733325368403,0.5660377358490566,0.20813178683560304,0.5835687171767883,0.25,0.5,0.5362435849425041,0.0,-0.7521880104770426,0.0,0.8536585365853658,0.0,0.5264775189065584
syn_stu_000494,syn_crs_00019,0.48189680991796174,0.7647058823529411,0.0,0.037037037037037035,0.3333333333333333,0.1875,0.7637302106812387,0.3333333333333333,0.0,0.2801045821647251,0,0.4285714285714286,1,0.4074074074074074,0.07142857142857142,0.6842105263157894,0.0,0.1977187689077236,1.8075882940807357,0.6415094339622641,0.025544165204183452,0.5848873005132318,0.0,0.0,0.36790121088531813,0.14285714285714285,0.7198748196027188,0.0,0.9285714285714286,0.6666666666666666,0.43744328564385854
syn_stu_000495,syn_crs_00019,0.28064767015501024,0.3529411764705882,0.6000000000000001,0.25925925925925924,0.0,0.6,0.38376504491875074,0.0,0.8,0.31849340651762587,1,0.4285714285714286,0,0.3703703703703704,0.2142857142857143,0.42105263157894735,0.0,0.33853918652474385,2.8286774104784067,0.169811320754717,0.03371057581852439,0.509340203834521,0.25,0.75,0.34420694302325955,0.07142857142857142,-3.25530882311884,0.5,0.3333333333333333,0.1111111111111111,0.4148051716185017
syn_stu_000496,syn_crs_00019,0.44374405257359933,0.11764705882352941,0.0,0.4074074074074074,0.0,0.8666666666666667,0.7107614044630186,0.0,0.0,0.31119295668772384,1,0.40476190476190477,0,0.3703703703703704,0.39285714285714285,0.15789473684210525,0.0,0.10362080764621259,0.8423428448781232,0.4339622641509434,0.2194976194841854,0.7003187618587937,0.0,0.0,0.4869380044046397,0.3571428571428571,-2.468940331590968,0.0,0.6829268292682927,0.38461538461538464,0.6175901589328958
syn_stu_000497,syn_crs_00019,0.6077247435816777,0.29411764705882354,0.8,0.2222222222222222,0.0,0.6153846153846154,0.8868511916525993,0.0,1.0,0.08367116042060388,1,0.45238095238095233,0,0.2962962962962963,0.25,0.2631578947368421,0.0,0.3450229841179756,-3.021942368620606,0.5094339622641509,0.013601153540312275,0.6555476646451158,0.25,0.8,0.22491184816023835,0.07142857142857142,-4.79837707809811,0.0,0.7441860465116279,0.125,0.40908924573621247
syn_stu_000498,syn_crs_00019,0.4685264037548114,0.058823529411764705,0.0,0.6666666666666666,0.0,0.9523809523809523,0.5145715533949548,0.0,0.2,0.06225736936040607,1,0.5952380952380951,0,0.5925925925925926,0.6071428571428571,0.15789473684210525,0.0,0.33711232810357716,-0.6404115339740958,0.5849056603773585,0.0947737473202833,0.859122092252076,0.25,0.0,0.14121799869576906,0.3571428571428571,-1.5294384801726166,0.0,0.7346938775510204,0.25,0.4314294295270782
syn_stu_000499,syn_crs_00019,0.6025900404251621,0.23529411764705882,0.2,0.37037037037037035,0.0,0.75,0.9559002541394492,0.0,0.2,0.01080422717988048,1,0.3571428571428571,0,0.4074074074074074,0.3214285714285714,0.3157894736842105,0.0,0.4611868193636041,-0.05040255000060853,0.4716981132075472,0.15416165792972336,0.31780419212070615,0.0,1.0,0.1903765481774834,0.21428571428571427,-2.8334522421962056,0.0,0.7692307692307693,0.25,0.20615304318809796
syn_stu_000500,syn_crs_00019,0.5883913983400422,0.5294117647058824,0.8,0.25925925925925924,0.3333333333333333,0.5,0.6168993342332338,0.06666666666666667,1.0,0.014773717011385575,1,0.40476190476190477,0,0.48148148148148145,0.2857142857142857,0.47368421052631576,0.0,0.47413115979835563,0.02483006942237427,0.6037735849056604,0.008873449444659207,0.9075917407032524,0.25,0.8,0.09245845464057767,0.21428571428571427,6.43257517338423,0.0,0.9024390243902439,0.3333333333333333,0.5845423827725398
syn_stu_000501,syn_crs_00019,0.5004360644827655,0.29411764705882354,1.0,0.4074074074074074,0.0,0.7222222222222222,0.6998743630266802,0.0,1.0,0.0642430273152673,1,0.33333333333333326,0,0.48148148148148145,0.42857142857142855,0.2631578947368421,1.0,0.16730827154353775,2.6367907285941614,0.39622641509433965,0.10884152221399981,0.27725983337282717,0.0,1.0,0.2529020473075764,0.14285714285714285,4.51211534044787,0.5,0.6842105263157895,0.15384615384615385,0.29251795306028117
syn_stu_000502,syn_crs_00019,0.33653048010228764,0.29411764705882354,0.0,0.37037037037037035,0.3333333333333333,0.7058823529411765,0.3263947404682676,0.3333333333333333,0.0,0.12387189460800643,1,0.5952380952380951,0,0.44444444444444436,0.3214285714285714,0.3684210526315789,0.0,0.3028114363361348,2.2724541882202196,0.3584905660377359,0.12463357105592149,0.4046826698454444,0.0,0.0,0.3107205343872445,0.2857142857142857,4.025523924117252,0.0,0.4897959183673469,0.3333333333333333,0.30981489694854364
syn_stu_000503,syn_crs_00019,0.4188778727953507,0.058823529411764705,0.0,0.4444444444444444,0.0,0.9333333333333333,0.6768943127467822,0.0,0.0,0.3189655339209504,1,0.1428571428571428,0,0.3703703703703704,0.35714285714285715,0.21052631578947367,0.0,0.15785953402712838,-0.28982862538791654,0.3584905660377359,0.1375136515387629,0.5867554744706887,0.0,0.0,0.2807518025799382,0.7142857142857142,-3.884355163340084,0.0,0.8,0.7142857142857143,0.4982038525821271
syn_stu_000504,syn_crs_00019,0.4583135176672239,0.3529411764705882,0.8,0.14814814814814814,0.6666666666666666,0.5,0.5823481555036314,0.13333333333333333,1.0,0.05631655459098409,0,0.7857142857142856,0,0.25925925925925924,0.17857142857142855,0.3157894736842105,0.0,0.24775854989713136,4.860189341196366,0.5660377358490566,0.09631568512829798,0.7647319895445024,0.25,0.8,0.615614843135288,0.0,-0.5320957973777403,0.0,0.6140350877192983,0.0,0.678175446914409
syn_stu_000505,syn_crs_00019,0.3399674635060612,0.29411764705882354,0.8,0.18518518518518517,0.0,0.5833333333333334,0.3691588559397665,0.0,1.0,0.16728934021711497,0,0.5476190476190477,0,0.25925925925925924,0.2142857142857143,0.2631578947368421,0.0,0.18363324519826438,-0.69766985710151,0.5849056603773585,0.04868895751895534,0.38037368817954087,0.25,0.8,0.1427163374467191,0.0,-3.6095705023933053,0.0,0.7659574468085106,0.0,0.375446304814387
syn_stu_000506,syn_crs_00019,0.5910384562278443,0.5882352941176471,0.4,0.1111111111111111,0.0,0.3333333333333333,0.7404259931595321,0.0,0.4,0.3510149244559577,0,0.38095238095238093,1,0.3703703703703704,0.10714285714285714,0.5789473684210527,0.0,0.389358262511815,-0.5353821145082628,0.169811320754717,0.2140540114453983,0.5662091836173586,0.0,1.0,0.266825363761515,0.0,5.5284665174357634,0.0,0.35,0.0,0.42961988412115404
syn_stu_000507,syn_crs_00019,0.7482938735811067,0.5294117647058824,0.0,0.6666666666666666,0.0,0.6896551724137931,0.748306127872014,0.0,0.0,0.10477580395017515,1,0.33333333333333326,0,0.8888888888888888,0.4642857142857143,0.7894736842105263,0.0,0.6885175011922672,-2.184796521569369,0.22641509433962265,0.1508409672632095,0.7570040728206466,0.0,0.0,0.5425511096061351,0.14285714285714285,2.49324916835842,0.0,0.4473684210526316,0.1,0.6780535387572046
syn_stu_000508,syn_crs_00019,0.44600519260113647,0.0,0.0,0.5925925925925926,0.0,1.0,0.6694683343718809,0.0,0.0,0.06415532849450245,1,0.3571428571428571,0,0.48148148148148145,0.5,0.15789473684210525,0.0,0.05684786341376274,-3.118331480637961,0.6226415094339622,0.0800420938441464,0.8465959729877857,0.0,0.0,0.11340888610357822,0.42857142857142855,-3.1577573641015055,0.0,0.9743589743589743,0.3333333333333333,0.5218668515725557
syn_stu_000509,syn_crs_00019,0.6746163593244362,0.058823529411764705,0.2,0.4444444444444444,0.0,0.9333333333333333,0.835085293827337,0.0,0.2,0.08338470090838958,1,0.7619047619047619,0,0.3703703703703704,0.39285714285714285,0.15789473684210525,0.0,0.4380317262568576,-2.3601484972987254,0.3018867924528302,0.01339406332610898,0.4051255687775782,0.0,1.0,0.21698179950703086,0.3571428571428571,1.1084210682023732,0.0,0.375,0.35714285714285715,0.3853525610256601
syn_stu_000510,syn_crs_00019,0.5240701514453607,0.11764705882352941,0.2,0.7777777777777778,0.3333333333333333,0.92,0.8256494812242704,0.08333333333333333,0.8,0.05966830578256695,1,0.7142857142857142,0,0.7407407407407407,0.6071428571428571,0.3684210526315789,0.0,0.302516734938501,2.0270901744465357,0.5849056603773585,0.06824275744280336,0.9425560188203506,0.75,0.25,0.16463813071227454,0.5,-4.447687130208966,0.0,0.6666666666666666,0.30434782608695654,0.5316467737217487
syn_stu_000511,syn_crs_00019,0.6887507269819776,0.058823529411764705,0.0,0.5555555555555555,0.0,0.9444444444444444,0.8771503116758548,0.0,0.0,0.3023304227642306,0,0.5238095238095237,0,0.48148148148148145,0.4642857142857143,0.21052631578947367,0.0,0.37368695209734115,1.4830040208460122,0.5849056603773585,0.2167055873200162,0.5675303843661118,0.0,0.0,0.23386344484644445,0.6428571428571428,-0.40945004627180076,0.0,0.782608695652174,0.5294117647058824,0.4706745489941502
syn_stu_000512,syn_crs_00020,0.4594011184431966,0.11764705882352941,0.6000000000000001,0.6666666666666666,0.3333333333333333,0.9090909090909091,0.7939631080186496,0.1111111111111111,0.6000000000000001,0.06548812913380173,0,0.5952380952380951,1,0.6296296296296295,0.4642857142857143,0.42105263157894735,0.0,0.1372112578516949,-1.767100912598834,0.20754716981132076,0.13938321510408028,0.4791965567321314,0.0,1.0,0.3405315879578713,0.5,-0.5266887598850143,0.0,0.32653061224489793,0.35,0.37867444446840104
syn_stu_000513,syn_crs_00020,0.4751704408065363,0.7647058823529411,0.8,0.2962962962962963,0.0,0.43478260869565216,0.8968775609026917,0.0,0.8,0.3095825390498422,0,0.7142857142857142,0,0.6666666666666667,0.3214285714285714,0.6842105263157894,0.0,0.05013501985010281,0.19975837136791713,0.32075471698113206,0.06612929436785049,0.725337700649194,0.0,1.0,0.14138271209891745,0.42857142857142855,2.2189425601374246,0.0,0.4074074074074074,0.6,0.41528791272693377
syn_stu_000514,syn_crs_00020,0.34582995085604556,0.058823529411764705,0.0,0.25925925925925924,0.0,0.9,0.5134290339920198,0.0,0.0,0.12004854477920784,0,0.5,0,0.18518518518518517,0.2142857142857143,0.15789473684210525,0.0,0.16754282497770892,1.612938433667495,0.33962264150943394,0.2282598679928852,0.8015318876082586,0.0,0.0,0.15124690186858045,0.2857142857142857,2.9635191302010107,0.0,0.5111111111111111,0.4444444444444444,0.47683543991289884
syn_stu_000515,syn_crs_00020,0.5572626656057986,0.5294117647058824,0.6000000000000001,0.3333333333333333,0.6666666666666666,0.55,0.8635009611292427,0.13333333333333333,1.0,0.20316223287403173,1,0.5476190476190477,0,0.5555555555555556,0.3214285714285714,0.5263157894736842,0.0,0.15413758331676722,-4.066743260374132,0.41509433962264153,0.19142983436785904,0.5787691277596276,0.5,0.6,0.07568596470049671,0.07142857142857142,0.06097193175602206,0.0,0.574468085106383,0.09090909090909091,0.37324906889210996
syn_stu_000516,syn_crs_00020,0.6497283349460392,0.4117647058823529,0.8,0.25925925925925924,0.0,0.5625,0.6006387924329609,0.0,1.0,0.04439861354976017,1,0.4285714285714286,0,0.4074074074074074,0.25,0.42105263157894735,0.0,0.5239325866934936,3.544422635844628,0.2641509433962264,0.12571044115471375,0.46855611651041934,0.25,0.8,0.3173234494335888,0.3571428571428571,-0.6720019034352662,0.5,0.4523809523809524,0.5555555555555556,0.3764291739025536
syn_stu_000517,syn_crs_00020,0.6170945446150232,0.29411764705882354,0.0,0.37037037037037035,0.6666666666666666,0.7058823529411765,0.8803458952859117,0.6666666666666666,0.2,0.2775964713098043,0,0.5714285714285714,1,0.44444444444444436,0.3214285714285714,0.3684210526315789,0.0,0.3514010497328664,2.1050740399000487,0.6037735849056604,0.024698909971249437,0.6515321860331357,0.25,0.0,0.22850621620414618,0.42857142857142855,-9.705784354534549,0.0,0.7708333333333334,0.5,0.5225552687510454
syn_stu_000518,syn_crs_00020,0.5259984134422997,0.0,0.0,0.4814814814814815,0.0,1.0,0.6312061902046028,0.0,0.0,0.33133117982029175,1,0.5952380952380951,0,0.3703703703703704,0.5,0.0,0.0,0.24766442566874797,1.6210294157262992,0.33962264150943394,0.11328305313997782,0.8990610635730502,0.0,0.0,0.4234148499080748,0.2857142857142857,4.6863716377042826,0.0,0.46938775510204084,0.26666666666666666,0.7275604793363932
syn_stu_000519,syn_crs_00020,0.629194790236183,0.7647058823529411,0.2,0.4444444444444444,0.3333333333333333,0.5185185185185185,0.976773653737886,0.3333333333333333,0.2,0.0484232978454796,0,0.6666666666666667,0,0.8148148148148149,0.4642857142857143,0.6842105263157894,0.0,0.2651570954574222,2.4041623131328045,0.15094339622641512,0.08704688759956059,0.673887945431275,0.0,1.0,0.16416728111310866,0.7857142857142857,-1.9727729557404832,0.0,0.25,0.7857142857142857,0.4210074502356022
syn_stu_000520,syn_crs_00020,0.7196054706024393,0.11764705882352941,0.2,0.2962962962962963,0.0,0.8333333333333334,0.7204202005259893,0.0,0.2,0.275709319816216,1,0.7142857142857142,0,0.25925925925925924,0.2142857142857143,0.2631578947368421,0.0,0.5785739463065918,-4.083076484038321,0.20754716981132076,0.2293734642601125,0.6985838004683304,0.0,1.0,0.6854172949287999,0.2857142857142857,0.3064401197974494,0.0,0.2962962962962963,0.4,0.6436979099624713
syn_stu_000521,syn_crs_00020,0.6059760473494801,0.47058823529411764,0.2,0.5925925925925926,0.0,0.6923076923076923,0.9048249847202499,0.0,0.2,0.13054652694816152,1,0.6428571428571428,0,0.7777777777777777,0.5,0.5789473684210527,0.0,0.2872838028252983,-0.43714400681001697,0.6037735849056604,0.15011886840039004,0.8226551272757072,0.0,1.0,0.4291701333923465,0.3571428571428571,6.777277169498651,0.0,0.7254901960784313,0.2777777777777778,0.675968560175679
syn_stu_000522,syn_crs_00020,0.537630597701298,0.47058823529411764,0.8,0.4074074074074074,0.0,0.6190476190476191,0.7181201899859678,0.0,1.0,0.2259092657590816,1,0.5238095238095237,0,0.5925925925925926,0.2857142857142857,0.631578947368421,0.0,0.4063833710623654,2.5167386556781164,0.4339622641509434,0.18507588367598218,0.7390379955258862,0.25,0.8,0.7164635775075284,0.5,-3.582165577971499,0.0,0.6086956521739131,0.5384615384615384,0.6229693201261128
syn_stu_000523,syn_crs_00020,0.6851169095065791,0.4117647058823529,0.0,0.07407407407407407,0.0,0.36363636363636365,0.5896070038746617,0.0,0.0,0.013162375686053836,1,0.45238095238095233,0,0.2222222222222222,0.10714285714285714,0.3684210526315789,0.0,0.588416908361821,-0.014058774275973046,0.6415094339622641,0.5458121187119896,0.6609936480158076,0.0,0.0,0.6146069096334343,0.21428571428571427,0.06381419394994635,0.0,0.9069767441860465,0.75,0.6748649891828638
syn_stu_000524,syn_crs_00020,0.5210746142102992,0.058823529411764705,0.2,0.4814814814814815,0.0,0.9375,0.6806978337052115,0.0,0.2,0.11580691941367195,1,0.3571428571428571,0,0.4074074074074074,0.42857142857142855,0.15789473684210525,0.0,0.42023987459342654,1.485353218257999,0.20754716981132076,0.10913242051473276,0.7341588170842804,0.0,1.0,0.13252711901987987,0.5714285714285714,1.4905753446667571,0.0,0.41025641025641024,0.5333333333333333,0.39215198230544657
syn_stu_000525,syn_crs_00020,0.3880175508211483,0.11764705882352941,0.4,0.5185185185185185,0.3333333333333333,0.8888888888888888,0.5773925245721917,0.08333333333333333,0.8,0.09868543958600917,1,0.5,0,0.48148148148148145,0.4642857142857143,0.21052631578947367,0.0,0.2641234848869862,2.8963496579708226,0.5471698113207547,0.06836975035260916,0.6263017968698386,0.5,0.5,0.5452486892473188,0.2857142857142857,3.2773848131059866,0.0,0.7555555555555555,0.25,0.6485884306618317
syn_stu_000526,syn_crs_00020,0.2185079792380275,0.47058823529411764,0.0,0.18518518518518517,0.3333333333333333,0.4666666666666667,0.4996820849408544,0.3333333333333333,0.0,0.06037285903893881,1,0.40476190476190477,0,0.3703703703703704,0.14285714285714285,0.5263157894736842,0.0,0.0629379030896329,1.4072467045896517,0.41509433962264153,0.08663194013964091,0.8267904322891978,0.0,0.0,0.1163707244197138,0.21428571428571427,0.003660071802900863,0.0,0.6585365853658537,0.42857142857142855,0.4022898865900763
syn_stu_000527,syn_crs_00020,0.47537814743179513,0.3529411764705882,0.0,0.2222222222222222,0.0,0.5714285714285714,0.6953169611463036,0.0,0.0,0.05715973562113248,1,0.33333333333333326,0,0.3333333333333333,0.2142857142857143,0.3684210526315789,0.0,0.12871258179705064,-0.5154185793944406,0.4339622641509434,0.4211738612493198,0.7256939131604072,0.0,0.0,0.2472124990127728,0.21428571428571427,3.5267470142535444,0.0,0.7368421052631579,0.375,0.4533434826741156
syn_stu_000528,syn_crs_00020,0.5993592872270135,0.1764705882352941,0.2,0.18518518518518517,0.6666666666666666,0.7,0.9324070264263395,0.6666666666666666,0.2,0.024598178791735786,1,0.5238095238095237,0,0.18518518518518517,0.10714285714285714,0.3157894736842105,0.0,0.11596681808435504,1.151412726090844,0.4339622641509434,0.11581696173872259,0.5125925200872217,0.0,1.0,0.18386561191789644,0.14285714285714285,-1.2469224812519508,0.0,0.6086956521739131,0.2857142857142857,0.37013627243678116
syn_stu_000529,syn_crs_00020,0.4417843747725173,0.3529411764705882,1.0,0.4074074074074074,0.0,0.6842105263157895,0.48536932163738283,0.0,1.0,0.4239112815300038,0,0.5952380952380951,1,0.5185185185185186,0.2857142857142857,0.5263157894736842,0.0,0.3608864437723091,-3.3420004753964756,0.20754716981132076,0.09237063638772339,0.6720897943813311,0.0,1.0,0.4010153028206129,0.0,1.630552526385082,0.0,0.32653061224489793,0.0,0.5666331545622617
syn_stu_000530,syn_crs_00020,0.6461412882870898,0.29411764705882354,1.0,0.5925925925925926,0.0,0.782608695652174,0.8869939226900075,0.0,1.0,0.13973063459412638,1,0.5,0,0.6666666666666667,0.5,0.42105263157894735,0.0,0.5036759674879758,0.9807025339696757,0.5849056603773585,0.16209462397817787,0.8698601043856292,0.0,1.0,0.4587019973386295,0.6428571428571428,1.2418701103432643,0.0,0.8,0.5,0.632976098630613
syn_stu_000531,syn_crs_00020,0.19013313572620405,0.058823529411764705,0.4,0.3333333333333333,0.3333333333333333,0.9166666666666666,0.2260069324868365,0.06666666666666667,1.0,0.3123934803659677,1,0.5714285714285714,0,0.25925925925925924,0.3214285714285714,0.10526315789473684,0.0,0.154937217539064,1.4992713945715344,0.4339622641509434,0.028003525011444087,0.5237256421086999,0.75,0.4,0.1366299341468662,0.3571428571428571,-0.2733266157940134,0.0,0.5833333333333334,0.45454545454545453,0.3135715405475771
syn_stu_000532,syn_crs_00020,0.37413431468782576,0.3529411764705882,1.0,0.5555555555555555,0.3333333333333333,0.7391304347826086,0.6578171730652712,0.06666666666666667,1.0,0.22670059873056123,1,0.5952380952380951,0,0.6666666666666667,0.5357142857142857,0.3684210526315789,0.0,0.12071339141119074,0.3018997916346752,0.6226415094339622,0.3463581595064519,0.8959914248124079,0.0,1.0,0.1459403459700321,0.42857142857142855,0.9705003480064623,0.0,0.7755102040816326,0.35294117647058826,0.568597698462608
syn_stu_000533,syn_crs_00020,0.266865580215096,0.23529411764705882,0.0,0.25925925925925924,0.0,0.6923076923076923,0.3189818851754157,0.0,0.0,0.19087413210600465,1,0.33333333333333326,0,0.2962962962962963,0.14285714285714285,0.42105263157894735,0.0,0.31779613496317627,2.3230594913787743,0.169811320754717,0.11263491335531774,0.6794764839150796,0.0,0.0,0.48603164354791084,0.0,-2.6236961807281194,0.0,0.3684210526315789,0.0,0.6330938449334919
syn_stu_000534,syn_crs_00020,0.584860857438729,0.11764705882352941,0.4,0.25925925925925924,0.0,0.8181818181818182,0.9012110363938431,0.0,0.4,0.21883908484121378,1,0.5714285714285714,0,0.2222222222222222,0.25,0.15789473684210525,0.0,0.31739983480222356,0.5572560178302526,0.5094339622641509,0.18238669259476634,0.744323177382969,0.0,1.0,0.44347176065501576,0.3571428571428571,-0.8959491160098175,0.0,0.6666666666666666,0.5555555555555556,0.5763094049057981
syn_stu_000535,syn_crs_00020,0.6054578568039886,0.1764705882352941,0.6000000000000001,0.25925925925925924,0.0,0.75,0.979608123893567,0.0,0.6000000000000001,0.17693783664270196,0,0.30952380952380953,1,0.25925925925925924,0.2857142857142857,0.15789473684210525,0.0,0.18073402458470636,0.2939070691914101,0.32075471698113206,0.14348917064495298,0.7434025714810485,0.0,1.0,0.7012344697068141,0.2857142857142857,-3.8606412643287005,0.5,0.5945945945945946,0.4444444444444444,0.6919619276649308
syn_stu_000536,syn_crs_00020,0.5603812625101374,0.5882352941176471,0.0,0.37037037037037035,0.3333333333333333,0.5454545454545454,0.6249049564201685,0.3333333333333333,0.0,0.2826884668584463,1,0.6904761904761905,0,0.6296296296296295,0.3214285714285714,0.631578947368421,0.0,0.5563744513184589,3.664658626950411,0.5283018867924528,0.2898100708065055,0.8585219083975087,0.0,0.0,0.21721777027608968,0.5,-1.324679818028998,0.0,0.6226415094339622,0.5833333333333334,0.4694188631084055
syn_stu_000537,syn_crs_00021,0.6913866090857125,0.0,1.0,0.5555555555555555,0.3333333333333333,1.0,0.808114034751398,0.06666666666666667,1.0,0.2813220096731161,1,0.30952380952380953,0,0.44444444444444436,0.5,0.10526315789473684,0.5,0.5454857951049179,-1.9156764224742386,0.169811320754717,0.5671690934484734,0.7520102415178364,0.0,1.0,0.2706582385378927,0.0,3.414546287492688,0.0,0.3783783783783784,0.0,0.524016070933412
syn_stu_000538,syn_crs_00021,0.3728869976623625,0.23529411764705882,0.6000000000000001,0.5185185185185185,0.0,0.8,0.6822268928179474,0.0,0.6000000000000001,0.1268543402819743,1,0.7857142857142856,0,0.5555555555555556,0.42857142857142855,0.3684210526315789,0.0,0.24117932248091106,2.784267696536919,0.660377358490566,0.183912576363967,0.8094996776760297,0.0,1.0,0.23805606996385514,0.42857142857142855,1.261242551497263,0.0,0.7017543859649122,0.375,0.564409325610126
syn_stu_000539,syn_crs_00021,0.6429328341101388,0.0,0.8,0.4444444444444444,0.3333333333333333,1.0,0.8141868765117597,0.06666666666666667,1.0,0.13158471936310026,1,0.5714285714285714,0,0.3333333333333333,0.39285714285714285,0.10526315789473684,0.0,0.30376068592883465,2.625928993934132,0.5849056603773585,0.1165006384670891,0.6126109595361592,0.25,0.8,0.1302896373813584,0.07142857142857142,0.9237922925067883,0.5,0.75,0.07142857142857142,0.37901810701848515
syn_stu_000540,syn_crs_00021,0.5640336649723516,0.1764705882352941,0.0,0.25925925925925924,0.0,0.75,0.9472875713374913,0.0,0.2,0.13394660782453233,1,0.4285714285714286,0,0.25925925925925924,0.2142857142857143,0.2631578947368421,0.0,0.21992091645992645,1.690590635323301,0.5094339622641509,0.263351513412745,0.6680210006635434,0.25,0.0,0.27086288587616464,0.14285714285714285,-4.796640345633488,0.0,0.7619047619047619,0.2222222222222222,0.4231921304771651
syn_stu_000541,syn_crs_00021,0.5806667958038788,0.3529411764705882,0.8,0.5925925925925926,0.0,0.75,0.8303961561014824,0.0,0.8,0.07239701459011624,1,0.6904761904761905,0,0.7037037037037037,0.5714285714285714,0.3684210526315789,0.0,0.24391254710887406,-0.809025599672241,0.4716981132075472,0.08923095252715728,0.5776759393414616,0.0,1.0,0.22690370002912402,0.5,0.9601547649283094,0.5,0.5660377358490566,0.3888888888888889,0.49161581346418864
syn_stu_000542,syn_crs_00021,0.58524610109259,0.0,0.0,0.6296296296296297,0.0,1.0,0.8801090247210318,0.0,0.0,0.05054297213931385,1,0.45238095238095233,0,0.5185185185185186,0.5,0.21052631578947367,0.0,0.27151467532048396,0.685391163772637,0.18867924528301888,0.18585102504673093,0.7826207113213738,0.0,0.0,0.1619149205384549,0.9285714285714285,-0.1883262291631206,0.0,0.3488372093023256,0.6842105263157895,0.36709762766722753
syn_stu_000543,syn_crs_00021,0.44629939107936356,0.058823529411764705,0.0,0.3333333333333333,0.3333333333333333,0.9166666666666666,0.7410522923900666,0.3333333333333333,0.0,0.01091085083735039,1,0.4285714285714286,0,0.25925925925925924,0.2857142857142857,0.15789473684210525,0.0,0.11129667801331021,-1.6085853269701622,0.2641509433962264,0.040733155169053445,0.8511597898702657,0.0,0.0,0.3775417979115608,0.07142857142857142,1.612247256044132,0.0,0.4523809523809524,0.09090909090909091,0.6582621161221635
syn_stu_000544,syn_crs_00021,0.37849012095692913,0.47058823529411764,0.6000000000000001,0.2962962962962963,0.0,0.5555555555555556,0.6209347625064321,0.0,0.6000000000000001,0.09276789023536264,0,0.8095238095238095,0,0.48148148148148145,0.2142857142857143,0.5789473684210527,0.0,0.2492439187551029,-1.12422710119229,0.6792452830188679,0.10643149279232438,0.5686457770664923,0.0,1.0,0.10129544476924769,0.42857142857142855,4.1496497445178875,0.5,0.7068965517241379,0.6,0.345806203904511
syn_stu_000545,syn_crs_00021,0.47732332715692793,0.29411764705882354,0.0,0.2962962962962963,0.0,0.6666666666666666,0.6162421375203905,0.0,0.0,0.10113284301932321,1,0.47619047619047605,0,0.3703703703703704,0.2142857142857143,0.42105263157894735,0.0,0.4144604152121364,0.26288499182293257,0.32075471698113206,0.091899087811713,0.348040376220637,0.0,0.0,0.2332352578990931,0.21428571428571427,-1.2267603954815398,0.0,0.5,0.3,0.3140717569322026
syn_stu_000546,syn_crs_00021,0.4326923945659284,0.4117647058823529,0.2,0.37037037037037035,0.0,0.631578947368421,0.8394461536155663,0.0,0.2,0.1638810832794638,1,0.23809523809523814,0,0.5185185185185186,0.25,0.5789473684210527,0.0,0.09972397692047268,-1.767239162185761,0.41509433962264153,0.18114669025422836,0.716964945456662,0.0,1.0,0.37834176505677614,0.0,-0.9468174571511976,0.0,0.7941176470588235,0.0,0.5083118772277478
syn_stu_000547,syn_crs_00021,0.4829705604193978,0.7647058823529411,0.8,0.2962962962962963,0.6666666666666666,0.43478260869565216,0.8870280827744936,0.16666666666666666,0.8,0.15234191750629106,1,0.26190476190476186,0,0.6666666666666667,0.2857142857142857,0.7368421052631579,0.0,0.07637829546022429,-0.4666628441495144,0.41509433962264153,0.21268644058175645,0.8618541189327551,0.0,1.0,0.7994015610891423,0.07142857142857142,2.7543939977800838,1.0,0.7714285714285715,0.1,0.8230070260500765
syn_stu_000548,syn_crs_00021,0.5542694622867795,0.23529411764705882,0.4,0.14814814814814814,0.0,0.6,0.6309126454060006,0.0,0.4,0.12798338710483173,1,0.33333333333333326,0,0.18518518518518517,0.14285714285714285,0.2631578947368421,0.0,0.34501072111712233,-2.2040040271898285,0.4716981132075472,0.1775485948544813,0.940896829788531,0.0,1.0,0.2292529852122891,0.21428571428571427,-1.8102587622865738,0.0,0.7894736842105263,0.5,0.5997424344812283
syn_stu_000549,syn_crs_00021,0.49662227524312214,0.058823529411764705,0.4,0.4814814814814815,0.0,0.9375,0.8958801871080659,0.0,0.4,0.10142610096790769,1,0.2857142857142857,0,0.4074074074074074,0.42857142857142855,0.15789473684210525,0.0,0.054038879391041475,1.3058492772517352,0.4339622641509434,0.07051413933061469,0.6004300837131914,0.0,1.0,0.07128578955009712,0.7142857142857142,0.26217624251454014,0.0,0.7777777777777778,0.6666666666666666,0.3315669536553652
syn_stu_000550,syn_crs_00021,0.5669561460459627,0.11764705882352941,0.0,0.4444444444444444,0.3333333333333333,0.875,0.8688714706633537,0.3333333333333333,0.2,0.16878579878019712,1,0.7142857142857142,0,0.4074074074074074,0.3214285714285714,0.3157894736842105,0.0,0.3550748586401424,3.2697214920582343,0.7169811320754716,0.04777365820372208,0.8211155718714613,0.25,0.0,0.4761073214062136,0.21428571428571427,-5.989765465142124,0.0,0.7962962962962963,0.21428571428571427,0.5589233093101266
syn_stu_000551,syn_crs_00021,0.4499258105902983,0.11764705882352941,0.2,0.4074074074074074,0.0,0.8666666666666667,0.6386131628535588,0.0,0.8,0.08209525713188079,0,0.5,0,0.3703703703703704,0.42857142857142855,0.10526315789473684,0.0,0.2525050608008976,4.393837648179417,0.4339622641509434,0.12755386548975908,0.649875454784419,0.75,0.25,0.20906808519396017,0.07142857142857142,-0.9241667784963411,0.0,0.6222222222222222,0.07692307692307693,0.5150968284944448
syn_stu_000552,syn_crs_00021,0.4442331831846651,0.6470588235294118,0.6000000000000001,0.14814814814814814,0.0,0.35294117647058826,0.6351107794791621,0.0,1.0,0.04052656043146503,1,0.5238095238095237,0,0.44444444444444436,0.17857142857142855,0.5789473684210527,0.0,0.2614189703761838,-2.067038897782856,0.3018867924528302,0.05248628101064308,0.7080848857807187,0.5,0.6,0.4910274100883956,0.21428571428571427,3.915063340988274,0.0,0.45652173913043476,0.5,0.6320660249271234
syn_stu_000553,syn_crs_00021,0.542037467155411,0.0,0.8,0.5925925925925926,0.3333333333333333,1.0,0.8526136844206231,0.08333333333333333,0.8,0.14096098495222348,1,0.6190476190476191,0,0.48148148148148145,0.42857142857142855,0.2631578947368421,0.0,0.2665477599800736,-1.7156438543904244,0.660377358490566,0.02705770315117323,0.6137317243863312,0.0,1.0,0.43539613065909216,0.5714285714285714,1.0063096182789555,0.0,0.8,0.4444444444444444,0.5262935737144756
syn_stu_000554,syn_crs_00021,0.4828591231639942,0.5294117647058824,0.2,0.4074074074074074,0.0,0.5909090909090909,0.945227588091074,0.0,0.4,0.07215490884709551,1,0.4285714285714286,0,0.6296296296296295,0.3214285714285714,0.631578947368421,0.0,0.022032310818885244,-0.09994560632281264,0.6037735849056604,0.10513932273915749,0.5559955453584204,0.25,0.5,0.11891743628089628,0.5,2.6982523076230818,0.0,0.8809523809523809,0.5384615384615384,0.34241102209037283
syn_stu_000555,syn_crs_00021,0.588426276324042,0.5882352941176471,0.4,0.2222222222222222,0.6666666666666666,0.4444444444444444,0.8389605792525242,0.3333333333333333,0.4,0.1412047298072449,1,0.4285714285714286,0,0.48148148148148145,0.2142857142857143,0.5789473684210527,0.0,0.26152078126160183,1.644678045156884,0.4339622641509434,0.20731036897281718,0.5120092534838053,0.0,1.0,0.2542035701687241,0.0,2.868944604955111,0.0,0.6666666666666666,0.0,0.46729331321035605
syn_stu_000556,syn_crs_00021,0.2223992446825555,0.1764705882352941,0.0,0.37037037037037035,0.3333333333333333,0.8,0.3965504671376241,0.3333333333333333,0.0,0.41458165573424693,1,0.5,0,0.3703703703703704,0.39285714285714285,0.15789473684210525,0.0,0.12024066407573061,-0.18399433160784556,0.660377358490566,0.05545062048017525,0.636528298398169,0.0,0.0,0.5351691893459143,0.0,4.047775617964388,0.0,0.8888888888888888,0.0,0.5487123057378538
syn_stu_000557,syn_crs_00021,0.4345737069158974,0.29411764705882354,0.0,0.5185185185185185,0.0,0.7619047619047619,0.5749644693507225,0.0,0.0,0.10764418902913209,1,0.45238095238095233,0,0.5925925925925926,0.3214285714285714,0.5789473684210527,0.0,0.32877204484767314,2.155093325669603,0.6981132075471698,0.054063498584337684,0.3100279046267713,0.0,0.0,0.2244531118629144,0.07142857142857142,-1.0415030732991333,0.0,0.9767441860465116,0.0625,0.21882887377753443
syn_stu_000558,syn_crs_00022,0.6730525744863153,0.29411764705882354,0.2,0.25925925925925924,0.0,0.6428571428571429,0.9655931626263086,0.0,0.2,0.13816449563088395,1,0.47619047619047605,0,0.3333333333333333,0.2857142857142857,0.2631578947368421,0.0,0.2822999060570405,1.2922291206013006,0.4339622641509434,0.10021035691590749,0.7723231914266495,0.0,1.0,0.376834742204033,0.2857142857142857,2.8268421557461494,0.0,0.6363636363636364,0.4444444444444444,0.6170828180845073
syn_stu_000559,syn_crs_00022,0.3888432294374822,0.1764705882352941,0.4,0.3333333333333333,0.0,0.7857142857142857,0.5234904638096446,0.0,0.4,0.038731724789832056,1,0.1428571428571428,0,0.3333333333333333,0.35714285714285715,0.15789473684210525,0.0,0.20729971772971975,-3.307650735255628,0.33962264150943394,0.09089787184171146,0.8063836000223701,0.0,1.0,0.3518819470931785,0.5,6.742856362596708,0.0,0.7666666666666667,0.6363636363636364,0.6022672842477997
syn_stu_000560,syn_crs_00022,0.6500447282390758,0.1764705882352941,0.4,0.5555555555555555,0.0,0.85,0.9770793429655144,0.0,1.0,0.33890502454398275,1,0.4285714285714286,0,0.5555555555555556,0.5357142857142857,0.21052631578947367,0.0,0.1950989321510855,0.33886635163717965,0.5660377358490566,0.1188241133378771,0.8726606743944514,0.75,0.4,0.0008522337677607957,0.5,-0.07893762143763414,0.0,0.8333333333333334,0.4117647058823529,0.3862621986230649
syn_stu_000561,syn_crs_00022,0.6270284908528196,0.23529411764705882,1.0,0.4814814814814815,0.0,0.7894736842105263,0.7370848119088186,0.0,1.0,0.1534976953962899,1,0.5,0,0.5185185185185186,0.5,0.21052631578947367,0.0,0.37338719803715675,-2.250146223103325,0.22641509433962265,0.18041398617165408,0.8034450430600774,0.0,1.0,0.41773085923693043,0.07142857142857142,-3.958989445893655,0.0,0.37777777777777777,0.06666666666666667,0.6650220884644974
syn_stu_000562,syn_crs_00022,0.6526927583120845,0.4117647058823529,0.0,0.1111111111111111,0.0,0.4166666666666667,0.8432163108419455,0.0,0.0,0.16812502220474626,0,0.40476190476190477,0,0.25925925925925924,0.10714285714285714,0.42105263157894735,0.0,0.5982233178010951,-0.9027268814449659,0.13207547169811323,0.025314952656258792,0.505401437566811,0.0,0.0,0.3567431725909317,0.21428571428571427,-1.7848635430304014,0.0,0.2926829268292683,0.6,0.4458202012327648
syn_stu_000563,syn_crs_00022,0.6967773896331491,0.1764705882352941,0.2,0.2222222222222222,0.0,0.7272727272727273,0.9614349916416477,0.0,0.2,0.044780757235026995,1,0.30952380952380953,0,0.2222222222222222,0.25,0.15789473684210525,0.0,0.40329000886361044,-0.5965736503558382,0.37735849056603776,0.05917977660752383,0.7111792341201064,0.0,1.0,0.44427042995617955,0.0,1.4050103178782776,0.0,0.6756756756756757,0.0,0.5328269346891585
syn_stu_000564,syn_crs_00022,0.5705820754008253,0.1764705882352941,0.0,0.4444444444444444,0.0,0.8235294117647058,0.8428759860118072,0.0,0.0,0.031249048454457726,1,0.45238095238095233,0,0.44444444444444436,0.4642857142857143,0.15789473684210525,0.0,0.34908382754502876,1.7094886999050425,0.49056603773584906,0.03824454993934203,0.5414820925978949,0.0,0.0,0.25495700156179174,0.2857142857142857,-4.9851260024066955,0.0,0.7209302325581395,0.2857142857142857,0.4227357409341458
syn_stu_000565,syn_crs_00022,0.1974685744325091,0.5294117647058824,0.0,0.4074074074074074,0.0,0.5909090909090909,0.45302250970241426,0.0,0.0,0.03114150019595923,0,0.7380952380952381,1,0.6296296296296295,0.2857142857142857,0.6842105263157894,0.0,0.061786545964471605,0.1677120356267852,0.4716981132075472,0.28201743074463553,0.8881608466093914,0.0,0.0,0.3204530095735837,0.21428571428571427,-2.286253929120588,0.0,0.5454545454545454,0.23076923076923078,0.6213415914606979
syn_stu_000566,syn_crs_00022,0.40177483999949065,0.1764705882352941,0.4,0.2222222222222222,0.0,0.7272727272727273,0.6472820665169976,0.0,0.4,0.05628519243551331,0,0.7142857142857142,1,0.2222222222222222,0.25,0.15789473684210525,0.0,0.23518695189186634,-0.7057440225556082,0.7358490566037735,0.03075676994008089,0.9046082654702051,0.0,1.0,0.6990881394952729,0.3571428571428571,-0.9893485446871767,0.0,0.8148148148148148,0.625,0.7974459669875362
syn_stu_000567,syn_crs_00022,0.5883431566149688,0.1764705882352941,1.0,0.2962962962962963,0.0,0.7692307692307693,0.7988769060863904,0.0,1.0,0.22290603505017023,1,0.5,0,0.2962962962962963,0.25,0.2631578947368421,0.0,0.4078862420658304,4.417944211691793,0.3584905660377359,0.17619328106526505,0.409195769516002,0.0,1.0,0.033405459685770016,0.2857142857142857,0.3295741248268122,0.0,0.5333333333333333,0.4,0.24051615494839634
syn_stu_000568,syn_crs_00022,0.5195472698448365,0.5294117647058824,0.2,0.37037037037037035,0.0,0.5714285714285714,0.9468411398025413,0.0,0.2,0.4218258750003815,1,0.7142857142857142,0,0.5925925925925926,0.25,0.6842105263157894,0.0,0.12170546840415279,-1.56168395783197,0.660377358490566,0.11950472122782532,0.6042606927645172,0.0,1.0,0.40355484988050655,0.5,5.389530044508343,0.0,0.7407407407407407,0.5833333333333334,0.5352173030738749
syn_stu_000569,syn_crs_00022,0.30972739982027053,0.23529411764705882,0.4,0.4444444444444444,0.0,0.7777777777777778,0.488839181134745,0.0,0.8,0.3649186765517563,0,0.3571428571428571,1,0.48148148148148145,0.4642857142857143,0.21052631578947367,0.0,0.191304487328899,0.80076715494368,0.24528301886792453,0.014027591140747126,0.6328448801294358,0.5,0.5,0.18805714710050128,0.6428571428571428,2.063441425089536,0.0,0.46153846153846156,0.6428571428571429,0.4561606015739108
syn_stu_000570,syn_crs_00022,0.7333351458283137,0.11764705882352941,0.2,0.37037037037037035,0.0,0.8571428571428571,0.9534475896696427,0.0,0.4,0.1412922820074958,1,0.26190476190476186,0,0.3333333333333333,0.2857142857142857,0.2631578947368421,0.0,0.5145868414988317,1.5591249679059958,0.22641509433962265,0.018813142752502246,0.8999254185075553,0.25,0.5,0.21279740476985592,0.14285714285714285,-3.3415885825810463,0.0,0.4857142857142857,0.16666666666666666,0.56172618009437
syn_stu_000571,syn_crs_00022,0.5182103677669652,0.3529411764705882,0.2,0.1111111111111111,0.0,0.45454545454545453,0.5550782966466551,0.0,0.6000000000000001,0.03910164103504451,1,0.38095238095238093,0,0.2222222222222222,0.10714285714285714,0.3684210526315789,0.0,0.23667781909834423,0.5598440706176897,0.169811320754717,0.025677894507831922,0.7792813440365538,0.5,0.3333333333333333,0.3149941519333804,0.0,11.60282188700638,0.0,0.35,0.0,0.5336069819572985
syn_stu_000572,syn_crs_00022,0.5888733980248806,0.29411764705882354,0.6000000000000001,0.25925925925925924,0.3333333333333333,0.6428571428571429,0.762374162394644,0.06666666666666667,1.0,0.08461372112027496,1,0.6904761904761905,0,0.3333333333333333,0.25,0.3157894736842105,0.0,0.5878944931564427,-1.5733183711812266,0.3018867924528302,0.17667320503582581,0.8515131761051556,0.5,0.6,0.5462898409849484,0.42857142857142855,-0.04956087961858187,0.0,0.39622641509433965,0.6666666666666666,0.7108545580076528
syn_stu_000573,syn_crs_00023,0.7619456064800203,0.29411764705882354,0.6000000000000001,0.37037037037037035,0.0,0.7058823529411765,0.7236936893320433,0.0,0.8,0.038091495691837035,1,0.3571428571428571,0,0.44444444444444436,0.39285714285714285,0.2631578947368421,0.0,0.6864798318958918,-1.6754021046595386,0.169811320754717,0.12526480867550338,0.65469077328907,0.25,0.75,0.26057603863358686,0.3571428571428571,-5.041266585232474,0.5,0.358974358974359,0.4166666666666667,0.5171773722770974
syn_stu_000574,syn_crs_00023,0.6508875162188974,0.0,0.8,0.25925925925925924,0.0,1.0,0.8439111375996718,0.0,0.8,0.1516584864604215,1,0.1428571428571428,0,0.14814814814814814,0.25,0.05263157894736842,0.0,0.4597013261725818,1.4637584027971389,0.11320754716981131,0.052663391597858523,0.5430052044039719,0.0,1.0,0.07394409216284092,0.3571428571428571,-3.1151432990531642,0.0,0.36666666666666664,0.5555555555555556,0.3399712649104244
syn_stu_000575,syn_crs_00023,0.4509449535098208,0.4117647058823529,0.2,0.37037037037037035,0.0,0.631578947368421,0.8467756443432856,0.0,0.4,0.13990306040383102,1,0.5238095238095237,0,0.5185185185185186,0.3214285714285714,0.47368421052631576,0.0,0.09890214739208052,2.3128024620507928,0.33962264150943394,0.03822173607411532,0.7970079019334738,0.25,0.5,0.6395185095408404,0.5,-3.0973842377973257,0.0,0.5,0.5833333333333334,0.701926827728169
syn_stu_000576,syn_crs_00023,0.33358806774214383,0.5294117647058824,0.0,0.3333333333333333,0.3333333333333333,0.55,0.5637141317860954,0.3333333333333333,0.0,0.055975634273389314,1,0.38095238095238093,0,0.5555555555555556,0.35714285714285715,0.47368421052631576,0.0,0.3052830113071472,0.11743041775965127,0.5094339622641509,0.5054870056177806,0.6344203675611014,0.0,0.0,0.44621922110864787,0.5,-4.043943623154175,0.0,0.8,0.6363636363636364,0.5431024309202922
syn_stu_000577,syn_crs_00023,0.43252357297752553,0.23529411764705882,1.0,0.5185185185185185,0.0,0.8,0.7080206544153107,0.0,1.0,0.05529853833611708,0,0.8333333333333333,0,0.5555555555555556,0.4642857142857143,0.3157894736842105,0.0,0.08075016028232188,-2.4129728632656193,0.5471698113207547,0.4592319041472636,0.3936295358831512,0.0,1.0,0.32647345213138484,0.3571428571428571,1.538888072927974,0.0,0.576271186440678,0.3125,0.44333448164597067
syn_stu_000578,syn_crs_00023,0.49374239539610976,0.0,0.8,0.4444444444444444,0.0,1.0,0.8157359050979616,0.0,1.0,0.13512556462621447,0,0.40476190476190477,1,0.3333333333333333,0.4642857142857143,0.0,0.0,0.31584563542685595,0.2423449739448458,0.3018867924528302,0.07378107329919097,0.7793656910384335,0.25,0.8,0.17796281325053132,0.14285714285714285,-8.000754810235659,0.5,0.5121951219512195,0.14285714285714285,0.5161288645316582
syn_stu_000579,syn_crs_00023,0.5965194724758744,0.23529411764705882,1.0,0.37037037037037035,0.0,0.75,0.8830969340296968,0.0,1.0,0.11000641462064926,1,0.26190476190476186,0,0.4074074074074074,0.35714285714285715,0.2631578947368421,0.0,0.22715262047992496,3.2514877976249563,0.39622641509433965,0.3206276594489506,0.3891346891734534,0.0,1.0,0.08555542481306017,0.2857142857142857,2.946752841880807,0.0,0.7428571428571429,0.3333333333333333,0.2449356518356596
syn_stu_000580,syn_crs_00023,0.43678856518827064,0.1764705882352941,0.4,0.2962962962962963,0.3333333333333333,0.7692307692307693,0.4516057152959389,0.16666666666666666,0.4,0.20495156132997933,1,0.5476190476190477,0,0.2962962962962963,0.25,0.2631578947368421,0.0,0.24783832818122686,-1.7904482445607577,0.5471698113207547,0.25777620507210564,0.7485643643252783,0.0,1.0,0.5408313236289181,0.0,2.4432246995845386,0.0,0.723404255319149,0.0,0.7017167628470444
syn_stu_000581,syn_crs_00023,0.4342605794818891,0.23529411764705882,0.0,0.2962962962962963,0.0,0.7142857142857143,0.6223695195037566,0.0,0.2,0.2871012322333353,1,0.5714285714285714,0,0.3333333333333333,0.25,0.3157894736842105,0.0,0.3744320158193406,-0.41357297141232613,0.7547169811320754,0.016819448509994037,0.34147727585982196,0.25,0.0,0.11134422155627793,0.5,-1.3694375147982987,0.0,0.9375,0.7,0.1992562365442705
syn_stu_000582,syn_crs_00023,0.41566895975026386,0.47058823529411764,0.2,0.037037037037037035,0.0,0.2727272727272727,0.6026417506265194,0.0,0.2,0.08798827225192549,1,0.45238095238095233,0,0.2222222222222222,0.03571428571428571,0.47368421052631576,0.0,0.11186011037826822,0.3375909126824218,0.39622641509433965,0.28485132164183,0.7823942605313248,0.0,1.0,0.4380684645881687,0.07142857142857142,2.747138382774857,0.0,0.6046511627906976,0.3333333333333333,0.6266766517893898
syn_stu_000583,syn_crs_00023,0.6838264760949156,0.29411764705882354,0.4,0.25925925925925924,0.0,0.6428571428571429,0.8944175094484201,0.0,0.4,0.0191859326573571,0,0.5952380952380951,1,0.3333333333333333,0.17857142857142855,0.42105263157894735,0.0,0.4706915062666977,2.398041526234328,0.20754716981132076,0.03754181782206614,0.8992077108278916,0.0,1.0,0.3200282133167962,0.07142857142857142,-3.2782278923207957,0.0,0.32653061224489793,0.1111111111111111,0.7033990463717597
syn_stu_000584,syn_crs_00023,0.3598773477352199,0.1764705882352941,0.4,0.2962962962962963,0.0,0.7692307692307693,0.7716391454173691,0.0,0.4,0.30305304988201026,0,0.5,0,0.2962962962962963,0.2857142857142857,0.21052631578947367,0.0,0.15753601323719954,-0.8376350888135007,0.7358490566037735,0.13335149685568934,0.6027841877172229,0.0,1.0,0.3101880990896829,0.21428571428571427,-2.526969345601254,0.0,0.9777777777777777,0.3,0.4891636110576974
syn_stu_000585,syn_crs_00023,0.5601843320553568,0.29411764705882354,0.2,0.5925925925925926,0.0,0.782608695652174,0.9502702113414218,0.0,0.2,0.40605695100406924,1,0.38095238095238093,0,0.6666666666666667,0.5357142857142857,0.3684210526315789,0.5,0.29058013826404605,1.1898049678469524,0.6037735849056604,0.03327645586166563,0.5607677285893053,0.0,1.0,0.20784029966325251,0.2857142857142857,1.648648692631793,0.0,0.925,0.2222222222222222,0.46534653217800653
syn_stu_000586,syn_crs_00023,0.47665214160771885,0.1764705882352941,1.0,0.5555555555555555,0.0,0.85,0.8729215170671119,0.0,1.0,0.28534726833123725,1,0.5952380952380951,0,0.5555555555555556,0.5357142857142857,0.21052631578947367,0.5,0.06256010188447167,3.003523245329894,0.5094339622641509,0.059645828615707164,0.7101950133740386,0.0,1.0,0.3972611624863405,0.42857142857142855,-0.62862372748456,0.0,0.6530612244897959,0.35294117647058826,0.5495401106675979
syn_stu_000587,syn_crs_00023,0.2736637042992551,0.1764705882352941,0.6000000000000001,0.14814814814814814,0.3333333333333333,0.6666666666666666,0.33849088369404984,0.1111111111111111,0.6000000000000001,0.042146553809238645,0,0.5952380952380951,0,0.14814814814814814,0.10714285714285714,0.2631578947368421,0.5,0.16871820034116403,-2.7420498247868608,0.49056603773584906,0.1579410762112395,0.615089985810062,0.0,1.0,0.2259106522388245,0.14285714285714285,-1.8753202580035042,0.0,0.6326530612244898,0.3333333333333333,0.39669015851078376
syn_stu_000588,syn_crs_00023,0.2153037831581307,0.058823529411764705,0.2,0.4814814814814815,0.0,0.9375,0.47026388726911045,0.0,0.2,0.039796487874047506,1,0.6428571428571428,0,0.4074074074074074,0.5,0.05263157894736842,0.0,0.11841280460705128,-2.4007665456150296,0.4716981132075472,0.15206299427298398,0.7432241579532384,0.0,1.0,0.2920883694013713,0.14285714285714285,-0.3406030456389132,0.0,0.5882352941176471,0.13333333333333333,0.5756671495088937
syn_stu_000589,syn_crs_00023,0.32144802228016417,0.29411764705882354,0.4,0.2962962962962963,0.0,0.6666666666666666,0.4701366062484289,0.0,0.6000000000000001,0.16293096372873428,1,0.5714285714285714,0,0.3703703703703704,0.17857142857142855,0.47368421052631576,0.0,0.16958892894653568,0.03388286310499229,0.37735849056603776,0.16217887160201186,0.9374830867220298,0.25,0.6666666666666666,0.31936217710738896,0.14285714285714285,3.956293278805777,0.0,0.5208333333333334,0.2,0.5370067914832454
syn_stu_000590,syn_crs_00023,0.5630923904727614,0.47058823529411764,0.8,0.25925925925925924,0.6666666666666666,0.5294117647058824,0.8433682568090012,0.16666666666666666,0.8,0.07262449494154408,1,0.6190476190476191,0,0.44444444444444436,0.25,0.47368421052631576,0.0,0.20046092810170915,2.1820220938624875,0.6981132075471698,0.282013605413053,0.667218561055797,0.0,1.0,0.5528716916625324,0.5,3.839985971637148,0.0,0.84,0.7777777777777778,0.6190546366552819
syn_stu_000591,syn_crs_00023,0.5299303589091215,0.23529411764705882,0.6000000000000001,0.14814814814814814,0.0,0.6,0.7932097664907763,0.0,0.6000000000000001,0.25337198569814445,1,0.6190476190476191,0,0.18518518518518517,0.10714285714285714,0.3157894736842105,0.0,0.16679339938553628,0.8869390321601353,0.5660377358490566,0.08043298854778771,0.44035597814534505,0.0,1.0,0.3219186830396827,0.21428571428571427,1.2783790669107002,0.5,0.7,0.5,0.4326811481732673
syn_stu_000592,syn_crs_00023,0.46856661046565706,1.0,1.0,0.1111111111111111,0.0,0.22727272727272727,0.711506217247204,0.0,1.0,0.20204041294051386,1,0.2142857142857143,0,0.6296296296296295,0.14285714285714285,0.894736842105263,0.0,0.2669106004106875,2.360708893901751,0.169811320754717,0.20941875994405254,0.7128576995657521,0.0,1.0,0.07138671674258462,0.07142857142857142,-1.0662938858144753,0.0,0.42424242424242425,0.2,0.4202478049898387
syn_stu_000593,syn_crs_00023,0.4601393091492292,0.11764705882352941,0.8,0.4074074074074074,0.0,0.8666666666666667,0.8386682582612575,0.0,1.0,0.10625424575077072,1,0.5,0,0.3703703703703704,0.39285714285714285,0.15789473684210525,0.0,0.037763482181543295,-3.183126591621972,0.2641509433962264,0.008252477815828762,0.5960957769522383,0.25,0.8,0.4342234102687325,0.2857142857142857,1.5642384749163756,0.0,0.4222222222222222,0.3076923076923077,0.4100345810911061
syn_stu_000594,syn_crs_00023,0.6099408555504318,0.47058823529411764,0.4,0.14814814814814814,0.6666666666666666,0.42857142857142855,0.8031885618877287,0.3333333333333333,0.4,0.2909629273924409,1,0.4285714285714286,0,0.3333333333333333,0.10714285714285714,0.5263157894736842,0.0,0.30944961056670545,0.9128998631794161,0.169811320754717,0.3014930419704502,0.4785182820198677,0.0,1.0,0.45797689533222435,0.07142857142857142,-2.587342053678351,0.0,0.3333333333333333,0.16666666666666666,0.4009478356511421
syn_stu_000595,syn_crs_00023,0.5425728264507013,0.4117647058823529,0.4,0.14814814814814814,0.3333333333333333,0.46153846153846156,0.8536016337209471,0.16666666666666666,0.4,0.041286029187485196,1,0.6428571428571428,0,0.2962962962962963,0.17857142857142855,0.3684210526315789,0.0,0.1462984212585884,-5.472439717030723,0.37735849056603776,0.3794424986595,0.7021959286062419,0.0,1.0,0.5793056571263365,0.0,3.5068448830379646,0.0,0.49019607843137253,0.0,0.6350315488548601
syn_stu_000596,syn_crs_00023,0.6828275129029889,0.11764705882352941,0.0,0.2962962962962963,0.3333333333333333,0.8333333333333334,0.8422814902955222,0.3333333333333333,0.2,0.30422296925266,1,0.6666666666666667,0,0.25925925925925924,0.2142857142857143,0.2631578947368421,0.0,0.43422981397754334,2.8750614635626435,0.5094339622641509,0.26380122880452844,0.9101300844229349,0.25,0.0,0.15736014762590694,0.14285714285714285,2.8512746326789635,0.0,0.6153846153846154,0.2,0.5574884016632771
syn_stu_000597,syn_crs_00023,0.40237206701572326,0.4117647058823529,0.6000000000000001,0.5555555555555555,0.0,0.7083333333333334,0.5996983593420178,0.0,0.8,0.0628279541781144,1,0.4285714285714286,0,0.7037037037037037,0.42857142857142855,0.5789473684210527,0.0,0.19369511312605345,2.598913520378678,0.6415094339622641,0.3679586349886045,0.7087251214634487,0.25,0.75,0.08336988291510733,0.5714285714285714,5.79476971589294,0.0,0.9285714285714286,0.47058823529411764,0.4217540065932716
syn_stu_000598,syn_crs_00023,0.5668184357616995,0.5294117647058824,1.0,0.3333333333333333,0.3333333333333333,0.55,0.8164036250790841,0.06666666666666667,1.0,0.2179052268301654,0,0.40476190476190477,1,0.5555555555555556,0.35714285714285715,0.47368421052631576,0.0,0.32668502014857353,-0.4357961975174098,0.33962264150943394,0.20705599683226025,0.7036508204308408,0.0,1.0,0.21194358159568844,0.21428571428571427,-2.40653051498364,0.0,0.5609756097560976,0.2727272727272727,0.45748900698017425
syn_stu_000599,syn_crs_00023,0.5115004753464679,0.23529411764705882,0.4,0.2222222222222222,0.0,0.6666666666666666,0.8806994373122408,0.0,0.6000000000000001,0.05283562208929597,0,0.38095238095238093,0,0.25925925925925924,0.2142857142857143,0.2631578947368421,0.0,0.11509015600520336,-4.398146133533434,0.3584905660377359,0.0891112746271329,0.7872661244681348,0.25,0.6666666666666666,0.3895818835565898,0.14285714285714285,-2.7788926536590948,0.0,0.6,0.25,0.6249360034398981
syn_stu_000600,syn_crs_00023,0.6091905546995239,0.47058823529411764,0.2,0.37037037037037035,0.0,0.6,0.9087765418109658,0.0,0.2,0.13628284616033784,0,0.40476190476190477,0,0.5555555555555556,0.39285714285714285,0.42105263157894735,0.0,0.38598143948826863,-0.1967063543424628,0.13207547169811323,0.2810721633219065,0.5643651902307703,0.0,1.0,0.08420727298734448,0.42857142857142855,1.6539725172431585,0.0,0.2926829268292683,0.5,0.34613098676351056
syn_stu_000601,syn_crs_00023,0.39496989255109105,0.4117647058823529,0.6000000000000001,0.4814814814814815,0.3333333333333333,0.6818181818181818,0.5145202177764429,0.1111111111111111,0.6000000000000001,0.14471048396175554,1,0.1428571428571428,0,0.6296296296296295,0.39285714285714285,0.5263157894736842,0.0,0.164210068018102,2.453923868773018,0.24528301886792453,0.017370337891401987,0.6113604404084085,0.0,1.0,0.17484048945433422,0.2857142857142857,-0.8212869124488004,0.0,0.6,0.26666666666666666,0.38666993507853104
syn_stu_000602,syn_crs_00023,0.4893973055201368,0.11764705882352941,0.6000000000000001,0.5185185185185185,0.0,0.8888888888888888,0.8762624734182052,0.0,0.8,0.7015263747216786,0,0.7380952380952381,0,0.48148148148148145,0.5357142857142857,0.10526315789473684,0.0,0.2555725932988775,1.0486990154207452,0.660377358490566,0.06946027515901798,0.39943623476273776,0.25,0.75,0.39063241790060443,0.3571428571428571,2.9979574876857673,0.0,0.7272727272727273,0.3125,0.42191433861435584
syn_stu_000603,syn_crs_00023,0.42991654113544525,0.23529411764705882,0.0,0.25925925925925924,0.3333333333333333,0.6923076923076923,0.5788506869713967,0.3333333333333333,0.0,0.13045722882282587,1,0.5952380952380951,0,0.2962962962962963,0.25,0.2631578947368421,0.0,0.3314134264914008,3.9188227541841165,0.5283018867924528,0.03771536973294861,0.7312729325537837,0.0,0.0,0.01880392818578368,0.21428571428571427,3.9531301063023947,0.0,0.673469387755102,0.3333333333333333,0.34266506707907785
syn_stu_000604,syn_crs_00023,0.5538343572930355,0.7058823529411764,0.6000000000000001,0.4444444444444444,0.0,0.5384615384615384,0.5726143707361331,0.0,0.6000000000000001,0.41865693102179413,1,0.7142857142857142,0,0.7777777777777777,0.3214285714285714,0.8421052631578947,0.0,0.5386786255191727,-0.37207072944509934,0.8113207547169812,0.054122649208050155,0.7998079624987711,0.0,1.0,0.25918088267175154,0.21428571428571427,5.108414119252868,0.0,0.8888888888888888,0.21428571428571427,0.5613354711919776
syn_stu_000605,syn_crs_00023,0.48373667468492765,0.058823529411764705,0.2,0.4444444444444444,0.0,0.9333333333333333,0.7397477754349339,0.0,0.6000000000000001,0.20659862866784096,1,0.45238095238095233,0,0.3703703703703704,0.3214285714285714,0.2631578947368421,0.0,0.18075762404126938,4.280980300775079,0.6981132075471698,0.21039261708724108,0.405182477454026,0.5,0.3333333333333333,0.37422360179253594,0.7142857142857142,0.17519489306938013,0.0,0.9767441860465116,0.7142857142857143,0.34735790590259624
syn_stu_000606,syn_crs_00023,0.3442375940753503,0.11764705882352941,0.4,0.3333333333333333,0.0,0.8461538461538461,0.4978929835328828,0.0,0.6000000000000001,0.020163147957036283,0,0.2142857142857143,1,0.2962962962962963,0.3214285714285714,0.15789473684210525,0.0,0.12482935311759799,-3.8244267486465673,0.41509433962264153,0.10731523356192026,0.7650390033631983,0.25,0.6666666666666666,0.32172651233228444,0.0,2.641153853732207,0.0,0.8181818181818182,0.0,0.5677550784414694
syn_stu_000607,syn_crs_00023,0.5993655682827443,0.3529411764705882,0.2,0.4074074074074074,0.0,0.6842105263157895,0.7820204405738869,0.0,0.6000000000000001,0.4696006524003555,1,0.40476190476190477,0,0.5185185185185186,0.35714285714285715,0.42105263157894735,0.0,0.2678120802620141,-1.2987202770713149,0.5660377358490566,0.12577025817469029,0.5739735911444339,0.5,0.3333333333333333,0.1806880687540964,0.21428571428571427,-1.5508785031828745,0.0,0.8536585365853658,0.23076923076923078,0.4004736011238743
syn_stu_000608,syn_crs_00023,0.36878758308480636,0.1764705882352941,0.6000000000000001,0.5555555555555555,0.0,0.85,0.5703002016375894,0.0,1.0,0.07051279897162119,1,0.47619047619047605,0,0.5555555555555556,0.5357142857142857,0.21052631578947367,0.0,0.15949975315153547,-2.37138397940692,0.4339622641509434,0.10782921400926808,0.4291920944918657,0.5,0.6,0.4132409178995348,0.5,0.6516450033816044,0.0,0.6363636363636364,0.4117647058823529,0.40627281378721153
syn_stu_000609,syn_crs_00023,0.5151605309785797,0.11764705882352941,0.0,0.2962962962962963,0.0,0.8333333333333334,0.6320219102136502,0.0,0.0,0.03191235013840196,0,0.6428571428571428,1,0.25925925925925924,0.25,0.21052631578947367,0.0,0.4700977367264718,1.6915474370415873,0.5283018867924528,0.03264923603156728,0.6661703394013876,0.0,0.0,0.04057478682970007,0.2857142857142857,-0.16031099277919106,0.0,0.6470588235294118,0.4,0.3851200731976892
syn_stu_000610,syn_crs_00024,0.44490667715317855,0.5294117647058824,0.4,0.3333333333333333,0.6666666666666666,0.55,0.8317493158984679,0.2222222222222222,0.6000000000000001,0.21721881310509786,1,0.5952380952380951,0,0.5555555555555556,0.2857142857142857,0.5789473684210527,0.0,0.0725677115594724,-2.2039589397203336,0.4339622641509434,0.21471166148610782,0.7087496326186109,0.25,0.6666666666666666,0.6862490865310952,0.42857142857142855,-0.3203203816801552,0.0,0.5714285714285714,0.5454545454545454,0.7746342734111709
syn_stu_000611,syn_crs_00024,0.4833718513342185,0.1764705882352941,0.8,0.37037037037037035,0.6666666666666666,0.8,0.6846336604303115,0.16666666666666666,0.8,0.09693922574799554,0,0.5476190476190477,1,0.3703703703703704,0.35714285714285715,0.21052631578947367,0.0,0.31404979785912823,2.23233254665696,0.5660377358490566,0.0934061176548186,0.6531742049225031,0.0,1.0,0.17476617504031403,0.14285714285714285,5.4717501005527724,0.0,0.7446808510638298,0.16666666666666666,0.36296946551035747
syn_stu_000612,syn_crs_00024,0.46099578736120217,0.058823529411764705,0.6000000000000001,0.4074074074074074,0.0,0.9285714285714286,0.6051236117162564,0.0,0.8,0.06943676711086422,1,0.33333333333333326,0,0.3333333333333333,0.42857142857142855,0.05263157894736842,0.0,0.2648746166692037,1.5912669659343581,0.2830188679245283,0.307898267283498,0.915813141437123,0.25,0.75,0.06522459046007148,0.14285714285714285,-4.026239761799199,0.0,0.5263157894736842,0.15384615384615385,0.5382287591141058
syn_stu_000613,syn_crs_00024,0.3336305292568776,0.0,0.4,0.37037037037037035,0.0,1.0,0.44458621923221464,0.0,0.4,0.12225169063540348,1,0.6190476190476191,0,0.25925925925925924,0.35714285714285715,0.05263157894736842,0.0,0.3293747390423041,0.5791121131417122,0.39622641509433965,0.17301617369757874,0.44513449870038946,0.0,1.0,0.39769724900710507,0.3571428571428571,-0.014934688384492068,0.0,0.52,0.4166666666666667,0.47574054575249813
syn_stu_000614,syn_crs_00024,0.36580079299192464,0.11764705882352941,1.0,0.4444444444444444,0.0,0.875,0.5194971855564888,0.0,1.0,0.0861215559441127,1,0.5714285714285714,0,0.4074074074074074,0.3214285714285714,0.3157894736842105,0.0,0.22964737253979067,-0.00878501770200958,0.169811320754717,0.10617022956307408,0.614372114835196,0.0,1.0,0.3945256530266888,0.42857142857142855,0.1613115543202912,0.0,0.2916666666666667,0.42857142857142855,0.4940858989963064
syn_stu_000615,syn_crs_00024,0.4992053269146634,0.29411764705882354,0.2,0.4074074074074074,0.0,0.7222222222222222,0.7006133964732413,0.0,0.2,0.15890200093162635,1,0.47619047619047605,0,0.48148148148148145,0.39285714285714285,0.3157894736842105,0.0,0.1355310555035837,-1.8893172985694473,0.5283018867924528,0.10515954823239529,0.491996507868085,0.0,1.0,0.48187151091764946,0.07142857142857142,1.9299023784926819,0.0,0.75,0.07692307692307693,0.5269790903336002
syn_stu_000616,syn_crs_00024,0.3281781410535309,0.4117647058823529,0.2,0.2222222222222222,0.0,0.5333333333333333,0.4721327937273995,0.0,0.4,0.045336125940858556,1,0.3571428571428571,0,0.3703703703703704,0.17857142857142855,0.47368421052631576,0.0,0.16623827528619498,1.4179582353457507,0.39622641509433965,0.32372961711659026,0.8574371004364473,0.25,0.5,0.22898634099288406,0.14285714285714285,-3.29151694029228,0.0,0.6666666666666666,0.25,0.5304830899270906
syn_stu_000617,syn_crs_00024,0.4369452481205468,0.29411764705882354,0.8,0.2222222222222222,0.0,0.6153846153846154,0.8978796620897537,0.0,0.8,0.051439096089017824,0,0.5,1,0.2962962962962963,0.17857142857142855,0.3684210526315789,0.0,0.08130411372708073,-0.8048892927190726,0.15094339622641512,0.29662517209283845,0.9370909727233787,0.0,1.0,0.6974108357222485,0.0,-0.8969554271187515,0.0,0.28888888888888886,0.0,0.8800610525015266
syn_stu_000618,syn_crs_00024,0.5875380094753934,0.1764705882352941,0.4,0.5185185185185185,0.0,0.8421052631578947,0.952979775473875,0.0,0.4,0.13114082459653578,1,0.40476190476190477,0,0.5185185185185186,0.42857142857142855,0.3157894736842105,0.0,0.2560747051811832,1.7409781471637382,0.3584905660377359,0.22128841581416653,0.31946730708879617,0.0,1.0,0.27320392950391703,0.14285714285714285,-1.7873001925445726,0.0,0.5853658536585366,0.125,0.15938805742912018
syn_stu_000619,syn_crs_00024,0.3000277644099473,0.47058823529411764,0.2,0.2222222222222222,0.0,0.5,0.628170271362105,0.0,0.4,0.2621424157273764,1,0.6666666666666667,0,0.4074074074074074,0.25,0.42105263157894735,0.0,0.1951835852113659,3.2004352743507236,0.37735849056603776,0.05234805891564601,0.8256283249539601,0.25,0.5,0.6838679706910095,0.3571428571428571,-6.755735360929037,0.5,0.4807692307692308,0.625,0.8269926060187067
syn_stu_000620,syn_crs_00024,0.5325159081016115,0.29411764705882354,0.4,0.18518518518518517,0.0,0.5833333333333334,0.8036712157245524,0.0,0.6000000000000001,0.06106859870091899,1,0.6190476190476191,0,0.25925925925925924,0.17857142857142855,0.3157894736842105,0.0,0.26724660881194506,-0.4138272181207877,0.6981132075471698,0.3506231347745253,0.5970312489665477,0.25,0.6666666666666666,0.20374385437517728,0.14285714285714285,3.487434123483288,0.0,0.84,0.2857142857142857,0.3447736435265713
syn_stu_000621,syn_crs_00024,0.47007170163840895,0.4117647058823529,0.6000000000000001,0.14814814814814814,0.0,0.46153846153846156,0.5924979032269112,0.0,0.6000000000000001,0.1479359793165401,1,0.38095238095238093,0,0.2962962962962963,0.07142857142857142,0.5263157894736842,0.0,0.18287736395588033,2.8449115168978727,0.09433962264150943,0.008234719845069405,0.7255312006570961,0.0,1.0,0.42005462449871966,0.07142857142857142,-4.40979698756988,0.0,0.25,0.16666666666666666,0.5772914100705692
syn_stu_000622,syn_crs_00024,0.42108152193454296,0.5294117647058824,1.0,0.4074074074074074,0.3333333333333333,0.5909090909090909,0.7414825384699377,0.06666666666666667,1.0,0.11689476653336828,1,0.5476190476190477,0,0.6296296296296295,0.2857142857142857,0.6842105263157894,0.5,0.21934080213798948,0.5837661085814282,0.22641509433962265,0.09528364108191074,0.9179588332612272,0.0,1.0,0.4148185283639718,0.21428571428571427,-4.809656413614291,0.5,0.3617021276595745,0.23076923076923078,0.6256911641745774
syn_stu_000623,syn_crs_00024,0.5247976463898393,0.23529411764705882,0.2,0.25925925925925924,0.0,0.6923076923076923,0.7884309353097781,0.0,0.6000000000000001,0.3227329853156142,1,0.6904761904761905,0,0.2962962962962963,0.2857142857142857,0.21052631578947367,0.0,0.40676904458130564,1.3973183607691477,0.6037735849056604,0.07951174942931626,0.8104162100708855,0.5,0.3333333333333333,0.7898271458501602,0.21428571428571427,2.8428840691252546,0.0,0.6981132075471698,0.3333333333333333,0.8749471881395958
syn_stu_000624,syn_crs_00024,0.3338579933035603,0.4117647058823529,0.2,0.14814814814814814,0.0,0.46153846153846156,0.6316472504806291,0.0,0.2,0.09131238905198875,1,0.5,0,0.2962962962962963,0.10714285714285714,0.47368421052631576,0.5,0.10139473780154128,-2.4404186599299718,0.5283018867924528,0.04615326740069207,0.8282215304757861,0.0,1.0,0.28958440670439595,0.0,-1.0045652694451888,0.0,0.7333333333333333,0.0,0.5474500410101442
syn_stu_000625,syn_crs_00024,0.494697087741539,0.4117647058823529,0.0,0.5555555555555555,0.0,0.7083333333333334,0.577330758734486,0.0,0.0,0.3383615258834548,1,0.5952380952380951,0,0.7037037037037037,0.4642857142857143,0.5263157894736842,0.0,0.3199317827156407,-1.1697775524095944,0.6792452830188679,0.18472334347450556,0.7918020210545357,0.0,0.0,0.3461716817386979,0.21428571428571427,-0.9008521855560954,0.0,0.8367346938775511,0.17647058823529413,0.5418816335934048
syn_stu_000626,syn_crs_00024,0.7084973378169225,0.1764705882352941,0.6000000000000001,0.37037037037037035,0.3333333333333333,0.8,0.8101243113289857,0.06666666666666667,1.0,0.008375714521988405,1,0.5952380952380951,0,0.3703703703703704,0.2857142857142857,0.3157894736842105,0.0,0.43640660588517294,-1.191517781600545,0.49056603773584906,0.08458063229490098,0.8794880592460006,0.5,0.6,0.22117537730446601,0.5714285714285714,-0.8436597029915216,0.0,0.6326530612244898,0.6666666666666666,0.6063406502777248
syn_stu_000627,syn_crs_00024,0.5635349701344844,0.11764705882352941,0.4,0.25925925925925924,0.6666666666666666,0.8181818181818182,0.9807617532109711,0.3333333333333333,0.4,0.17598098024881226,1,0.4285714285714286,0,0.2222222222222222,0.2857142857142857,0.10526315789473684,0.0,0.10148697199670868,2.895533363230584,0.6415094339622641,0.17892642147250779,0.4813086399468068,0.0,1.0,0.2688152378783398,0.14285714285714285,3.22311204676471,0.0,0.9285714285714286,0.2222222222222222,0.41166879679273455
syn_stu_000628,syn_crs_00024,0.38776187113541016,0.4117647058823529,0.2,0.4074074074074074,0.0,0.65,0.7091937321244255,0.0,0.2,0.24305009365655814,1,0.6428571428571428,0,0.5555555555555556,0.42857142857142855,0.3684210526315789,0.0,0.19492098225745663,-0.4983456432277435,0.4339622641509434,0.11251043507641935,0.7159831426754922,0.0,1.0,0.03267290877650111,0.2857142857142857,-1.6554632331598467,0.5,0.5490196078431373,0.3076923076923077,0.3576462883994181
syn_stu_000629,syn_crs_00024,0.3995530585543414,0.1764705882352941,0.2,0.5925925925925926,0.0,0.8571428571428571,0.5217118017717205,0.0,0.2,0.19669726650622726,0,0.3571428571428571,0,0.5925925925925926,0.39285714285714285,0.47368421052631576,0.0,0.27961680259963334,1.4602591141159023,0.2830188679245283,0.10579608675114285,0.4734200894059039,0.0,1.0,0.10956829889122392,0.3571428571428571,1.7851970527707532,0.0,0.5128205128205128,0.2777777777777778,0.2419347333887641
syn_stu_000630,syn_crs_00024,0.9283623434712288,0.3529411764705882,0.0,0.2222222222222222,0.0,0.5714285714285714,0.9454312488588594,0.0,0.0,0.06785356418482325,1,0.3571428571428571,0,0.3333333333333333,0.14285714285714285,0.47368421052631576,0.0,0.7323508898745585,0.05146251525247061,0.5660377358490566,0.14743225260100606,0.5146243104585029,0.0,0.0,0.20076491918035894,0.14285714285714285,-3.4235282609808855,0.0,0.8974358974358975,0.25,0.3013823850611068
syn_stu_000631,syn_crs_00024,0.42287887149421394,0.3529411764705882,0.2,0.4074074074074074,0.0,0.6842105263157895,0.831427830882405,0.0,0.2,0.03216958590562843,1,0.38095238095238093,0,0.5185185185185186,0.25,0.5789473684210527,0.0,0.04541998229453742,-0.5103845239744678,0.2830188679245283,0.2028363846843976,0.6311569560237584,0.0,1.0,0.2275057805565863,0.07142857142857142,0.9901353353046087,0.0,0.5,0.07692307692307693,0.49308482751531135
syn_stu_000632,syn_crs_00024,0.3676379929501959,0.29411764705882354,0.6000000000000001,0.4444444444444444,0.0,0.7368421052631579,0.6732606248348061,0.0,0.8,0.11215464752569995,1,0.4285714285714286,0,0.5185185185185186,0.35714285714285715,0.42105263157894735,0.0,0.047968110548042016,-2.7407825959981595,0.6037735849056604,0.2813488487722687,0.5159535660245558,0.25,0.75,0.38556796563319656,0.21428571428571427,2.708074960647653,0.0,0.8809523809523809,0.21428571428571427,0.47170725129327185
syn_stu_000633,syn_crs_00024,0.5557254803062216,0.11764705882352941,0.6000000000000001,0.6296296296296297,0.0,0.9047619047619048,0.5539995673290009,0.0,0.6000000000000001,0.2814572984844593,1,0.45238095238095233,0,0.5925925925925926,0.6428571428571428,0.10526315789473684,0.5,0.533395432883536,-3.614912946332507,0.22641509433962265,0.02200012500271995,0.530693466301514,0.0,1.0,0.2968149044084805,0.5714285714285714,4.215289180597671,0.0,0.3953488372093023,0.42105263157894735,0.42242472140529974
syn_stu_000634,syn_crs_00024,0.4080683177843764,0.11764705882352941,0.4,0.5555555555555555,0.0,0.8947368421052632,0.6761073276391133,0.0,0.6000000000000001,0.09313635428516126,1,0.5238095238095237,0,0.5185185185185186,0.5,0.21052631578947367,0.0,0.29461560384633856,-0.474180539742766,0.39622641509433965,0.007498478663385811,0.21295743696681546,0.25,0.6666666666666666,0.046098933053328475,0.42857142857142855,-4.647388310638977,0.0,0.5652173913043478,0.35294117647058826,0.15413968141188417
syn_stu_000635,syn_crs_00024,0.5082284365862207,0.23529411764705882,0.0,0.14814814814814814,0.0,0.6,0.8218729895118639,0.0,0.0,0.2524893463514031,1,0.5476190476190477,0,0.18518518518518517,0.14285714285714285,0.2631578947368421,0.0,0.09478921239855499,-0.35771803886283154,0.3018867924528302,0.06272051095474226,0.3233512133942438,0.0,0.0,0.17395070376049765,0.2857142857142857,-0.8900906352595541,0.0,0.44680851063829785,0.6666666666666666,0.15121823835380444
syn_stu_000636,syn_crs_00024,0.5443664770522247,0.0,0.4,0.5185185185185185,0.0,1.0,0.8299765055218735,0.0,0.8,0.10970252643750729,0,0.40476190476190477,0,0.4074074074074074,0.42857142857142855,0.15789473684210525,0.0,0.17338027363292988,-1.5542284795390295,0.4716981132075472,0.0682261115236332,0.4310739690829946,0.5,0.5,0.08995292958915632,0.6428571428571428,4.795090364648223,0.0,0.7317073170731707,0.5625,0.24428715297490716
syn_stu_000637,syn_crs_00024,0.4813906850965341,0.5294117647058824,1.0,0.2222222222222222,0.0,0.47058823529411764,0.7312433582176562,0.0,1.0,0.15446598868428932,0,0.45238095238095233,0,0.44444444444444436,0.2142857142857143,0.5263157894736842,0.0,0.4308920517607051,0.4935013517128911,0.660377358490566,0.06832111341656677,0.28334668310529854,0.0,1.0,0.26210910916115693,0.2857142857142857,2.7656067258475536,0.0,0.9302325581395349,0.5,0.25782946148613217
syn_stu_000638,syn_crs_00024,0.33061157199560104,0.1764705882352941,0.6000000000000001,0.2962962962962963,0.0,0.7692307692307693,0.7052974582058936,0.0,1.0,0.03213509631757662,1,0.5238095238095237,0,0.2962962962962963,0.25,0.2631578947368421,0.0,0.08899084762219837,4.13062696612914,0.18867924528301888,0.11595343842674342,0.4002162717484262,0.5,0.6,0.09829723525002283,0.07142857142857142,-0.5970359381402354,0.0,0.32608695652173914,0.1,0.2983260666256826
syn_stu_000639,syn_crs_00024,0.49495993754996176,0.47058823529411764,0.4,0.2962962962962963,0.0,0.5555555555555556,0.8400712637407632,0.0,0.4,0.31322685887305185,1,0.4285714285714286,0,0.48148148148148145,0.2142857142857143,0.5789473684210527,0.0,0.24681862387271847,3.189139249292104,0.18867924528301888,0.34547224204803506,0.7323742703210528,0.0,1.0,0.07505882920220718,0.07142857142857142,0.011427229407602154,0.0,0.35714285714285715,0.1,0.3302620153034535
syn_stu_000640,syn_crs_00024,0.3226209061771165,0.3529411764705882,0.4,0.14814814814814814,0.0,0.5,0.41832765837445873,0.0,0.6000000000000001,0.39664455728297404,0,0.38095238095238093,0,0.25925925925925924,0.10714285714285714,0.42105263157894735,0.0,0.15207922935388668,0.1696710509021385,0.33962264150943394,0.19803717733463255,0.8643026334423385,0.25,0.6666666666666666,0.12963213421094388,0.0,0.8910561653196472,0.0,0.575,0.0,0.5496498389210396
syn_stu_000641,syn_crs_00024,0.47228734527792127,0.0,0.2,0.4444444444444444,0.0,1.0,0.9013164005309068,0.0,0.2,0.5363732063786474,0,0.5238095238095237,0,0.3333333333333333,0.39285714285714285,0.10526315789473684,0.0,0.11836949704217412,0.23910784218099707,0.39622641509433965,0.08333159393919241,0.8482066028384164,0.0,1.0,0.44469146340898646,0.42857142857142855,-1.1189450363404716,0.0,0.5652173913043478,0.42857142857142855,0.7361701752463156
syn_stu_000642,syn_crs_00024,0.4107279081508836,0.1764705882352941,0.8,0.18518518518518517,0.3333333333333333,0.7,0.6282211891488179,0.06666666666666667,1.0,0.3064333840189322,1,0.47619047619047605,0,0.18518518518518517,0.17857142857142855,0.21052631578947367,0.5,0.1530995172273894,1.4036084076498532,0.4339622641509434,0.15614547322472974,0.6652022871408754,0.25,0.8,0.5389256955491016,0.3571428571428571,1.641450936743439,0.0,0.6363636363636364,0.7142857142857143,0.5161094491963714
syn_stu_000643,syn_crs_00025,0.40737752809620237,0.5882352941176471,1.0,0.3333333333333333,0.0,0.5238095238095238,0.5103696417451108,0.0,1.0,0.11015483924037206,0,0.5,1,0.5925925925925926,0.3214285714285714,0.5789473684210527,0.0,0.32256291398069836,0.6147145149347191,0.6226415094339622,0.08142437780795816,0.4654461656889425,0.0,1.0,0.3125193773858463,0.5,1.471526494590819,0.0,0.8444444444444444,0.6363636363636364,0.38981543724179335
syn_stu_000644,syn_crs_00025,0.45412590674980247,0.5882352941176471,0.2,0.2962962962962963,0.0,0.5,0.6921980153595806,0.0,0.2,0.21670178498591805,1,0.5714285714285714,0,0.5555555555555556,0.3214285714285714,0.5263157894736842,0.0,0.2089366228417103,1.407086900462423,0.24528301886792453,0.0623221597513688,0.7714968543405407,0.0,1.0,0.668674978206134,0.3571428571428571,-3.3443424867317946,0.0,0.375,0.5,0.7450529979099899
syn_stu_000645,syn_crs_00025,0.57808875893827,0.23529411764705882,0.4,0.2962962962962963,0.0,0.7142857142857143,0.6894318260639378,0.0,0.4,0.12159077301246994,1,0.6666666666666667,0,0.3333333333333333,0.25,0.3157894736842105,0.0,0.41715214885440355,0.6714965144640902,0.39622641509433965,0.006535695881107609,0.6294478771247154,0.0,1.0,0.11899461299018074,0.3571428571428571,-1.4693160150104307,0.0,0.5,0.5,0.4178741711010601
syn_stu_000646,syn_crs_00025,0.6622865151732839,0.11764705882352941,0.2,0.37037037037037035,0.0,0.8571428571428571,0.8466291866289773,0.0,0.2,0.39614616330819474,1,0.3571428571428571,0,0.3333333333333333,0.3214285714285714,0.21052631578947367,0.0,0.45071043157748547,0.30808999540850684,0.37735849056603776,0.05103764144817355,0.8807920271770139,0.0,1.0,0.6775768161601943,0.2857142857142857,-1.3622609521294067,0.0,0.6410256410256411,0.3333333333333333,0.6709578441606256
syn_stu_000647,syn_crs_00025,0.5597609538891284,0.5294117647058824,0.4,0.2962962962962963,0.0,0.5263157894736842,0.7387999328992312,0.0,0.6000000000000001,0.048612599919569295,1,0.23809523809523814,0,0.5185185185185186,0.14285714285714285,0.7368421052631579,0.5,0.38261916243574207,-1.184157078943351,0.22641509433962265,0.13444025130367132,0.5272814874250709,0.25,0.6666666666666666,0.14454362416666244,0.3571428571428571,-0.766567893058088,0.0,0.5,0.5,0.35279341033314565
syn_stu_000648,syn_crs_00025,0.508270882921705,0.0,0.2,0.5185185185185185,0.0,1.0,0.6997125791434943,0.0,0.2,0.3710471916626489,0,0.6428571428571428,0,0.4074074074074074,0.5357142857142857,0.0,0.0,0.284121143769827,0.8188696316381937,0.37735849056603776,0.23785608580002038,0.6318980613026255,0.0,1.0,0.16159891423057615,0.42857142857142855,0.8096291102202218,0.5,0.49019607843137253,0.375,0.3858113632783878
syn_stu_000649,syn_crs_00025,0.6035530470820046,0.11764705882352941,0.6000000000000001,0.37037037037037035,0.3333333333333333,0.8571428571428571,0.8726054244719877,0.08333333333333333,0.8,0.3570001263645399,1,0.38095238095238093,0,0.3333333333333333,0.35714285714285715,0.15789473684210525,0.0,0.31280346197318315,-4.429984417432172,0.41509433962264153,0.1281038281214793,0.7466536986204176,0.25,0.75,0.2960796922477518,0.07142857142857142,0.5414222799678505,0.5,0.675,0.08333333333333333,0.5072028870580517
syn_stu_000650,syn_crs_00025,0.5134310410731316,0.47058823529411764,0.8,0.5185185185185185,0.0,0.6666666666666666,0.897446050858907,0.0,1.0,0.11424606074534188,1,0.2857142857142857,0,0.7037037037037037,0.42857142857142855,0.5789473684210527,0.0,0.1503827284168355,0.6237194498180555,0.4339622641509434,0.3228135567957561,0.7305235027062301,0.25,0.8,0.3158340678167051,0.07142857142857142,-2.159267374198456,0.0,0.7777777777777778,0.0625,0.6266314765166296
syn_stu_000651,syn_crs_00025,0.5989970805658114,0.4117647058823529,0.8,0.37037037037037035,0.0,0.631578947368421,0.64237375114897,0.0,1.0,0.21627646513607166,1,0.5952380952380951,0,0.5185185185185186,0.25,0.5789473684210527,0.0,0.5987439504932804,-4.040047614693524,0.7169811320754716,0.4050924230239019,0.8604313571467243,0.25,0.8,0.1014060075464023,0.42857142857142855,4.020824175417364,0.0,0.8775510204081632,0.5,0.4701406905623317
syn_stu_000652,syn_crs_00025,0.5206076005679909,0.29411764705882354,0.2,0.5185185185185185,0.0,0.7619047619047619,0.514082973497066,0.0,0.2,0.17722552061132105,1,0.5238095238095237,0,0.5925925925925926,0.5,0.3157894736842105,0.0,0.33908794583605284,0.6253297822500333,0.2830188679245283,0.1567571920960029,0.6842218602440047,0.0,1.0,0.23532891687072338,0.14285714285714285,0.015168503467143494,0.0,0.43478260869565216,0.125,0.4822681720030824
syn_stu_000653,syn_crs_00025,0.5569467756760739,0.6470588235294118,0.0,0.1111111111111111,0.6666666666666666,0.3125,0.8533712883177875,0.6666666666666666,0.0,0.1836061204552045,1,0.5,0,0.4074074074074074,0.14285714285714285,0.5789473684210527,0.0,0.30479275222062124,-1.8632243215794648,0.5660377358490566,0.166473282373384,0.709505937635461,0.0,0.0,0.39751747417084476,0.07142857142857142,4.39085718983716,0.0,0.7777777777777778,0.2,0.5474951274647841
syn_stu_000654,syn_crs_00025,0.42323953628906497,0.0,0.4,0.4074074074074074,0.3333333333333333,1.0,0.5204770691538884,0.08333333333333333,0.8,0.19407726276987133,0,0.5714285714285714,1,0.2962962962962963,0.3214285714285714,0.15789473684210525,0.0,0.18930250398820433,2.6500366913746736,0.6981132075471698,0.03605234930982338,0.6923459110805483,0.5,0.5,0.43993685748042,0.21428571428571427,4.320560071245802,0.0,0.875,0.23076923076923078,0.5782027602703923
syn_stu_000655,syn_crs_00025,0.45985856950967063,0.47058823529411764,0.0,0.2962962962962963,0.0,0.5555555555555556,0.5697063986429575,0.0,0.0,0.13927618636999856,1,0.6190476190476191,0,0.48148148148148145,0.25,0.5263157894736842,0.0,0.4185236550432103,0.27288579558942955,0.7735849056603773,0.040217880140517644,0.8335268066276226,0.0,0.0,0.5419959062129572,0.2857142857142857,-3.1776094962959958,0.0,0.92,0.4,0.7153932193527138
syn_stu_000656,syn_crs_00025,0.5024644317267667,0.6470588235294118,0.4,0.2222222222222222,0.0,0.42105263157894735,0.725940672103269,0.0,0.4,0.05524211666995952,0,0.5476190476190477,1,0.5185185185185186,0.25,0.5789473684210527,0.0,0.1979707398528009,0.09771737011191972,0.7547169811320754,0.09446830844790924,0.5709241355790227,0.0,1.0,0.23974396429799416,0.14285714285714285,-1.4710159766523416,0.0,0.9574468085106383,0.25,0.4500010281638328
syn_stu_000657,syn_crs_00025,0.7787305079928935,0.1764705882352941,0.6000000000000001,0.4074074074074074,0.0,0.8125,0.9295873188937787,0.0,1.0,0.1245128539011557,1,0.30952380952380953,0,0.4074074074074074,0.42857142857142855,0.15789473684210525,0.0,0.44949787409414405,0.9060418524005358,0.24528301886792453,0.08460355784713014,0.9141002313258094,0.5,0.6,0.3145568269783614,0.14285714285714285,-1.2517960346027146,0.0,0.4864864864864865,0.15384615384615385,0.5754799708084021
syn_stu_000658,syn_crs_00025,0.5348335542965899,0.29411764705882354,0.4,0.4074074074074074,0.0,0.7222222222222222,0.7447169937518814,0.0,0.4,0.22223202623354332,1,0.5238095238095237,0,0.48148148148148145,0.39285714285714285,0.3157894736842105,0.0,0.35870076352904934,-1.6336815364414798,0.7169811320754716,0.2159110144866981,0.7311236141442945,0.0,1.0,0.5611429621292667,0.07142857142857142,0.9399316200058823,0.0,0.9347826086956522,0.07692307692307693,0.6537646067014238
syn_stu_000659,syn_crs_00025,0.4543840047136519,0.058823529411764705,0.0,0.4074074074074074,0.0,0.9285714285714286,0.619177254154743,0.0,0.0,0.11217470895430275,0,0.5714285714285714,0,0.3333333333333333,0.35714285714285715,0.15789473684210525,0.0,0.3563299708469128,2.338330184886666,0.660377358490566,0.08146021434261048,0.48987486599760455,0.0,0.0,0.395266641195315,0.3571428571428571,2.179227006110808,0.0,0.8333333333333334,0.38461538461538464,0.45196887251888535
syn_stu_000660,syn_crs_00025,0.5268889006359517,0.11764705882352941,1.0,0.37037037037037035,0.0,0.8571428571428571,0.956282576905764,0.0,1.0,0.1430977762336911,1,0.16666666666666663,0,0.3333333333333333,0.35714285714285715,0.15789473684210525,0.0,0.1404181864340141,1.4816718674832632,0.39622641509433965,0.0319717997238793,0.3308923595954451,0.0,1.0,0.20833026707052585,0.3571428571428571,0.44077903016790015,0.5,0.8387096774193549,0.4166666666666667,0.18720927958392344
syn_stu_000661,syn_crs_00025,0.46699078443765213,0.1764705882352941,0.6000000000000001,0.25925925925925924,0.3333333333333333,0.75,0.8717610370645472,0.08333333333333333,0.8,0.11453459368437063,1,0.7619047619047619,0,0.25925925925925924,0.2857142857142857,0.15789473684210525,0.0,0.06415729527604268,-1.0068348945931735,0.6415094339622641,0.07156385911955242,0.746852179630342,0.25,0.75,0.29220576429969014,0.14285714285714285,-1.6527146073223107,0.0,0.6964285714285714,0.2222222222222222,0.47184584129970863
syn_stu_000662,syn_crs_00025,0.63308772233772,0.058823529411764705,0.2,0.2962962962962963,0.0,0.9090909090909091,0.7197400359587045,0.0,0.2,0.03279489978186574,1,0.5,0,0.2222222222222222,0.2142857142857143,0.21052631578947367,0.0,0.5142482748742062,-2.0223361338531327,0.6226415094339622,0.1464439084409702,0.7330061864534189,0.0,1.0,0.6351788264495045,0.14285714285714285,4.95481105436494,0.0,0.8444444444444444,0.2,0.7286386831747691
syn_stu_000663,syn_crs_00025,0.6522061938086594,0.0,0.4,0.3333333333333333,0.3333333333333333,1.0,0.6831124175072197,0.1111111111111111,0.6000000000000001,0.11976972876597505,1,0.3571428571428571,0,0.2222222222222222,0.25,0.15789473684210525,0.0,0.6252996890731375,-0.7470981657333611,0.37735849056603776,0.39746289953221103,0.8036594990492599,0.25,0.6666666666666666,0.17408156156431073,0.21428571428571427,-1.3152796936561733,0.0,0.6410256410256411,0.2727272727272727,0.4657890260408512
syn_stu_000664,syn_crs_00025,0.34254171637049047,0.3529411764705882,0.4,0.3333333333333333,0.0,0.6470588235294118,0.49918066548920165,0.0,0.6000000000000001,0.10844743946520198,1,0.6428571428571428,0,0.44444444444444436,0.3214285714285714,0.3684210526315789,0.0,0.2279012232119195,-0.21533175388716388,0.6792452830188679,0.2712014259535716,0.6423571868287838,0.25,0.6666666666666666,0.5992975621367531,0.07142857142857142,2.2254856099657903,0.0,0.803921568627451,0.09090909090909091,0.7514275060606938
syn_stu_000665,syn_crs_00025,0.5471896159506446,0.058823529411764705,0.4,0.5185185185185185,0.0,0.9411764705882353,0.7278840242606701,0.0,0.6000000000000001,0.22267513082065732,0,0.5714285714285714,1,0.44444444444444436,0.5357142857142857,0.05263157894736842,0.0,0.17104102185962192,-2.169453978250054,0.6226415094339622,0.3189244934252576,0.956085727704432,0.25,0.6666666666666666,0.42938549197621273,0.07142857142857142,-0.1114878094930778,0.0,0.7916666666666666,0.0625,0.740889124930442
syn_stu_000666,syn_crs_00025,0.44145392144785417,0.3529411764705882,1.0,0.37037037037037035,0.0,0.6666666666666666,0.5521034492967202,0.0,1.0,0.02421992702132217,1,0.5,0,0.48148148148148145,0.35714285714285715,0.3684210526315789,0.0,0.3508482761442375,-0.9137216617241362,0.5283018867924528,0.09105173605106787,0.8404405494803601,0.0,1.0,0.12864051879157054,0.2857142857142857,-0.19550063926095862,0.0,0.7333333333333333,0.3333333333333333,0.5071329402662009
syn_stu_000667,syn_crs_00025,0.47647167443683686,0.6470588235294118,0.6000000000000001,0.2222222222222222,0.0,0.42105263157894735,0.6882244881230661,0.0,0.8,0.11547342328860385,1,0.30952380952380953,0,0.5185185185185186,0.10714285714285714,0.7894736842105263,0.0,0.32672899846455977,-1.1831066545415247,0.4716981132075472,0.08412395387098687,0.9261989469207998,0.25,0.75,0.251773218555078,0.2857142857142857,2.0212570037109563,0.0,0.8108108108108109,0.5,0.6645059306723878
syn_stu_000668,syn_crs_00025,0.6975948670725836,0.11764705882352941,0.2,0.37037037037037035,0.0,0.8571428571428571,0.7830788410101233,0.0,0.2,0.2522802964399193,1,0.47619047619047605,0,0.3333333333333333,0.3214285714285714,0.21052631578947367,0.0,0.5290597763769885,-0.40448711949851285,0.2830188679245283,0.04188525336462223,0.5591660791055769,0.0,1.0,0.5443623136592564,0.3571428571428571,4.62900793191546,0.0,0.45454545454545453,0.4166666666666667,0.5904003597904612
syn_stu_000669,syn_crs_00025,0.4907058136884263,0.3529411764705882,1.0,0.14814814814814814,0.0,0.5,0.777650616064112,0.0,1.0,0.2982332668843682,1,0.33333333333333326,0,0.25925925925925924,0.17857142857142855,0.3157894736842105,0.0,0.11911743136337871,-0.3885171813712849,0.2830188679245283,0.21210808300744607,0.7749068154716995,0.0,1.0,0.48412946987656347,0.21428571428571427,0.9149745030846481,0.0,0.5263157894736842,0.5,0.6387296491822386
syn_stu_000670,syn_crs_00025,0.5819060087443622,0.3529411764705882,1.0,0.18518518518518517,0.0,0.5384615384615384,0.7877110195412714,0.0,1.0,0.24509899343345168,0,0.47619047619047605,0,0.2962962962962963,0.2142857142857143,0.3157894736842105,0.0,0.23485206025666777,0.9761973818276345,0.3584905660377359,0.03458727433322863,0.6522393156449248,0.0,1.0,0.3526336895356142,0.14285714285714285,-1.4665010829934109,0.5,0.5454545454545454,0.2857142857142857,0.4317282213315369
syn_stu_000671,syn_crs_00025,0.5030547978335334,0.4117647058823529,0.0,0.14814814814814814,0.6666666666666666,0.46153846153846156,0.5968506824589926,0.6666666666666666,0.0,0.15313142372250083,1,0.5476190476190477,0,0.2962962962962963,0.17857142857142855,0.3684210526315789,0.0,0.21647253730314087,0.06248719270055526,0.5471698113207547,0.14064855997585252,0.4913831646967923,0.0,0.0,0.2631380158982485,0.07142857142857142,4.440217558430987,0.0,0.723404255319149,0.16666666666666666,0.41052746266264717
syn_stu_000672,syn_crs_00026,0.281475487461662,0.1764705882352941,0.0,0.3333333333333333,1.0,0.7857142857142857,0.47918658608327375,1.0,0.2,0.056820130922584686,1,0.2857142857142857,0,0.3333333333333333,0.2857142857142857,0.2631578947368421,0.0,0.049137186816193744,0.804133173401784,0.4339622641509434,0.0414975334706874,0.4600310363551488,0.25,0.0,0.4270431983418162,0.6428571428571428,1.48153359542797,0.0,0.7777777777777778,0.8181818181818182,0.5133728008483457
syn_stu_000673,syn_crs_00026,0.35489777259737526,0.23529411764705882,0.6000000000000001,0.5555555555555555,0.0,0.8095238095238095,0.6543080632612267,0.0,0.6000000000000001,0.19765009193503147,1,0.47619047619047605,0,0.5925925925925926,0.5,0.3157894736842105,0.0,0.08431290648784817,0.49769764117948145,0.6037735849056604,0.18212489570718546,0.4965161767946547,0.0,1.0,0.05424532061838176,0.7142857142857142,0.5110881957819691,0.0,0.8409090909090909,0.5882352941176471,0.24573719332379007
syn_stu_000674,syn_crs_00026,0.22930179151430236,0.3529411764705882,1.0,0.4074074074074074,0.0,0.6842105263157895,0.48315762152566116,0.0,1.0,0.026726358630362473,1,0.40476190476190477,0,0.5185185185185186,0.42857142857142855,0.3157894736842105,0.0,0.16566966820686146,-0.3898229362109235,0.5660377358490566,0.3141642354700542,0.7863726596526487,0.0,1.0,0.5857573035462517,0.5,3.0830238685546436,0.5,0.8536585365853658,0.5384615384615384,0.5947637217166954
syn_stu_000675,syn_crs_00026,0.38093211285653444,0.0,0.8,0.37037037037037035,0.3333333333333333,1.0,0.4603992417167723,0.08333333333333333,0.8,0.3837433968311109,1,0.38095238095238093,0,0.25925925925925924,0.25,0.21052631578947367,0.0,0.39525012583110203,1.367446014695535,0.41509433962264153,0.07219177164714127,0.6283211629480318,0.0,1.0,0.4977502733846868,0.2857142857142857,0.9666562390645892,0.0,0.675,0.3333333333333333,0.5095713548716154
syn_stu_000676,syn_crs_00026,0.42938582906797834,0.6470588235294118,0.6000000000000001,0.3333333333333333,0.3333333333333333,0.5,0.6071329652581713,0.1111111111111111,0.6000000000000001,0.031528864047975065,1,0.7619047619047619,0,0.6296296296296295,0.2857142857142857,0.6842105263157894,0.0,0.2307825160444957,-5.48801349772133,0.2830188679245283,0.11832536691099604,0.5584453655883911,0.0,1.0,0.2773543239766166,0.14285714285714285,7.370857562735093,0.0,0.35714285714285715,0.18181818181818182,0.5058515048505772
syn_stu_000677,syn_crs_00026,0.3594490972485007,0.29411764705882354,0.2,0.37037037037037035,0.0,0.7058823529411765,0.4271064686335123,0.0,0.2,0.23424134124673215,0,0.40476190476190477,0,0.44444444444444436,0.39285714285714285,0.2631578947368421,0.0,0.4098859105204047,-0.7175724026343936,0.39622641509433965,0.15552509592164404,0.8092758600882907,0.0,1.0,0.42165911841385556,0.14285714285714285,0.0055715171108596355,0.0,0.6341463414634146,0.16666666666666666,0.6194774559779979
syn_stu_000678,syn_crs_00026,0.21931155883978387,0.5294117647058824,0.0,0.2222222222222222,0.0,0.47058823529411764,0.2995825346168806,0.0,0.0,0.02330060415600668,1,0.5238095238095237,0,0.44444444444444436,0.07142857142857142,0.7368421052631579,0.0,0.29755275853183255,-1.1413165104578824,0.6792452830188679,0.18920845003904643,0.9170580535338319,0.0,0.0,0.14085680619608046,0.14285714285714285,3.4489593749921577,0.0,0.8913043478260869,0.25,0.6019458319693725
syn_stu_000679,syn_crs_00026,0.7123999079150239,0.058823529411764705,0.8,0.5185185185185185,0.3333333333333333,0.9411764705882353,0.9094415873444242,0.06666666666666667,1.0,0.17807162430669485,0,0.6666666666666667,1,0.44444444444444436,0.5,0.10526315789473684,0.0,0.5087754389904697,0.23874518453284907,0.6792452830188679,0.2801734050503366,0.5049639536643199,0.25,0.8,0.3210595948080698,0.14285714285714285,1.3259645542294005,1.0,0.7884615384615384,0.125,0.4139640091301887
syn_stu_000680,syn_crs_00026,0.3155235551850782,0.29411764705882354,0.4,0.14814814814814814,0.0,0.5454545454545454,0.5404993204911506,0.0,0.6000000000000001,0.24970753903650184,0,0.1428571428571428,0,0.2222222222222222,0.17857142857142855,0.2631578947368421,0.0,0.012871867971444441,-1.2686705381005812,0.4339622641509434,0.17988534539373052,0.8307944824940037,0.25,0.6666666666666666,0.13783217722371424,0.21428571428571427,1.3160539644295757,0.0,0.9333333333333333,0.5,0.459487198656263
syn_stu_000681,syn_crs_00026,0.4095709797048315,0.5882352941176471,0.4,0.2222222222222222,0.3333333333333333,0.4444444444444444,0.741253797213561,0.16666666666666666,0.4,0.06502321978797078,0,0.47619047619047605,0,0.48148148148148145,0.2142857142857143,0.5789473684210527,0.0,0.10253596678502054,1.0978000712548397,0.6981132075471698,0.0482556703155525,0.7412368795580888,0.0,1.0,0.3827444364892486,0.3571428571428571,-1.086230738653736,0.0,0.9545454545454546,0.625,0.6687203854570035
syn_stu_000682,syn_crs_00026,0.6807186473329566,0.058823529411764705,0.8,0.2222222222222222,0.0,0.8888888888888888,0.8071027049667701,0.0,1.0,0.15842304640275326,1,0.6428571428571428,0,0.14814814814814814,0.2142857142857143,0.10526315789473684,0.0,0.46465582942644823,1.4506668564444218,0.32075471698113206,0.10684075695501352,0.6213890822589226,0.25,0.8,0.1600469543259941,0.14285714285714285,-1.071343026060834,0.0,0.43137254901960786,0.25,0.3721371197303391
syn_stu_000683,syn_crs_00026,0.6058073071135814,0.1764705882352941,0.0,0.37037037037037035,0.0,0.8,0.8786003416717884,0.0,0.0,0.05074380178433828,0,0.45238095238095233,0,0.3703703703703704,0.39285714285714285,0.15789473684210525,0.0,0.2713559761629675,-2.768003838603986,0.5660377358490566,0.10895193357903188,0.6023934302927898,0.0,0.0,0.503446044213881,0.14285714285714285,1.489895137196335,0.0,0.813953488372093,0.16666666666666666,0.5404662796147777
syn_stu_000684,syn_crs_00026,0.5048386165202996,0.11764705882352941,0.2,0.2962962962962963,0.3333333333333333,0.8333333333333334,0.526253125319491,0.3333333333333333,0.2,0.1885762571809549,1,0.5,0,0.25925925925925924,0.2142857142857143,0.2631578947368421,0.0,0.3685007764112424,0.44699486648016834,0.49056603773584906,0.1419812333596323,0.5691751270080995,0.0,1.0,0.544538024989511,0.42857142857142855,-2.6047839213589046,0.0,0.6888888888888889,0.6,0.5798868433178025
syn_stu_000685,syn_crs_00026,0.6608949566817578,0.47058823529411764,0.6000000000000001,0.3333333333333333,0.0,0.5789473684210527,0.8216978745141231,0.0,1.0,0.01845536612263929,1,0.45238095238095233,0,0.5185185185185186,0.3214285714285714,0.47368421052631576,0.0,0.28274819300983345,-2.5617941910557986,0.39622641509433965,0.06705926295471532,0.9440622742305048,0.5,0.6,0.20927421973081678,0.2857142857142857,-1.726646379412766,0.0,0.6046511627906976,0.36363636363636365,0.5621632491012202
syn_stu_000686,syn_crs_00026,0.7773693574227175,0.23529411764705882,0.2,0.5185185185185185,0.0,0.8,0.93320650682903,0.0,0.2,0.15251062247601863,1,0.38095238095238093,0,0.5555555555555556,0.35714285714285715,0.47368421052631576,0.0,0.36012954394949537,0.9593250655492369,0.3584905660377359,0.22269151291397327,0.5261060551946555,0.0,1.0,0.47826959043321116,0.2857142857142857,0.04589491622014024,0.0,0.6,0.25,0.5410963801867719
syn_stu_000687,syn_crs_00026,0.6646024584325448,0.23529411764705882,0.8,0.4814814814814815,0.0,0.7894736842105263,0.8948984220425485,0.0,1.0,0.23471565765445124,1,0.45238095238095233,0,0.5185185185185186,0.5,0.21052631578947367,0.0,0.36113938317210353,-0.9330804564082321,0.33962264150943394,0.11441816519242402,0.47777320771615733,0.25,0.8,0.1991199801531743,0.42857142857142855,3.721118298109734,0.0,0.5348837209302325,0.4,0.36074334949337816
syn_stu_000688,syn_crs_00026,0.429401154923521,0.47058823529411764,0.8,0.2222222222222222,0.0,0.5,0.5620129659815551,0.0,1.0,0.09666399081547823,1,0.47619047619047605,0,0.4074074074074074,0.25,0.42105263157894735,0.0,0.34277436285636376,-1.608431098190069,0.18867924528301888,0.16309209764039648,0.39261321317955716,0.25,0.8,0.14119743098726117,0.0,0.2415963651531564,0.0,0.3409090909090909,0.0,0.29118165420706155
syn_stu_000689,syn_crs_00026,0.5210382837969153,0.6470588235294118,0.0,0.37037037037037035,0.0,0.5217391304347826,0.9134885026272759,0.0,0.0,0.1389556819374785,1,0.38095238095238093,0,0.6666666666666667,0.25,0.7894736842105263,0.0,0.1224044763143979,-3.4208966509360654,0.4339622641509434,0.07786320605314165,0.9143441547360426,0.0,0.0,0.4698907583855419,0.6428571428571428,0.19407396318293818,0.0,0.7,0.75,0.6612852721006603
syn_stu_000690,syn_crs_00026,0.5620621053584682,0.3529411764705882,0.2,0.2962962962962963,0.3333333333333333,0.625,0.8905992172815738,0.16666666666666666,0.4,0.10270967030306272,1,0.6190476190476191,0,0.4074074074074074,0.2857142857142857,0.3684210526315789,0.0,0.07619953492263593,-0.18436642813199097,0.32075471698113206,0.06698302267513756,0.7929979636126877,0.25,0.5,0.4059364315974105,0.21428571428571427,-3.1758459956303327,0.0,0.44,0.3,0.5163472173024729
syn_stu_000691,syn_crs_00026,0.4063007740896647,0.3529411764705882,0.8,0.4074074074074074,0.6666666666666666,0.6842105263157895,0.8121681601256728,0.16666666666666666,0.8,0.0750086582919702,1,0.45238095238095233,0,0.5185185185185186,0.42857142857142855,0.3157894736842105,0.0,0.0897558835829135,-2.3160014575916184,0.33962264150943394,0.007791349504413116,0.7416447870752233,0.0,1.0,0.23765135233052054,0.42857142857142855,5.087062031258286,0.0,0.5348837209302325,0.46153846153846156,0.4480386795532857
syn_stu_000692,syn_crs_00026,0.5818683724809927,0.1764705882352941,0.4,0.4074074074074074,0.0,0.8125,0.5852939878870602,0.0,0.4,0.04246592712172742,0,0.5,1,0.4074074074074074,0.42857142857142855,0.15789473684210525,0.0,0.4336766474106621,-2.9670982356524873,0.4528301886792453,0.16923046757748417,0.6296337014413972,0.0,1.0,0.20828867439658116,0.3571428571428571,3.3213479163300628,0.0,0.6444444444444445,0.38461538461538464,0.38176103118188925
syn_stu_000693,syn_crs_00026,0.5567039015339523,0.29411764705882354,0.2,0.5925925925925926,0.0,0.782608695652174,0.6794073650507825,0.0,0.2,0.24004823469438125,1,0.3571428571428571,0,0.6666666666666667,0.4642857142857143,0.47368421052631576,0.0,0.45099284400890716,0.37192553206805085,0.3018867924528302,0.07214936358658468,0.4194659323093707,0.0,1.0,0.14930817915092295,0.21428571428571427,3.659114529853747,0.0,0.5384615384615384,0.16666666666666666,0.299018640545593
syn_stu_000694,syn_crs_00027,0.6959456583145492,0.23529411764705882,0.0,0.3333333333333333,0.0,0.7333333333333333,0.8594654246274805,0.0,0.0,0.19454751687455724,1,1.0,0,0.3703703703703704,0.3214285714285714,0.2631578947368421,0.0,0.5097132968537009,1.9384883744510117,0.9622641509433962,0.04169552602367335,0.7545785645056586,0.0,0.0,0.47287431293330817,0.07142857142857142,-4.357961800856457,0.0,0.8484848484848485,0.09090909090909091,0.5729722843828835
syn_stu_000695,syn_crs_00027,0.49939612213153206,0.11764705882352941,0.0,0.2962962962962963,0.0,0.8333333333333334,0.8741596525251887,0.0,0.0,0.37936080024908864,1,0.6428571428571428,0,0.25925925925925924,0.3214285714285714,0.10526315789473684,0.0,0.20540134791390252,0.7889446423128178,0.5283018867924528,0.3799425189206489,0.7038774776828048,0.0,0.0,0.515471391128627,0.21428571428571427,1.054658758361954,0.0,0.6470588235294118,0.3,0.536409473049763
syn_stu_000696,syn_crs_00027,0.5475399600553096,0.23529411764705882,0.0,0.4814814814814815,0.0,0.7894736842105263,0.8039954752235755,0.0,0.2,0.062425481503360525,1,0.38095238095238093,0,0.5185185185185186,0.35714285714285715,0.42105263157894735,0.0,0.42345696514619036,-2.8619716073964927,0.07547169811320754,0.314815778044068,0.8547798730846845,0.25,0.0,0.34669592542319305,0.42857142857142855,-2.8147639438208647,0.0,0.225,0.4,0.543408163450659
syn_stu_000697,syn_crs_00027,0.5838058501029544,0.058823529411764705,0.2,0.3333333333333333,0.0,0.9166666666666666,0.7218465158550119,0.0,0.2,0.1959332689413077,1,0.30952380952380953,0,0.25925925925925924,0.3214285714285714,0.10526315789473684,0.0,0.4736487851070248,-0.27356579078893756,0.5849056603773585,0.21475819608493854,0.8311312427492108,0.0,1.0,0.2205988498780817,0.14285714285714285,2.314888261353777,0.0,0.972972972972973,0.18181818181818182,0.5452458628971687
syn_stu_000698,syn_crs_00027,0.784178712336253,0.3529411764705882,0.2,0.2222222222222222,0.0,0.5714285714285714,0.8491479478227147,0.0,0.2,0.12164684041751783,1,0.38095238095238093,0,0.3333333333333333,0.25,0.3157894736842105,0.0,0.5889083074162365,1.3611277324832933,0.6037735849056604,0.17749787171020517,0.4652543603275609,0.0,1.0,0.22791101269998512,0.3571428571428571,0.9650765519250215,0.0,0.925,0.625,0.3809535984752359
syn_stu_000699,syn_crs_00027,0.3016398219054813,0.23529411764705882,0.2,0.3333333333333333,0.0,0.7333333333333333,0.5234646679235205,0.0,1.0,0.16644931297527735,0,0.8333333333333333,0,0.3703703703703704,0.3214285714285714,0.2631578947368421,0.0,0.15001103191594797,-0.272781473064782,0.7358490566037735,0.0639717458454953,0.9040958700837897,1.0,0.2,0.20457978957276912,0.07142857142857142,1.5564909744155793,0.5,0.7457627118644068,0.09090909090909091,0.5290058613030715
syn_stu_000700,syn_crs_00027,0.3152915574144963,0.29411764705882354,0.6000000000000001,0.2222222222222222,0.0,0.6153846153846154,0.29190109012358234,0.0,0.6000000000000001,0.5072872538955951,0,0.4285714285714286,0,0.2962962962962963,0.25,0.2631578947368421,0.5,0.1774299087033551,0.651063556121268,0.49056603773584906,0.18631196297223643,0.7219412753686443,0.0,1.0,0.27764772587145714,0.3571428571428571,-2.149832011094138,0.0,0.7380952380952381,0.625,0.4797909198237772
syn_stu_000701,syn_crs_00027,0.3588760180274276,0.058823529411764705,0.0,0.4814814814814815,0.0,0.9375,0.5832438879026214,0.0,0.0,0.2923602196057206,1,0.5714285714285714,0,0.4074074074074074,0.35714285714285715,0.2631578947368421,0.0,0.19179548627875123,-0.8745205323156263,0.32075471698113206,0.023267786602335885,0.7744611825856215,0.0,0.0,0.44217827301868406,0.14285714285714285,-3.1195333695833103,0.0,0.4583333333333333,0.13333333333333333,0.6390185519331796
syn_stu_000702,syn_crs_00027,0.24304591295469255,0.23529411764705882,0.0,0.2222222222222222,0.0,0.6666666666666666,0.49578980338525086,0.0,0.0,0.03292095413883183,1,0.4285714285714286,0,0.25925925925925924,0.2142857142857143,0.2631578947368421,0.0,0.09712473816224679,-0.7693915175776459,0.6226415094339622,0.1078678776779917,0.3599789464574844,0.0,0.0,0.24563730292284527,0.3571428571428571,-1.9221838934979352,0.0,0.9047619047619048,0.625,0.3110825090361122
syn_stu_000703,syn_crs_00027,0.5050729443186683,0.23529411764705882,0.0,0.25925925925925924,0.0,0.6923076923076923,0.7422730914766932,0.0,0.0,0.0023559636858439138,0,0.33333333333333326,0,0.2962962962962963,0.14285714285714285,0.42105263157894735,0.0,0.24250909230253626,-1.3192262183550187,0.13207547169811323,0.2807634942953164,0.5783303225879627,0.0,0.0,0.28588580983437994,0.5714285714285714,0.9234012700266311,0.0,0.3157894736842105,0.8888888888888888,0.49141167043008016
syn_stu_000704,syn_crs_00027,0.5028557632156991,0.1764705882352941,0.0,0.6666666666666666,0.0,0.8695652173913043,0.7421932022996978,0.0,0.2,0.13996235816118907,1,0.6190476190476191,0,0.6666666666666667,0.6071428571428571,0.2631578947368421,0.0,0.19561112535229194,1.2240278454802613,0.4528301886792453,0.12221857610850315,0.684595626460315,0.25,0.0,0.1975391309736342,0.7857142857142857,-0.7266879356809036,0.0,0.58,0.55,0.43318438305612156
syn_stu_000705,syn_crs_00027,0.5087175446627866,0.1764705882352941,0.6000000000000001,0.4074074074074074,0.0,0.8125,0.8241753794293861,0.0,0.8,0.10042635354749524,1,0.5238095238095237,0,0.4074074074074074,0.35714285714285715,0.2631578947368421,0.0,0.17445091824413625,1.3501668360480918,0.2641509433962264,0.2800126059303439,0.7228355438870852,0.25,0.75,0.0425662301204322,0.42857142857142855,0.7594800855297638,0.0,0.41304347826086957,0.46153846153846156,0.34112898072858366
syn_stu_000706,syn_crs_00027,0.5891669844974354,0.47058823529411764,0.0,0.14814814814814814,0.0,0.42857142857142855,0.7854250749581042,0.0,0.0,0.031122084923803875,1,0.5238095238095237,0,0.3333333333333333,0.17857142857142855,0.42105263157894735,0.0,0.3778135544775687,-1.1103452138351044,0.6415094339622641,0.0697519733137527,0.5155297280606814,0.0,0.0,0.21640433344523113,0.07142857142857142,-3.071913883993465,0.0,0.8478260869565217,0.16666666666666666,0.42028758447588394
syn_stu_000707,syn_crs_00027,0.4819248116303264,0.5882352941176471,0.4,0.37037037037037035,0.0,0.5454545454545454,0.5688304860920046,0.0,0.4,0.292667654648533,1,0.33333333333333326,0,0.6296296296296295,0.3214285714285714,0.631578947368421,0.0,0.23472311607451418,1.509727689895201,0.2830188679245283,0.043460673895105745,0.9962076552654374,0.0,1.0,0.6595234603090695,0.14285714285714285,-0.01960808403509438,0.0,0.5263157894736842,0.16666666666666666,0.8123008211620544
syn_stu_000708,syn_crs_00027,0.6251272155625813,0.058823529411764705,0.2,0.37037037037037035,0.0,0.9230769230769231,0.688648022814238,0.0,0.4,0.15462043425188376,0,0.7619047619047619,0,0.2962962962962963,0.25,0.2631578947368421,0.0,0.5521149535617121,-2.8539490070693754,0.33962264150943394,0.2863244289576679,0.6255711592427443,0.25,0.5,0.130548153290847,0.14285714285714285,4.18530921865694,0.0,0.4107142857142857,0.16666666666666666,0.33862208352179285
syn_stu_000709,syn_crs_00027,0.44174958324319996,0.3529411764705882,0.0,0.2962962962962963,0.3333333333333333,0.625,0.673591080331653,0.3333333333333333,0.0,0.06662733619555262,0,0.19047619047619047,1,0.4074074074074074,0.2142857142857143,0.47368421052631576,0.0,0.2569487646956375,-0.3422463742606623,0.05660377358490566,0.3168772002223471,0.6053086881026949,0.0,0.0,0.34486471013028414,0.07142857142857142,0.9970078057487657,0.0,0.25,0.1,0.5197274606862878
syn_stu_000710,syn_crs_00027,0.31257665879325747,0.11764705882352941,0.0,0.4444444444444444,0.0,0.875,0.4299385609943837,0.0,0.0,0.06385113683173423,0,0.7380952380952381,0,0.4074074074074074,0.42857142857142855,0.15789473684210525,0.0,0.3085117109170958,-2.7073443874923773,0.660377358490566,0.0758491827625772,0.880609068002255,0.0,0.0,0.18252966228532347,0.0,1.1847225907971675,0.0,0.7272727272727273,0.0,0.6040317437673874
syn_stu_000711,syn_crs_00027,0.5039043100728731,0.4117647058823529,0.2,0.2222222222222222,0.0,0.5333333333333333,0.5429430117492337,0.0,0.2,0.05680218933932828,1,0.7142857142857142,0,0.3703703703703704,0.2142857142857143,0.42105263157894735,0.5,0.3375020394534785,-2.2637168215847128,0.4339622641509434,0.047174527372433536,0.8028769196036798,0.0,1.0,0.3186178839726985,0.2857142857142857,1.2087305223244984,0.0,0.5185185185185185,0.5,0.5699097007163276
syn_stu_000712,syn_crs_00027,0.5566534558540511,0.11764705882352941,0.0,0.37037037037037035,0.6666666666666666,0.8571428571428571,0.9068069909905474,0.6666666666666666,0.0,0.14848141549798965,0,0.2857142857142857,0,0.3333333333333333,0.2857142857142857,0.2631578947368421,0.0,0.24906772302697275,-2.731326361772492,0.3584905660377359,0.3658162689268369,0.5435822833135225,0.0,0.0,0.08999511597933166,0.07142857142857142,-1.5357890829703351,0.0,0.6666666666666666,0.08333333333333333,0.26657448458728095
syn_stu_000713,syn_crs_00027,0.3871504634884619,0.23529411764705882,0.4,0.18518518518518517,0.0,0.6363636363636364,0.6501644659111777,0.0,0.8,0.13324147643459855,1,0.5952380952380951,0,0.2222222222222222,0.10714285714285714,0.3684210526315789,0.0,0.15694675989441642,-1.3114585212733176,0.3584905660377359,0.37248170233025846,0.779158642061665,0.5,0.5,0.32654333373804173,0.42857142857142855,4.8952201019284916,0.0,0.4897959183673469,0.8571428571428571,0.629590107979035
syn_stu_000714,syn_crs_00027,0.4964997361632103,0.6470588235294118,0.4,0.2962962962962963,0.0,0.47619047619047616,0.7425821832794519,0.0,1.0,0.24587951835801167,1,0.4285714285714286,0,0.5925925925925926,0.2857142857142857,0.631578947368421,0.0,0.145229348540018,1.2395022411416967,0.4716981132075472,0.5000547070168027,0.5768622872370753,0.75,0.4,0.5226861217787324,0.21428571428571427,1.071072085393158,0.0,0.7142857142857143,0.3,0.5686102283714174
syn_stu_000715,syn_crs_00027,0.564218550028934,0.058823529411764705,0.4,0.37037037037037035,0.3333333333333333,0.9230769230769231,0.7898040894031276,0.1111111111111111,0.6000000000000001,0.15479063531936954,1,0.33333333333333326,0,0.2962962962962963,0.39285714285714285,0.05263157894736842,0.0,0.13321823117700907,-0.1567232470624667,0.11320754716981131,0.19118169099045296,0.9004038065807437,0.25,0.6666666666666666,0.16339627801877601,0.2857142857142857,0.5316027788876067,0.0,0.2894736842105263,0.3333333333333333,0.5428868997023568
syn_stu_000716,syn_crs_00027,0.7320134137436648,0.23529411764705882,0.6000000000000001,0.4074074074074074,0.3333333333333333,0.7647058823529411,0.8382696677308314,0.08333333333333333,0.8,0.2829796452295307,0,0.5952380952380951,0,0.44444444444444436,0.39285714285714285,0.2631578947368421,0.0,0.600623968373417,-1.1678143318785807,0.7358490566037735,0.1143686041281879,0.66060791165402,0.25,0.75,0.2887401151000584,0.42857142857142855,2.060920147113796,0.5,0.8979591836734694,0.46153846153846156,0.454475412107358
syn_stu_000717,syn_crs_00027,0.5322016672703697,0.058823529411764705,0.6000000000000001,0.4074074074074074,0.0,0.9285714285714286,0.9345557331443471,0.0,0.8,0.14903486469155208,1,0.5,0,0.3333333333333333,0.42857142857142855,0.05263157894736842,0.0,0.14354742870285733,-0.3470107293245387,0.39622641509433965,0.2528684074941383,0.7304547295145042,0.25,0.75,0.34521570783774364,0.14285714285714285,2.82208159974145,0.0,0.5777777777777777,0.15384615384615385,0.5943265525223392
syn_stu_000718,syn_crs_00027,0.5232222270198504,0.29411764705882354,0.8,0.4074074074074074,0.0,0.7222222222222222,0.5802662338931328,0.0,1.0,0.1506806377100901,1,0.7619047619047619,0,0.48148148148148145,0.35714285714285715,0.3684210526315789,0.0,0.46674346766387836,-4.112586537158805,0.2830188679245283,0.07208063101225329,0.3518323885095715,0.25,0.8,0.14418001218976748,0.14285714285714285,-3.736812287655147,0.0,0.35714285714285715,0.15384615384615385,0.19258291490917281
syn_stu_000719,syn_crs_00027,0.5887503516984062,0.058823529411764705,0.0,0.18518518518518517,0.0,0.875,0.7400331534372135,0.0,0.0,0.1051211710282792,1,0.33333333333333326,0,0.1111111111111111,0.2142857142857143,0.05263157894736842,0.0,0.483021378433262,1.14363037486206,0.22641509433962265,0.27673726751396766,0.802003501476014,0.0,0.0,0.13067597289268007,0.21428571428571427,0.1690893398090397,0.0,0.4473684210526316,0.42857142857142855,0.406153367550548
syn_stu_000720,syn_crs_00027,0.5787623521089545,0.0,1.0,0.5555555555555555,0.0,1.0,0.8635708429744382,0.0,1.0,0.05434949142861434,1,0.38095238095238093,0,0.44444444444444436,0.5357142857142857,0.05263157894736842,0.5,0.329538597810304,-4.495268974011637,0.15094339622641512,0.3196505416874102,0.5412844303807167,0.0,1.0,0.1463540142624011,0.5714285714285714,6.705544098885286,0.0,0.325,0.47058823529411764,0.4385445843913496
syn_stu_000721,syn_crs_00027,0.3654986122708381,0.4117647058823529,0.4,0.4444444444444444,0.3333333333333333,0.6666666666666666,0.6381399088028937,0.16666666666666666,0.4,0.019812970281631676,1,0.5476190476190477,0,0.5925925925925926,0.39285714285714285,0.47368421052631576,0.0,0.12790623880841898,-1.4144779232397588,0.49056603773584906,0.061571225841178176,0.6859040033157676,0.0,1.0,0.3047011135825805,0.3571428571428571,4.965940306077974,0.0,0.6595744680851063,0.35714285714285715,0.45218137824180593
syn_stu_000722,syn_crs_00027,0.5603469885237218,0.5294117647058824,0.4,0.2222222222222222,0.0,0.47058823529411764,0.8574837965082531,0.0,0.6000000000000001,0.13504019265198972,1,0.5238095238095237,0,0.44444444444444436,0.2142857142857143,0.5263157894736842,0.0,0.17213737273875745,-0.15775415508399607,0.3584905660377359,0.0971786628017359,0.7437249098247849,0.25,0.6666666666666666,0.08760841400989408,0.21428571428571427,-0.3192074615002436,0.5,0.5217391304347826,0.375,0.4636508020944134
syn_stu_000723,syn_crs_00027,0.5651084825611572,0.23529411764705882,0.8,0.3333333333333333,0.0,0.7333333333333333,0.92520635904389,0.0,0.8,0.18295871918323656,1,0.7619047619047619,0,0.3703703703703704,0.3214285714285714,0.2631578947368421,0.0,0.21382766533516376,0.8910832117483236,0.8490566037735849,0.5910901967860912,0.9391154563799355,0.0,1.0,0.6500102902255533,0.21428571428571427,2.183997789993485,0.0,0.8928571428571429,0.2727272727272727,0.8634846884738135
syn_stu_000724,syn_crs_00027,0.6984930972473382,0.11764705882352941,0.4,0.6666666666666666,0.3333333333333333,0.9090909090909091,0.8624646950198492,0.16666666666666666,0.4,0.2901809351650383,1,0.7619047619047619,0,0.6296296296296295,0.4642857142857143,0.42105263157894735,0.0,0.3985902582138931,0.47797193262073934,0.49056603773584906,0.11107828108909618,0.8025169893581534,0.0,1.0,0.42478786590534257,0.21428571428571427,-0.9798255450716058,0.0,0.5535714285714286,0.15,0.624160612458173
syn_stu_000725,syn_crs_00027,0.6171869181225168,0.0,0.2,0.3333333333333333,0.0,1.0,0.8649371423887127,0.0,0.2,0.14980833303238753,1,0.45238095238095233,0,0.2222222222222222,0.2857142857142857,0.10526315789473684,0.0,0.38106440985576545,-0.09899046616767236,0.24528301886792453,0.17367783262240186,0.6911022002342309,0.0,1.0,0.5745285746023655,0.14285714285714285,1.060992953466869,0.0,0.4186046511627907,0.18181818181818182,0.5887644965475287
syn_stu_000726,syn_crs_00027,0.35056111308095167,0.29411764705882354,0.0,0.4074074074074074,0.0,0.7222222222222222,0.7054384543264451,0.0,0.0,0.20270984537217918,1,0.4285714285714286,0,0.48148148148148145,0.35714285714285715,0.3684210526315789,0.0,0.03238668692971835,2.914978536368418,0.32075471698113206,0.1727798343989552,0.9073904944623895,0.0,0.0,0.5063719197994789,0.2857142857142857,-1.3749470684220337,0.0,0.5238095238095238,0.3076923076923077,0.7383700979880518
syn_stu_000727,syn_crs_00027,0.47384252159672247,0.3529411764705882,0.0,0.2962962962962963,0.3333333333333333,0.625,0.6275441193300535,0.3333333333333333,0.2,0.19974155860208206,1,0.6428571428571428,0,0.4074074074074074,0.2857142857142857,0.3684210526315789,0.0,0.1923534234527378,4.029711341687972,0.32075471698113206,0.2861459295042868,0.3107384144605832,0.25,0.0,0.16471991918420043,0.21428571428571427,-1.425845701595428,0.0,0.43137254901960786,0.3,0.3073179091305479
syn_stu_000728,syn_crs_00028,0.2999836318642151,0.5882352941176471,0.0,0.14814814814814814,0.6666666666666666,0.375,0.40940207314019667,0.6666666666666666,0.0,0.1120076489682294,0,0.5476190476190477,1,0.4074074074074074,0.14285714285714285,0.5789473684210527,0.0,0.18841018862560022,0.01410971666222579,0.2641509433962264,0.08506758185980018,0.42509372610911794,0.0,0.0,0.29915279141250567,0.2857142857142857,-1.7755638326199632,0.0,0.40425531914893614,0.6666666666666666,0.37924746420539046
syn_stu_000729,syn_crs_00028,0.41534848189780343,0.11764705882352941,0.2,0.2962962962962963,0.0,0.8333333333333334,0.6517859518256034,0.0,0.4,0.26371269143064696,0,0.33333333333333326,0,0.25925925925925924,0.2142857142857143,0.2631578947368421,0.0,0.19155443867962724,-0.2001714912014926,0.2830188679245283,0.10395832720606801,0.31882653203397604,0.25,0.5,0.28052158372177194,0.3571428571428571,5.046963921946093,0.0,0.5263157894736842,0.5,0.26235137424018484
syn_stu_000730,syn_crs_00028,0.5538670179526212,0.11764705882352941,0.4,0.37037037037037035,0.3333333333333333,0.8571428571428571,0.615597471232801,0.08333333333333333,0.8,0.07219784140771165,1,0.4285714285714286,0,0.3333333333333333,0.39285714285714285,0.10526315789473684,0.0,0.4887805003908468,-0.31945652720906237,0.24528301886792453,0.13098524538067852,0.8097306195880785,0.5,0.5,0.36528089035913236,0.3571428571428571,-1.4413461602425666,0.5,0.42857142857142855,0.4166666666666667,0.6028091415354432
syn_stu_000731,syn_crs_00028,0.5609023825344973,0.4117647058823529,0.4,0.3333333333333333,0.0,0.6111111111111112,0.7359237024312016,0.0,0.4,0.044367164619028926,1,0.5238095238095237,0,0.48148148148148145,0.25,0.5263157894736842,0.0,0.23921611131995926,-1.2217412219853532,0.2641509433962264,0.04046462323441701,0.7489057853409734,0.0,1.0,0.3427515170645068,0.14285714285714285,3.425312526323883,0.0,0.41304347826086957,0.18181818181818182,0.4765973568034433
syn_stu_000732,syn_crs_00028,0.42744512996291983,0.1764705882352941,0.6000000000000001,0.5185185185185185,0.3333333333333333,0.8421052631578947,0.7412753353090827,0.1111111111111111,0.6000000000000001,0.13902176988128928,1,0.47619047619047605,0,0.5185185185185186,0.5,0.21052631578947367,0.0,0.08300715143801807,0.7517153407421066,0.6792452830188679,0.15490631194403368,0.9848049739796008,0.0,1.0,0.4496050439686966,0.07142857142857142,-1.2949882598432696,0.0,0.9318181818181818,0.0625,0.668521761242099
syn_stu_000733,syn_crs_00028,0.5555272019530612,0.0,0.2,0.6296296296296297,0.0,1.0,0.5641060979612004,0.0,0.2,0.195427049030517,0,0.6666666666666667,1,0.5185185185185186,0.5714285714285714,0.10526315789473684,0.0,0.42199990705257034,2.543084980537946,0.6226415094339622,0.29192130458868093,0.693483584058782,0.0,1.0,0.5155275798821638,0.42857142857142855,-1.6384192856300897,0.0,0.7307692307692307,0.3157894736842105,0.5915734975976387
syn_stu_000734,syn_crs_00028,0.5969949735403675,0.5294117647058824,0.6000000000000001,0.18518518518518517,0.0,0.4375,0.9532291052880199,0.0,0.6000000000000001,0.0875838458003114,1,0.6190476190476191,0,0.4074074074074074,0.2142857142857143,0.47368421052631576,0.5,0.26422328200860984,-4.9803581482319155,0.7547169811320754,0.1240579969604715,0.8509005832633454,0.0,1.0,0.61279193564862,0.21428571428571427,1.16821625885522,0.0,0.9,0.42857142857142855,0.7349224392553593
syn_stu_000735,syn_crs_00028,0.5249789108939716,0.23529411764705882,0.8,0.25925925925925924,0.0,0.6923076923076923,0.5375478801316884,0.0,1.0,0.02371470945097159,1,0.38095238095238093,0,0.2962962962962963,0.2857142857142857,0.21052631578947367,0.0,0.4034695509333868,-0.33932253116622935,0.24528301886792453,0.11184920727340146,0.8639083291971444,0.25,0.8,0.09828067776892004,0.21428571428571427,-3.8961988961057834,0.0,0.45,0.3333333333333333,0.4209929350788576
syn_stu_000736,syn_crs_00028,0.46083888608673834,0.058823529411764705,0.2,0.3333333333333333,0.0,0.9166666666666666,0.565776640968424,0.0,0.2,0.0195568288821616,1,0.6428571428571428,0,0.25925925925925924,0.25,0.21052631578947367,0.0,0.33213264756275784,2.9771888410780214,0.6981132075471698,0.08893309643623462,0.7573888886040819,0.0,1.0,0.29799478180155453,0.0,1.9939993955380924,0.0,0.8235294117647058,0.0,0.5401786327366158
syn_stu_000737,syn_crs_00028,0.4165440078842254,0.23529411764705882,0.2,0.3333333333333333,0.3333333333333333,0.7333333333333333,0.47377302559542034,0.16666666666666666,0.4,0.2214992773040001,0,0.5,1,0.3703703703703704,0.2857142857142857,0.3157894736842105,0.0,0.2710574239749812,0.7863326129814547,0.37735849056603776,0.18555980175676642,0.4892669639112517,0.25,0.5,0.42403532644036057,0.3571428571428571,-0.40838941791533956,0.0,0.5555555555555556,0.45454545454545453,0.48273406314269685
syn_stu_000738,syn_crs_00028,0.5639466108847477,0.7058823529411764,0.8,0.4074074074074074,0.3333333333333333,0.52,0.8906313532720258,0.06666666666666667,1.0,0.06427310174921116,1,0.47619047619047605,0,0.7407407407407407,0.35714285714285715,0.7368421052631579,0.0,0.1405972448294731,0.8275900195844184,0.22641509433962265,0.025285611529496377,0.5649068581297819,0.25,0.8,0.3157856345520324,0.7857142857142857,-1.6522781912246898,0.5,0.38636363636363635,0.8461538461538461,0.42961002424515
syn_stu_000739,syn_crs_00028,0.5952565370135171,0.0,0.6000000000000001,0.5555555555555555,0.0,1.0,0.7882456551389301,0.0,0.6000000000000001,0.10023403542337549,1,0.30952380952380953,0,0.44444444444444436,0.42857142857142855,0.21052631578947367,0.0,0.4964293717920949,-3.201821374076351,0.4716981132075472,0.007119146434111499,0.7498388107639125,0.0,1.0,0.17404245709442065,0.0,-2.296452583258688,0.0,0.8108108108108109,0.0,0.3540306478985237
syn_stu_000740,syn_crs_00028,0.5829777850996342,0.058823529411764705,0.0,0.6666666666666666,0.3333333333333333,0.9523809523809523,0.8017894206597067,0.16666666666666666,0.4,0.397120179405459,1,0.2142857142857143,0,0.5925925925925926,0.6428571428571428,0.10526315789473684,0.0,0.3569703889011553,1.4042540905078302,0.22641509433962265,0.1427205710836984,0.9170278437654413,0.5,0.0,0.49039835057401315,0.3571428571428571,5.914008489478594,0.0,0.5151515151515151,0.25,0.7089358558439808
syn_stu_000741,syn_crs_00028,0.6312470131248828,0.058823529411764705,0.0,0.5185185185185185,0.0,0.9411764705882353,0.9501297314251763,0.0,0.0,0.01781379412281508,0,0.5476190476190477,1,0.44444444444444436,0.42857142857142855,0.21052631578947367,0.0,0.21664449956953696,2.0182552875840463,0.4528301886792453,0.0933651285955571,0.9335292355335177,0.0,0.0,0.5099481128998846,0.14285714285714285,-0.10293101371789512,0.0,0.6170212765957447,0.125,0.8124816798435631
syn_stu_000742,syn_crs_00028,0.5618445861892568,0.058823529411764705,0.6000000000000001,0.5185185185185185,0.0,0.9411764705882353,0.7058205501434746,0.0,1.0,0.06093361861116853,1,0.6428571428571428,0,0.44444444444444436,0.5,0.10526315789473684,0.0,0.3062200852613203,0.39987354162910216,0.7358490566037735,0.40405775274675554,0.5756215210432121,0.5,0.6,0.545091579146657,0.6428571428571428,-0.22943530242925209,0.0,0.8627450980392157,0.5625,0.5832427085230115
syn_stu_000743,syn_crs_00028,0.5110166334478807,0.058823529411764705,0.4,0.5925925925925926,0.0,0.9473684210526315,0.8665837220955933,0.0,0.6000000000000001,0.2800760284480626,1,0.3571428571428571,0,0.5185185185185186,0.5,0.21052631578947367,0.0,0.030106097120908705,-1.3111005818776933,0.4716981132075472,0.16875715349230316,0.6163140781871507,0.25,0.6666666666666666,0.27488851295835237,0.6428571428571428,2.618854464963274,0.5,0.7692307692307693,0.5,0.446382479559383
syn_stu_000744,syn_crs_00028,0.5387840587528391,0.29411764705882354,0.0,0.3333333333333333,0.0,0.6875,0.8504513014914813,0.0,0.0,0.08571432349736617,1,0.5952380952380951,0,0.4074074074074074,0.35714285714285715,0.2631578947368421,0.0,0.21664404350394775,0.8856389898901289,0.4716981132075472,0.12174615742863597,0.9735707696216463,0.0,0.0,0.5812290025170201,0.2857142857142857,-2.5249371961285374,0.0,0.6122448979591837,0.36363636363636365,0.7587773957915498
syn_stu_000745,syn_crs_00028,0.6105821107385245,0.3529411764705882,0.4,0.4074074074074074,0.0,0.6842105263157895,0.674962615902414,0.0,0.6000000000000001,0.0430432539872479,1,0.6904761904761905,0,0.5185185185185186,0.2857142857142857,0.5263157894736842,0.0,0.392180651461691,-2.0757082297891354,0.4528301886792453,0.5703599239116972,0.4214583336870229,0.25,0.6666666666666666,0.28047795794466507,0.2857142857142857,3.402892772649077,0.0,0.5471698113207547,0.3076923076923077,0.3798240348311156
syn_stu_000746,syn_crs_00028,0.5483992207447392,0.23529411764705882,0.6000000000000001,0.2222222222222222,0.0,0.6666666666666666,0.85959291429355,0.0,1.0,0.3262796439897874,1,0.47619047619047605,0,0.25925925925925924,0.17857142857142855,0.3157894736842105,0.5,0.30292618415748385,-2.340388496103128,0.169811320754717,0.3097857123103182,0.6298424697349866,0.5,0.6,0.19453945884409107,0.21428571428571427,-0.10722592589598136,0.0,0.3181818181818182,0.375,0.4226130755178972
syn_stu_000747,syn_crs_00028,0.5055535345449665,0.47058823529411764,1.0,0.3333333333333333,0.3333333333333333,0.5789473684210527,0.8616573964121574,0.06666666666666667,1.0,0.18870431263675277,1,0.45238095238095233,0,0.5185185185185186,0.3214285714285714,0.47368421052631576,0.0,0.29892618964687806,1.604267980567803,0.6981132075471698,0.15876195329900158,0.8133879866170312,0.0,1.0,0.513870799180054,0.2857142857142857,-4.151309413935941,0.0,0.9767441860465116,0.36363636363636365,0.6989949915641759
syn_stu_000748,syn_crs_00028,0.5561472629657507,0.1764705882352941,0.2,0.5925925925925926,0.0,0.8571428571428571,0.7977946739549996,0.0,0.2,0.1451453995861964,1,0.8333333333333333,0,0.5925925925925926,0.5714285714285714,0.21052631578947367,0.0,0.34226094136172946,2.191627186935399,0.4528301886792453,0.021090303884121326,0.4413963498213498,0.0,1.0,0.3436187326406603,0.21428571428571427,-1.591480264267086,0.0,0.4915254237288136,0.16666666666666666,0.3376907851688286
syn_stu_000749,syn_crs_00028,0.597254435532093,0.4117647058823529,0.4,0.4444444444444444,0.3333333333333333,0.6666666666666666,0.6625520110184179,0.16666666666666666,0.4,0.05656491575868845,0,0.3571428571428571,0,0.5925925925925926,0.39285714285714285,0.47368421052631576,0.0,0.4123726316111227,-1.4852429568223948,0.24528301886792453,0.06778769263352234,0.7993515494564204,0.0,1.0,0.03436699594233012,0.5,-3.2854727275671425,0.0,0.46153846153846156,0.5,0.422926062209846
syn_stu_000750,syn_crs_00028,0.3809062414945168,0.11764705882352941,1.0,0.3333333333333333,0.0,0.8461538461538461,0.5384039750742179,0.0,1.0,0.38085839329818305,1,0.7142857142857142,0,0.2962962962962963,0.35714285714285715,0.10526315789473684,0.5,0.33202922502732424,-2.3306603177942717,0.37735849056603776,0.1195741369434798,0.5507265413597355,0.0,1.0,0.17981713711644604,0.21428571428571427,0.24346091590842056,0.0,0.46296296296296297,0.2727272727272727,0.3422120550566445
syn_stu_000751,syn_crs_00028,0.4942253303626397,0.11764705882352941,0.8,0.2222222222222222,0.0,0.8,0.8216088120926749,0.0,0.8,0.1367384077579651,1,0.5476190476190477,0,0.18518518518518517,0.17857142857142855,0.21052631578947367,0.0,0.31382764992037987,-1.7556909168308303,0.7358490566037735,0.018628370808273703,0.7648140233547857,0.0,1.0,0.2677425268036073,0.21428571428571427,-2.3807732778005395,0.0,0.9361702127659575,0.375,0.5348580125182434
syn_stu_000752,syn_crs_00028,0.3682599980889543,0.23529411764705882,0.6000000000000001,0.2962962962962963,0.0,0.7142857142857143,0.656685747629817,0.0,0.6000000000000001,0.14869507231784992,0,0.40476190476190477,1,0.3333333333333333,0.2857142857142857,0.2631578947368421,0.0,0.2518851473358801,0.3952995898675163,0.5849056603773585,0.14744699609189252,0.6680532458519258,0.0,1.0,0.36714765471630567,0.21428571428571427,-2.7111033582705772,0.0,0.8780487804878049,0.3,0.4203217720231697
syn_stu_000753,syn_crs_00028,0.6120202110565851,0.5294117647058824,0.2,0.18518518518518517,0.0,0.4375,0.9657091173957983,0.0,0.2,0.11821606343700566,1,0.5,0,0.4074074074074074,0.17857142857142855,0.5263157894736842,0.0,0.18473687629820737,-2.3284027839664314,0.5094339622641509,0.11371282912999969,0.53469201154771,0.0,1.0,0.2278327449541859,0.2857142857142857,0.8766041945036048,0.0,0.7111111111111111,0.5714285714285714,0.3616258259647381
syn_stu_000754,syn_crs_00029,0.5084498228228901,0.23529411764705882,0.8,0.25925925925925924,0.3333333333333333,0.6923076923076923,0.6575336607634243,0.08333333333333333,0.8,0.05338278426458891,1,0.7380952380952381,0,0.2962962962962963,0.25,0.2631578947368421,0.0,0.5041264574104495,2.567668141992304,0.8679245283018868,0.010750645872446242,0.8113310744163151,0.0,1.0,0.479734821965792,0.14285714285714285,0.13180228300054933,0.0,0.9272727272727272,0.2222222222222222,0.6726554879850363
syn_stu_000755,syn_crs_00029,0.5305224164582579,0.11764705882352941,0.6000000000000001,0.6296296296296297,0.0,0.9047619047619048,0.786970286231772,0.0,0.6000000000000001,0.10539412963304183,1,0.5,0,0.5925925925925926,0.4642857142857143,0.3684210526315789,0.0,0.21917151408304544,-0.9298004637946061,0.18867924528301888,0.0355622063402095,0.6540635482347512,0.0,1.0,0.555719678076014,0.5714285714285714,3.62747048571502,0.0,0.3333333333333333,0.42105263157894735,0.6400778575273341
syn_stu_000756,syn_crs_00029,0.48629284647395704,0.5882352941176471,0.4,0.3333333333333333,0.0,0.5238095238095238,0.8555324343596343,0.0,0.6000000000000001,0.16072206226050467,1,0.38095238095238093,0,0.5925925925925926,0.2857142857142857,0.631578947368421,0.0,0.14986191695229767,0.7325832478874775,0.6037735849056604,0.27686733707243905,0.622298854561671,0.25,0.6666666666666666,0.4325114885403156,0.2857142857142857,3.494550994560008,0.0,0.925,0.36363636363636365,0.5258806986986139
syn_stu_000757,syn_crs_00029,0.4161820282269725,0.1764705882352941,0.8,0.7407407407407407,0.0,0.88,0.7310250568843121,0.0,1.0,0.10128405340722531,1,0.6904761904761905,0,0.7407407407407407,0.6071428571428571,0.3684210526315789,0.5,0.1783988179344203,-1.4863992225706724,0.22641509433962265,0.029462525723214138,0.9091430829754854,0.25,0.8,0.46566269176743,0.3571428571428571,0.18410111656512854,0.0,0.32075471698113206,0.22727272727272727,0.5793824984524796
syn_stu_000758,syn_crs_00029,0.3283498025618732,0.1764705882352941,0.2,0.4074074074074074,0.0,0.8125,0.6103412307465897,0.0,0.4,0.19694716967811254,1,0.33333333333333326,0,0.4074074074074074,0.3214285714285714,0.3157894736842105,0.0,0.14623060691955303,1.1680468749917496,0.4528301886792453,0.10408858665015097,0.8655889519639672,0.25,0.5,0.22221831660849933,0.0,1.498944699917749,0.5,0.7631578947368421,0.0,0.5759706538916629
syn_stu_000759,syn_crs_00029,0.5716144947161159,0.1764705882352941,0.6000000000000001,0.2222222222222222,0.0,0.7272727272727273,0.8399346549417788,0.0,0.6000000000000001,0.07312628791560555,1,0.5714285714285714,0,0.2222222222222222,0.14285714285714285,0.3157894736842105,0.0,0.28266525042275853,1.3317716852388588,0.18867924528301888,0.03667985857751641,0.8640707754595914,0.0,1.0,0.317232952584931,0.3571428571428571,-4.222583162167843,0.0,0.3125,0.625,0.6698589099501843
syn_stu_000760,syn_crs_00029,0.407947817872433,0.058823529411764705,0.0,0.14814814814814814,0.6666666666666666,0.8571428571428571,0.7552401849339869,0.6666666666666666,0.0,0.32249480079070414,0,0.5238095238095237,0,0.07407407407407407,0.17857142857142855,0.05263157894736842,0.0,0.13607123223563167,-3.3556187463533558,0.7547169811320754,0.08076286684653779,0.6532884338062755,0.0,0.0,0.2851330888014038,0.0,2.0881228334836672,0.0,0.9782608695652174,0.0,0.42727157508214975
syn_stu_000761,syn_crs_00029,0.5371409108777275,0.1764705882352941,0.8,0.2222222222222222,0.0,0.7272727272727273,0.82875154612556,0.0,0.8,0.18635505470590266,1,0.5952380952380951,0,0.2222222222222222,0.2142857142857143,0.21052631578947367,0.0,0.24602755659929496,-1.3593265991584638,0.7735849056603773,0.03874397084380204,0.8428997113480116,0.0,1.0,0.6160264411160489,0.0,1.2321045040422147,0.0,0.9387755102040817,0.0,0.70816940639499
syn_stu_000762,syn_crs_00029,0.6043070357396134,0.1764705882352941,0.6000000000000001,0.37037037037037035,0.0,0.8,0.6306120196784633,0.0,0.6000000000000001,0.13936271039816117,1,0.5714285714285714,0,0.3703703703703704,0.14285714285714285,0.5263157894736842,0.0,0.537861413123442,-0.31324296607253355,0.6792452830188679,0.20156990325376994,0.8982930520131984,0.0,1.0,0.3617431523051856,0.14285714285714285,2.862238833954882,0.0,0.8541666666666666,0.16666666666666666,0.6703451286799564
syn_stu_000763,syn_crs_00029,0.4691269303911507,0.1764705882352941,0.8,0.2962962962962963,0.0,0.7692307692307693,0.5498682632946119,0.0,1.0,0.3445394385245214,1,0.5,0,0.2962962962962963,0.2857142857142857,0.21052631578947367,0.0,0.3271194740712654,-1.050346265992893,0.32075471698113206,0.11696767940092821,0.6025166960194055,0.25,0.8,0.15338952052922697,0.0,-0.9186811646893669,0.0,0.4888888888888889,0.0,0.41961548260343995
syn_stu_000764,syn_crs_00029,0.43021998948835016,0.5882352941176471,0.0,0.18518518518518517,0.0,0.4117647058823529,0.5018604630011942,0.0,0.2,0.05787060481469326,0,0.38095238095238093,0,0.44444444444444436,0.2142857142857143,0.5263157894736842,0.0,0.26514747479487183,1.7431609531039673,0.3584905660377359,0.15754375460482134,0.7542570607010061,0.25,0.0,0.24439963443093252,0.2857142857142857,-0.8925421154585685,0.0,0.6,0.5714285714285714,0.5541800949425227
syn_stu_000765,syn_crs_00029,0.39916509847683945,0.23529411764705882,0.2,0.4444444444444444,0.0,0.7777777777777778,0.7105256591855481,0.0,1.0,0.15693322788850056,1,0.5952380952380951,0,0.48148148148148145,0.42857142857142855,0.2631578947368421,0.0,0.07133170323941855,-1.1943867138821107,0.4339622641509434,0.22191444749852135,0.7286076970339426,1.0,0.2,0.3856729184795584,0.7142857142857142,-0.8738065154226994,0.0,0.5714285714285714,0.7142857142857143,0.6078719996761037
syn_stu_000766,syn_crs_00029,0.5702123431859704,0.0,0.4,0.4814814814814815,0.0,1.0,0.9451709003661152,0.0,0.6000000000000001,0.18124367403659974,1,0.6666666666666667,0,0.3703703703703704,0.42857142857142855,0.10526315789473684,0.0,0.3002627912367856,1.4297021023233012,0.49056603773584906,0.18239774580629456,0.7018266432422817,0.25,0.6666666666666666,0.20747758332324395,0.7142857142857142,4.303752629748913,0.0,0.5961538461538461,0.6666666666666666,0.3780415385168526
syn_stu_000767,syn_crs_00029,0.4158824419084817,0.11764705882352941,0.2,0.5925925925925926,0.0,0.9,0.7676437529253846,0.0,0.2,0.13653352318839174,1,0.4285714285714286,0,0.5555555555555556,0.4642857142857143,0.3157894736842105,0.0,0.017548397399551476,0.9693270140025269,0.2830188679245283,0.21427248656970563,0.6432177796926496,0.0,1.0,0.165273991967596,0.21428571428571427,0.8487686644879303,0.0,0.47619047619047616,0.16666666666666666,0.3802767713161541
syn_stu_000768,syn_crs_00029,0.5456130267852134,0.1764705882352941,0.0,0.4074074074074074,0.0,0.8125,0.603831541114718,0.0,0.0,0.3647436767164422,1,0.5952380952380951,0,0.4074074074074074,0.35714285714285715,0.2631578947368421,0.0,0.42177414822884834,-0.2158880518011058,0.4528301886792453,0.10841062958420927,0.26171893297326004,0.0,0.0,0.21794046798165925,0.5714285714285714,-4.4878815055620285,0.0,0.5918367346938775,0.6153846153846154,0.27115160835094787
syn_stu_000769,syn_crs_00029,0.28427465360881865,0.1764705882352941,0.2,0.3333333333333333,0.3333333333333333,0.7857142857142857,0.5325191278902738,0.3333333333333333,0.2,0.013256482377195589,0,0.47619047619047605,0,0.3333333333333333,0.35714285714285715,0.15789473684210525,0.0,0.05418610238357139,1.5126993984374766,0.49056603773584906,0.04314079261874004,0.8811906873529877,0.0,1.0,0.22165965756153205,0.3571428571428571,1.9331439658686167,0.0,0.7045454545454546,0.45454545454545453,0.5471168196357732
syn_stu_000770,syn_crs_00029,0.302106345903682,0.0,0.2,0.2962962962962963,0.0,1.0,0.5751698539393377,0.0,0.2,0.20780652406133096,1,0.30952380952380953,0,0.18518518518518517,0.17857142857142855,0.21052631578947367,0.0,0.05783315070947982,-3.0758558126263917,0.5660377358490566,0.1743491159655695,0.6761538264940232,0.0,1.0,0.24434418606428704,0.14285714285714285,-1.389894509172506,0.0,0.9459459459459459,0.2,0.4785435909541914
syn_stu_000771,syn_crs_00029,0.6364856678810586,0.29411764705882354,0.6000000000000001,0.6296296296296297,0.0,0.7916666666666666,0.7048147842700145,0.0,0.6000000000000001,0.21773470874536888,1,0.3571428571428571,0,0.7037037037037037,0.6071428571428571,0.3157894736842105,0.0,0.3206388129557004,-0.12338436660803283,0.32075471698113206,0.19641971687416773,0.8322069406938372,0.0,1.0,0.46896829463462886,0.7142857142857142,3.253742356154863,0.0,0.5641025641025641,0.5263157894736842,0.6440664660766713
syn_stu_000772,syn_crs_00029,0.4251259040877843,0.5882352941176471,0.4,0.18518518518518517,0.3333333333333333,0.4117647058823529,0.7146763219660671,0.06666666666666667,1.0,0.16110844477228803,1,0.40476190476190477,0,0.44444444444444436,0.17857142857142855,0.5789473684210527,0.5,0.2648806030398495,-1.5484688924444787,0.20754716981132076,0.017195052698008677,0.6051736777027732,0.75,0.4,0.1505721033021725,0.21428571428571427,1.6162529684941664,0.0,0.3902439024390244,0.42857142857142855,0.3560805806253481
syn_stu_000773,syn_crs_00029,0.6400106081921882,0.3529411764705882,0.4,0.18518518518518517,0.0,0.5384615384615384,0.7877983072947232,0.0,1.0,0.29577094628549816,1,0.33333333333333326,0,0.2962962962962963,0.14285714285714285,0.42105263157894735,0.0,0.44285547189536445,-0.2138326597041979,0.32075471698113206,0.08761915715544775,0.43507377546693105,0.75,0.4,0.42157645925603293,0.0,3.721332747055266,0.0,0.5789473684210527,0.0,0.4162314701980158
syn_stu_000774,syn_crs_00029,0.49019118201495093,0.7058823529411764,0.8,0.6666666666666666,0.0,0.625,0.44279075805491286,0.0,0.8,0.07889987020685325,1,0.3571428571428571,0,1.0,0.4642857142857143,0.9473684210526315,0.0,0.432988461336674,-0.9388121681548113,0.24528301886792453,0.1170334689037494,0.3096016098217957,0.0,1.0,0.28797352995742775,0.7142857142857142,3.116577999036347,0.0,0.46153846153846156,0.5,0.24269626454921148
syn_stu_000775,syn_crs_00029,0.4054086484545685,0.3529411764705882,0.4,0.25925925925925924,0.0,0.6,0.6932717291791554,0.0,0.4,0.03918092644896289,1,0.40476190476190477,0,0.3703703703703704,0.14285714285714285,0.5263157894736842,0.5,0.15167209185226888,0.11996865718332281,0.4339622641509434,0.06840389204853799,0.5952799054939668,0.0,1.0,0.42127494264757953,0.21428571428571427,2.8121008798994525,0.0,0.6829268292682927,0.3333333333333333,0.47210432206300457
syn_stu_000776,syn_crs_00029,0.29515183588754895,0.3529411764705882,0.6000000000000001,0.1111111111111111,0.3333333333333333,0.45454545454545453,0.34879087834853867,0.1111111111111111,0.6000000000000001,0.24100052841114536,1,0.8333333333333333,0,0.2222222222222222,0.14285714285714285,0.3157894736842105,0.0,0.2583644686166419,0.01897278702726496,0.6792452830188679,0.2762338422499598,0.8750384137225381,0.0,1.0,0.6537424577658406,0.07142857142857142,3.403423275729246,0.0,0.6949152542372882,0.2,0.7610436148526225
syn_stu_000777,syn_crs_00030,0.3753079667642569,0.1764705882352941,0.2,0.37037037037037035,0.0,0.8,0.5678914175336947,0.0,0.2,0.20058801965263037,1,0.5,0,0.3703703703703704,0.25,0.3684210526315789,0.0,0.22287117906773643,0.2775086574476952,0.15094339622641512,0.3670944124936787,0.8138172757520921,0.0,1.0,0.4391081150347954,0.14285714285714285,2.4451776485363226,0.0,0.28888888888888886,0.16666666666666666,0.6240252059112761
syn_stu_000778,syn_crs_00030,0.5701600296536098,0.1764705882352941,0.2,0.3333333333333333,0.0,0.7857142857142857,0.6188876830104519,0.0,0.2,0.18617615974503593,1,0.26190476190476186,0,0.3333333333333333,0.35714285714285715,0.15789473684210525,0.0,0.5214101450103596,0.35676788111965774,0.3018867924528302,0.4319365470620818,0.7958698516088847,0.0,1.0,0.1982360933711276,0.2857142857142857,-2.08152703808802,0.0,0.6,0.36363636363636365,0.525431019419479
syn_stu_000779,syn_crs_00030,0.490009228285613,0.29411764705882354,0.4,0.14814814814814814,0.0,0.5454545454545454,0.5657761219848929,0.0,0.6000000000000001,0.060689097864059675,1,0.5,0,0.2222222222222222,0.03571428571428571,0.47368421052631576,0.0,0.3242930783176119,1.1467212487446623,0.6037735849056604,0.03846060616708914,0.6345627717143439,0.25,0.6666666666666666,0.3998613798198762,0.14285714285714285,-3.430754806101671,0.0,0.8222222222222222,0.3333333333333333,0.5029536364455386
syn_stu_000780,syn_crs_00030,0.5216081102944837,0.4117647058823529,0.8,0.5555555555555555,0.0,0.7083333333333334,0.8522176336997718,0.0,0.8,0.1695629050871265,0,0.6428571428571428,1,0.7037037037037037,0.5357142857142857,0.42105263157894735,0.0,0.21081938227937225,-2.517461893937553,0.5849056603773585,0.03207904365373379,0.45555901845016317,0.0,1.0,0.3053596792790935,0.42857142857142855,-2.4907603010106447,0.5,0.7058823529411765,0.35294117647058826,0.4642479062347375
syn_stu_000781,syn_crs_00030,0.5731702155254075,0.4117647058823529,0.0,0.25925925925925924,0.0,0.5625,0.6027431907971686,0.0,0.0,0.20839415158739155,0,0.5952380952380951,0,0.4074074074074074,0.17857142857142855,0.5263157894736842,0.0,0.2325380263473423,1.0187306032163062,0.5283018867924528,0.2544128058823953,0.5893662254041125,0.0,0.0,0.4012782653850628,0.3571428571428571,2.1920845269685825,0.0,0.673469387755102,0.5555555555555556,0.5568185014785901
syn_stu_000782,syn_crs_00030,0.3943688336991575,0.058823529411764705,0.0,0.4444444444444444,0.0,0.9333333333333333,0.7974075650671745,0.0,0.0,0.21256406804006295,0,0.6904761904761905,0,0.3703703703703704,0.2857142857142857,0.3157894736842105,0.0,0.03660386158542174,-3.025268631550103,0.7169811320754716,0.2830958311990378,0.7082625875374462,0.0,0.0,0.1250516469016843,0.21428571428571427,-6.670190772150399,0.0,0.8113207547169812,0.21428571428571427,0.3915389303633869
syn_stu_000783,syn_crs_00030,0.5533826228202215,0.23529411764705882,0.2,0.25925925925925924,0.3333333333333333,0.6923076923076923,0.556921539414867,0.3333333333333333,0.2,0.07126924683895398,1,0.2142857142857143,0,0.2962962962962963,0.2857142857142857,0.21052631578947367,0.0,0.41209218965901023,-5.588726673511652,0.3584905660377359,0.08034462290650518,0.7247204084901677,0.0,1.0,0.1766912786620086,0.3571428571428571,-0.04619811982534824,0.0,0.7272727272727273,0.5555555555555556,0.46059642362891573
syn_stu_000784,syn_crs_00030,0.6983893053049258,0.1764705882352941,0.2,0.5925925925925926,0.0,0.8571428571428571,0.7138825922897182,0.0,0.2,0.5912193507402723,1,0.6428571428571428,0,0.5925925925925926,0.4642857142857143,0.3684210526315789,0.0,0.6285035320828615,3.9449259566644836,0.11320754716981131,0.022071480276495966,0.7056766986025258,0.0,1.0,0.6085140647064416,0.6428571428571428,-0.7975917860931028,0.0,0.21568627450980393,0.5,0.7177374784237165
syn_stu_000785,syn_crs_00030,0.6614040995590313,0.29411764705882354,0.0,0.2222222222222222,0.3333333333333333,0.6153846153846154,0.7009933370106441,0.3333333333333333,0.0,0.17016898808854905,1,0.47619047619047605,0,0.2962962962962963,0.25,0.2631578947368421,0.0,0.610967549993081,-1.8776788769744415,0.5849056603773585,0.15201431818523062,0.506690785371764,0.0,0.0,0.2631881158379469,0.21428571428571427,3.6715335497686388,0.0,0.8181818181818182,0.375,0.35290421826934126
syn_stu_000786,syn_crs_00030,0.3777454602674664,0.23529411764705882,0.0,0.3333333333333333,0.0,0.7333333333333333,0.5008773665325369,0.0,0.0,0.10502026372648648,1,0.6190476190476191,0,0.3703703703703704,0.25,0.3684210526315789,0.0,0.10753744456663618,-0.8960774992239213,0.7735849056603773,0.22285689967824635,0.7861381871652667,0.0,0.0,0.14605173594571738,0.07142857142857142,-0.35163694612249985,0.0,0.92,0.09090909090909091,0.4287080139209016
syn_stu_000787,syn_crs_00030,0.5633290519029682,0.11764705882352941,0.0,0.9259259259259259,0.0,0.9310344827586207,0.9089471876645264,0.0,0.0,0.25454845965051087,0,0.30952380952380953,0,0.8888888888888888,0.6428571428571428,0.5263157894736842,0.0,0.37771854070708993,-3.7274604897559365,0.15094339622641512,0.08767168273564821,0.6888139147237289,0.0,0.0,0.5651011482959518,0.7142857142857142,-1.1055522785865288,0.0,0.35135135135135137,0.37037037037037035,0.6919250725889361
syn_stu_000788,syn_crs_00030,0.5653343645007951,0.058823529411764705,0.4,0.4074074074074074,0.0,0.9285714285714286,0.6722509171416359,0.0,0.4,0.027513261682454406,1,0.33333333333333326,0,0.3333333333333333,0.35714285714285715,0.15789473684210525,0.0,0.41589996601329593,-0.9089098550739804,0.15094339622641512,0.16942467464288077,0.32386678825457726,0.0,1.0,0.22626786822243747,0.42857142857142855,3.9480453023782696,0.0,0.34210526315789475,0.46153846153846156,0.3096362852329878
syn_stu_000789,syn_crs_00030,0.5213340142135092,0.23529411764705882,0.6000000000000001,0.3333333333333333,0.3333333333333333,0.7333333333333333,0.6870039850632111,0.08333333333333333,0.8,0.09566184925713396,1,0.5714285714285714,0,0.3703703703703704,0.2857142857142857,0.3157894736842105,0.0,0.4273020371966228,0.4135910065265004,0.5094339622641509,0.1063899702957385,0.7072246833431571,0.25,0.75,0.2286281478025779,0.07142857142857142,-0.27572385175164027,0.0,0.6666666666666666,0.09090909090909091,0.5216166540648641
syn_stu_000790,syn_crs_00030,0.4271243250067744,0.8235294117647058,0.0,0.07407407407407407,0.3333333333333333,0.2222222222222222,0.7079409290472292,0.3333333333333333,0.0,0.27853191119309634,1,0.6666666666666667,0,0.48148148148148145,0.07142857142857142,0.7894736842105263,0.0,0.1899065144768371,0.4855567092349961,0.5660377358490566,0.27097318294715855,0.6304456428708909,0.0,0.0,0.23998066500256315,0.21428571428571427,-0.7602998949145622,0.0,0.6730769230769231,0.75,0.45098472500634545
syn_stu_000791,syn_crs_00030,0.4944183099499318,0.4117647058823529,0.2,0.3333333333333333,0.0,0.6111111111111112,0.7401607071157873,0.0,0.2,0.118043154081169,0,0.5,0,0.48148148148148145,0.35714285714285715,0.3684210526315789,0.0,0.296976141987677,-2.4135591041235354,0.2641509433962264,0.2556613610717315,0.820007118056848,0.0,1.0,0.5048589242688765,0.5,-1.4676780086411547,0.0,0.4222222222222222,0.6363636363636364,0.6496885431093509
syn_stu_000792,syn_crs_00030,0.3278376495023284,0.11764705882352941,0.8,0.37037037037037035,0.0,0.8571428571428571,0.48448329359767367,0.0,1.0,0.08989749170823295,1,0.5476190476190477,0,0.3333333333333333,0.39285714285714285,0.10526315789473684,0.0,0.267574434719224,-0.8873016554272118,0.5094339622641509,0.2739712061949337,0.2354120544870867,0.25,0.8,0.18755659468208644,0.2857142857142857,0.8569220247785352,0.0,0.6808510638297872,0.3333333333333333,0.14438996237383525
syn_stu_000793,syn_crs_00030,0.3781942857678494,0.11764705882352941,0.0,0.5555555555555555,0.0,0.8947368421052632,0.51329237171296,0.0,0.2,0.18189522983526174,0,0.5,0,0.5185185185185186,0.35714285714285715,0.42105263157894735,0.0,0.4083542181250734,0.7375111169629281,0.6792452830188679,0.2394959155497442,0.48506934375005456,0.25,0.0,0.1840546369975859,0.0,-0.9944473070652782,0.0,0.9111111111111111,0.0,0.34140469297339465
syn_stu_000794,syn_crs_00030,0.6418788116506582,0.058823529411764705,0.4,0.4074074074074074,0.0,0.9285714285714286,0.8068217221490563,0.0,1.0,0.11647431727489217,0,0.33333333333333326,0,0.3333333333333333,0.3214285714285714,0.21052631578947367,0.5,0.43805747759972363,0.47709747458057183,0.32075471698113206,0.3975822501191623,0.944266240585018,0.75,0.4,0.0816475302889953,0.0,-0.9836086302509778,0.5,0.5789473684210527,0.0,0.5745615482624828
syn_stu_000795,syn_crs_00030,0.4090863802877278,0.0,0.4,0.5555555555555555,0.3333333333333333,1.0,0.6543629470623318,0.1111111111111111,0.6000000000000001,0.11406903882375515,1,0.0714285714285714,0,0.44444444444444436,0.5714285714285714,0.0,0.0,0.17039680185439823,0.25650931347258693,0.15094339622641512,0.15175641958560215,0.4202763963914056,0.25,0.6666666666666666,0.34493555858295083,0.5,4.350697958026934,0.0,0.48148148148148145,0.4117647058823529,0.4447961495872772
syn_stu_000796,syn_crs_00030,0.5407025269156769,0.6470588235294118,0.4,0.3333333333333333,0.3333333333333333,0.5,0.9894009282723925,0.08333333333333333,0.8,0.22703802570140627,0,0.5952380952380951,1,0.6296296296296295,0.2142857142857143,0.7894736842105263,0.0,0.12206325695564696,1.5208531587134269,0.13207547169811323,0.11987729430075736,0.5184936579535834,0.5,0.5,0.24427529084278657,0.14285714285714285,0.14667703257467724,0.0,0.24489795918367346,0.18181818181818182,0.4349222909182425
syn_stu_000797,syn_crs_00030,0.6978547739128125,0.11764705882352941,0.2,0.25925925925925924,0.0,0.8181818181818182,0.95117259337139,0.0,0.2,0.06532391902281028,1,0.5,0,0.2222222222222222,0.2857142857142857,0.10526315789473684,0.0,0.36861948564625857,-0.21798023359374094,0.37735849056603776,0.110848518725286,0.8576843586203724,0.0,1.0,0.3043039916586771,0.07142857142857142,-1.3446508653763731,0.0,0.5555555555555556,0.1111111111111111,0.6203553114575899
syn_stu_000798,syn_crs_00030,0.4009547369260084,0.3529411764705882,0.2,0.4074074074074074,0.0,0.6842105263157895,0.7233743432776228,0.0,0.2,0.3590236345080628,1,0.38095238095238093,0,0.5185185185185186,0.3214285714285714,0.47368421052631576,0.0,0.03334164837934116,2.7844976770552243,0.5660377358490566,0.09938375021029797,0.6133643921755136,0.0,1.0,0.17309525293766265,0.07142857142857142,-2.985314669666878,0.0,0.875,0.07692307692307693,0.5037832797476748
syn_stu_000799,syn_crs_00030,0.6063682680857724,0.058823529411764705,0.4,0.5185185185185185,0.0,0.9411764705882353,0.764848194468226,0.0,0.4,0.017274407899980432,1,0.4285714285714286,0,0.44444444444444436,0.42857142857142855,0.21052631578947367,0.0,0.4745719871611797,-0.5862937572091855,0.49056603773584906,0.3957059935633633,0.716741423681784,0.0,1.0,0.2277939847647669,0.0,0.5955396394964045,0.5,0.7380952380952381,0.0,0.3946815834130682
syn_stu_000800,syn_crs_00031,0.8245698771424382,0.5294117647058824,0.0,0.1111111111111111,0.0,0.35714285714285715,0.929967146621853,0.0,0.0,0.05305132191048867,0,0.5952380952380951,0,0.3333333333333333,0.14285714285714285,0.47368421052631576,0.0,0.4140802394402836,1.3890368726918891,0.39622641509433965,0.14364804089616054,0.8167983248703705,0.0,0.0,0.1800661280336087,0.14285714285714285,-1.6792459792082632,0.0,0.5306122448979592,0.4,0.5099793933325696
syn_stu_000801,syn_crs_00031,0.7202614192844138,0.5882352941176471,0.2,0.14814814814814814,0.3333333333333333,0.375,0.8168807883261104,0.3333333333333333,0.2,0.135733523545325,1,0.8095238095238095,0,0.4074074074074074,0.17857142857142855,0.5263157894736842,0.0,0.5218431786553257,1.4602394256899371,0.9056603773584906,0.24527373118965773,0.7453719756582013,0.0,1.0,0.35765338016642684,0.3571428571428571,-1.1049984179658514,0.0,0.9137931034482759,0.8333333333333334,0.504674357115337
syn_stu_000802,syn_crs_00031,0.6117459874258504,0.11764705882352941,0.6000000000000001,0.2962962962962963,0.0,0.8333333333333334,0.7235887030638144,0.0,1.0,0.08525527264995683,1,0.6190476190476191,0,0.25925925925925924,0.3214285714285714,0.10526315789473684,0.0,0.25542320097696225,-3.2783050856369877,0.5660377358490566,0.08436724639255345,0.749249528803973,0.5,0.6,0.31021115997113713,0.14285714285714285,-2.55458777611898,0.5,0.7,0.2,0.6073523514028721
syn_stu_000803,syn_crs_00031,0.39620925673549956,0.11764705882352941,0.0,0.3333333333333333,0.0,0.8461538461538461,0.5876652176545054,0.0,0.0,0.24171085836722767,1,0.5,0,0.2962962962962963,0.25,0.2631578947368421,0.0,0.24624878823716165,0.8818087571025566,0.37735849056603776,0.2622786177982739,0.5910217963471394,0.0,0.0,0.1286274794361135,0.07142857142857142,0.5906979484766877,0.0,0.5555555555555556,0.09090909090909091,0.3321931995594861
syn_stu_000804,syn_crs_00031,0.5631205711849279,0.1764705882352941,0.4,0.18518518518518517,0.0,0.7,0.8639157113229028,0.0,0.6000000000000001,0.44628322085369804,1,0.47619047619047605,0,0.18518518518518517,0.17857142857142855,0.21052631578947367,0.0,0.23735551894393425,-1.280278770819312,0.20754716981132076,0.1775307692934812,0.8701141006362143,0.25,0.6666666666666666,0.6700528233099592,0.07142857142857142,-3.90997674122917,0.0,0.36363636363636365,0.14285714285714285,0.8205085734210057
syn_stu_000805,syn_crs_00031,0.25310667317203195,0.1764705882352941,0.6000000000000001,0.2962962962962963,0.0,0.7692307692307693,0.3547858704531991,0.0,0.8,0.018050669521913535,1,0.40476190476190477,0,0.2962962962962963,0.25,0.2631578947368421,0.0,0.2752544021079313,-2.017700174305839,0.4716981132075472,0.07324552028008093,0.8581630138716876,0.25,0.75,0.4278987044685203,0.07142857142857142,1.234399068165871,0.0,0.7317073170731707,0.1,0.6205639360649859
syn_stu_000806,syn_crs_00031,0.43101021560386693,0.4117647058823529,0.0,0.14814814814814814,0.0,0.46153846153846156,0.7150396188916845,0.0,0.0,0.052420725221792,1,0.5714285714285714,0,0.2962962962962963,0.10714285714285714,0.47368421052631576,0.0,0.1800286437925952,-0.8488539331967944,0.5660377358490566,0.2933872170444211,0.5030138671907858,0.0,0.0,0.44168641364583544,0.14285714285714285,-1.6394171200566796,0.0,0.7291666666666666,0.3333333333333333,0.4933634009657095
syn_stu_000807,syn_crs_00031,0.5672825248364287,0.0,0.0,0.4444444444444444,0.0,1.0,0.9588924364849318,0.0,0.0,0.14788398266890707,1,0.5714285714285714,0,0.3333333333333333,0.39285714285714285,0.10526315789473684,0.0,0.23406854065123073,0.3233766984991702,0.5094339622641509,0.030306730720168592,0.8363137390269242,0.0,0.0,0.38182744248290695,0.07142857142857142,2.1499146362761836,0.0,0.6666666666666666,0.07142857142857142,0.6036447443275729
syn_stu_000808,syn_crs_00031,0.7273296428750979,0.3529411764705882,0.4,0.2222222222222222,0.3333333333333333,0.5714285714285714,0.6398424684646474,0.1111111111111111,0.6000000000000001,0.01347975659410572,1,0.6666666666666667,0,0.3333333333333333,0.2142857142857143,0.3684210526315789,0.0,0.5152662926198646,-3.1297952125895545,0.41509433962264153,0.03728210378908893,0.8364716574551055,0.25,0.6666666666666666,0.1203538047875627,0.14285714285714285,1.4557891726215775,0.0,0.5192307692307693,0.25,0.4777234909349877
syn_stu_000809,syn_crs_00031,0.7330234249790649,0.058823529411764705,0.2,0.25925925925925924,0.0,0.9,0.9369034012289544,0.0,0.2,0.019984265499983243,1,0.33333333333333326,0,0.18518518518518517,0.2857142857142857,0.05263157894736842,0.0,0.5983911784997525,0.05376728147160089,0.33962264150943394,0.2804660952651478,0.7291091695094152,0.0,1.0,0.16733417932209407,0.3571428571428571,0.3120199291086082,0.0,0.6052631578947368,0.5555555555555556,0.4649032294361612
syn_stu_000810,syn_crs_00031,0.5010443346272807,0.11764705882352941,0.8,0.2962962962962963,0.0,0.8333333333333334,0.9132157824296653,0.0,1.0,0.18560815876166648,1,0.3571428571428571,0,0.25925925925925924,0.25,0.21052631578947367,0.0,0.11227626850573853,-0.43515394191586787,0.169811320754717,0.08079806197984916,0.7034614767083808,0.25,0.8,0.035462964456542644,0.3571428571428571,2.5384286959167355,0.0,0.358974358974359,0.5,0.41543760667068286
syn_stu_000811,syn_crs_00031,0.30720258526692146,0.29411764705882354,0.2,0.3333333333333333,0.0,0.6875,0.6579738199590809,0.0,0.2,0.09633432105984573,1,0.5476190476190477,0,0.4074074074074074,0.2857142857142857,0.3684210526315789,0.0,0.10179838126100137,2.0763561954144114,0.7169811320754716,0.18003406112601889,0.7586198010926614,0.0,1.0,0.23670435077933574,0.3571428571428571,4.670849559475584,0.0,0.9148936170212766,0.45454545454545453,0.4921963068919733
syn_stu_000812,syn_crs_00031,0.7295772214518428,0.23529411764705882,0.0,0.2962962962962963,0.3333333333333333,0.7142857142857143,0.7235768095050037,0.3333333333333333,0.0,0.22552142489713217,0,0.38095238095238093,1,0.3333333333333333,0.3214285714285714,0.21052631578947367,0.0,0.6822052966227952,-1.267082719108684,0.169811320754717,0.04352423380877763,0.8348464522896007,0.0,0.0,0.49394598387629773,0.14285714285714285,3.8054839095431294,0.0,0.35,0.2,0.7089643148675825
syn_stu_000813,syn_crs_00031,0.31061681263087537,0.5294117647058824,0.2,0.4074074074074074,0.0,0.5909090909090909,0.5106832505994974,0.0,0.2,0.22401341200887542,1,0.6428571428571428,0,0.6296296296296295,0.39285714285714285,0.5263157894736842,0.0,0.20057291567127028,2.3796450120875123,0.5660377358490566,0.04378177540971112,0.6922433518491856,0.0,1.0,0.67734808245688,0.07142857142857142,-3.932593710433331,0.0,0.6862745098039216,0.07692307692307693,0.736687407126812
syn_stu_000814,syn_crs_00031,0.4439329888827888,0.3529411764705882,0.2,0.2222222222222222,0.3333333333333333,0.5714285714285714,0.7429257317055625,0.3333333333333333,0.2,0.24890193976675856,1,0.45238095238095233,0,0.3333333333333333,0.25,0.3157894736842105,0.0,0.05308567315738159,0.7735977037401429,0.5471698113207547,0.09258955708426063,0.8000479455957646,0.0,1.0,0.12820386695634703,0.2857142857142857,-1.8160975384317286,0.0,0.7906976744186046,0.5,0.4432705356780105
syn_stu_000815,syn_crs_00031,0.5626771943779543,0.0,0.0,0.6296296296296297,0.0,1.0,0.9402404741468017,0.0,0.0,0.038165222175369676,0,0.30952380952380953,0,0.5185185185185186,0.35714285714285715,0.42105263157894735,0.0,0.36394637536388924,-0.06698282212105791,0.13207547169811323,0.04704989279902915,0.6433491474748596,0.0,0.0,0.16906031267791483,0.42857142857142855,-1.4488291532367348,0.0,0.32432432432432434,0.3157894736842105,0.5004643477378949
syn_stu_000816,syn_crs_00032,0.5063147948963101,0.058823529411764705,0.6000000000000001,0.5555555555555555,0.0,0.9444444444444444,0.8264268890519214,0.0,0.6000000000000001,0.05969787607518144,1,0.7142857142857142,0,0.48148148148148145,0.42857142857142855,0.2631578947368421,0.5,0.19836502975056813,2.5473229568131357,0.37735849056603776,0.05054231095344266,0.42943872444784253,0.0,1.0,0.26644193883655864,0.42857142857142855,1.915830112272376,0.0,0.46296296296296297,0.35294117647058826,0.3851993660636532
syn_stu_000817,syn_crs_00032,0.3098644772985858,0.23529411764705882,0.2,0.4814814814814815,0.3333333333333333,0.7894736842105263,0.7087878184118412,0.16666666666666666,0.4,0.030551086165339098,1,0.6190476190476191,0,0.5185185185185186,0.5,0.21052631578947367,0.0,0.09552112622738211,3.845065933628825,0.2830188679245283,0.1373585702657532,0.5266583407147074,0.25,0.5,0.5075965715397344,0.5,-1.5666872494093522,0.0,0.4,0.4666666666666667,0.4955566290685488
syn_stu_000818,syn_crs_00032,0.4819549449464337,0.29411764705882354,0.6000000000000001,0.37037037037037035,0.0,0.7058823529411765,0.7289747091371429,0.0,0.6000000000000001,0.18271830873888975,1,0.47619047619047605,0,0.44444444444444436,0.3214285714285714,0.3684210526315789,0.0,0.2839864764308977,-0.4210974674699747,0.4716981132075472,0.3421211693331059,0.37142064756956206,0.0,1.0,0.3344745825954812,0.21428571428571427,-1.6844517178421978,0.0,0.6818181818181818,0.25,0.3836487781407776
syn_stu_000819,syn_crs_00032,0.3426493250879826,0.11764705882352941,0.2,0.2222222222222222,0.0,0.8,0.4907110196589042,0.0,0.2,0.11451954790295561,1,0.38095238095238093,0,0.18518518518518517,0.25,0.10526315789473684,0.0,0.22330891558544005,-1.4801741917643294,0.6037735849056604,0.09782294868369316,0.7474697676732415,0.0,1.0,0.16466594038992816,0.07142857142857142,-2.2025277514596584,0.0,0.925,0.125,0.5079891353169735
syn_stu_000820,syn_crs_00032,0.5302499326140218,0.1764705882352941,0.0,0.37037037037037035,0.0,0.8,0.8138195014217011,0.0,0.0,0.05225290729128262,1,0.6190476190476191,0,0.3703703703703704,0.3214285714285714,0.2631578947368421,0.0,0.3065835102386947,0.8579691344235465,0.4528301886792453,0.05583601127569245,0.4578817473473247,0.0,0.0,0.09895281256620635,0.42857142857142855,0.8966671407002422,0.0,0.58,0.5,0.30790123624084237
syn_stu_000821,syn_crs_00032,0.4248829604203025,0.29411764705882354,0.0,0.2962962962962963,0.3333333333333333,0.6666666666666666,0.7843584894880941,0.3333333333333333,0.0,0.045924874015778175,0,0.7857142857142856,0,0.3703703703703704,0.2857142857142857,0.3157894736842105,0.0,0.115429057931574,-2.8460656358589596,0.9056603773584906,0.17854964287628508,0.6367124948013869,0.0,0.0,0.09677450143035023,0.0,1.9040292296464314,0.0,0.9298245614035088,0.0,0.37683713611098807
syn_stu_000822,syn_crs_00032,0.7382152140386029,0.0,0.0,0.4814814814814815,0.0,1.0,0.8435476167541935,0.0,0.0,0.15873507300642098,1,0.30952380952380953,0,0.3703703703703704,0.3214285714285714,0.2631578947368421,0.0,0.5357659843872772,-2.6020583445960597,0.15094339622641512,0.14866249960928546,0.45766925659437985,0.0,0.0,0.13715919558161538,0.07142857142857142,-3.634821143899715,0.0,0.35135135135135137,0.06666666666666667,0.12484570556529873
syn_stu_000823,syn_crs_00032,0.5884420205648483,0.1764705882352941,0.8,0.5925925925925926,0.0,0.8571428571428571,0.5728739502318511,0.0,1.0,0.3057347794160576,1,0.33333333333333326,0,0.5925925925925926,0.5357142857142857,0.2631578947368421,0.0,0.38656465904357135,2.6137455535449896,0.3018867924528302,0.1332082842145506,0.8055287557043608,0.25,0.8,0.05642519895278296,0.0,-1.542721933996242,0.0,0.5526315789473685,0.0,0.3826092260240478
syn_stu_000824,syn_crs_00032,0.3971584515940345,0.29411764705882354,0.2,0.5555555555555555,0.0,0.7727272727272727,0.49438153333986967,0.0,0.2,0.09219677319579295,1,0.26190476190476186,0,0.6296296296296295,0.42857142857142855,0.47368421052631576,0.0,0.26600464969224397,1.1437201175124025,0.5471698113207547,0.0681664993310701,0.790959766985479,0.0,1.0,0.30325216410214795,0.5,-5.6850876919713444,0.0,0.9714285714285714,0.4117647058823529,0.581035760548585
syn_stu_000825,syn_crs_00032,0.41841131347102795,0.11764705882352941,0.0,0.37037037037037035,0.0,0.8571428571428571,0.5987078986387314,0.0,0.2,0.18123887117609785,1,0.5476190476190477,0,0.3333333333333333,0.39285714285714285,0.10526315789473684,0.0,0.32411908740502543,-1.7163371598432087,0.7169811320754716,0.1057600061484952,0.534463275055989,0.25,0.0,0.39900721499956365,0.3571428571428571,-7.175059825224651,0.0,0.9148936170212766,0.4166666666666667,0.4173737939052221
syn_stu_000826,syn_crs_00032,0.4452169761880671,0.23529411764705882,0.4,0.3333333333333333,0.0,0.7333333333333333,0.5882047070162628,0.0,0.6000000000000001,0.09017756101781414,1,0.5238095238095237,0,0.3703703703703704,0.35714285714285715,0.21052631578947367,0.5,0.29582150142859975,6.270094598797138,0.3018867924528302,0.22630118105469973,0.8324361369299934,0.25,0.6666666666666666,0.30897809000590937,0.21428571428571427,1.4539974640971958,0.0,0.45652173913043476,0.2727272727272727,0.596400306207173
syn_stu_000827,syn_crs_00032,0.32283884554029324,0.23529411764705882,0.0,0.37037037037037035,0.3333333333333333,0.75,0.35762092280747787,0.3333333333333333,0.0,0.3236221719401203,0,0.40476190476190477,1,0.4074074074074074,0.2857142857142857,0.3684210526315789,0.0,0.3234836848806317,-2.764268480907264,0.49056603773584906,0.1314394356497822,0.5902674787414306,0.0,0.0,0.523293192921467,0.21428571428571427,0.9462790018233251,0.0,0.7560975609756098,0.25,0.6010170905081308
syn_stu_000828,syn_crs_00033,0.4946607756536691,0.1764705882352941,0.6000000000000001,0.3333333333333333,0.3333333333333333,0.7857142857142857,0.6581382908021228,0.1111111111111111,0.6000000000000001,0.43519715162848854,1,0.45238095238095233,0,0.3333333333333333,0.2857142857142857,0.2631578947368421,0.0,0.24224397404542644,1.2394458346115091,0.6792452830188679,0.023913886138139398,0.5175988727030935,0.0,1.0,0.4537780765472043,0.3571428571428571,0.517215802496173,0.0,0.9534883720930233,0.45454545454545453,0.4800577798724073
syn_stu_000829,syn_crs_00033,0.4631551951949932,0.3529411764705882,0.4,0.25925925925925924,0.0,0.6,0.5594337259410975,0.0,0.6000000000000001,0.17649883182716433,1,0.40476190476190477,0,0.3703703703703704,0.25,0.3684210526315789,0.0,0.33809054176491304,-1.5929979066958526,0.5660377358490566,0.2967857603092172,0.6590679441032598,0.25,0.6666666666666666,0.4780099355184577,0.21428571428571427,4.760933865729253,0.0,0.8536585365853658,0.3333333333333333,0.480305615183525
syn_stu_000830,syn_crs_00033,0.5595111091009934,0.1764705882352941,0.6000000000000001,0.5555555555555555,0.0,0.85,0.9341023884995443,0.0,0.8,0.10590932348778587,1,0.26190476190476186,0,0.5555555555555556,0.35714285714285715,0.47368421052631576,0.0,0.3426993245136369,3.5621408122129434,0.37735849056603776,0.17841342369048277,0.6544256732271501,0.25,0.75,0.10279429104559917,0.3571428571428571,-5.027207347774643,0.0,0.7142857142857143,0.29411764705882354,0.34177238311480973
syn_stu_000831,syn_crs_00033,0.34732900862078814,0.1764705882352941,0.0,0.4074074074074074,0.0,0.8125,0.5114261597588817,0.0,0.0,0.1499499652008943,1,0.6190476190476191,0,0.4074074074074074,0.42857142857142855,0.15789473684210525,0.0,0.07343830871025564,-1.0618564681887284,0.32075471698113206,0.0688112483507299,0.7339196404628788,0.0,0.0,0.00866170837705956,0.14285714285714285,-6.240313500954522,0.0,0.44,0.15384615384615385,0.40552947887143614
syn_stu_000832,syn_crs_00033,0.5695373423177493,0.5294117647058824,0.0,0.3333333333333333,0.0,0.55,0.73078993192092,0.0,0.0,0.279392718051618,1,0.38095238095238093,0,0.5555555555555556,0.2142857142857143,0.6842105263157894,0.0,0.3116006987594885,-0.5692259040826723,0.15094339622641512,0.09274847578848396,0.6819680842597705,0.0,0.0,0.2590206719359378,0.21428571428571427,-3.3700295701789686,0.0,0.325,0.2727272727272727,0.5333424599634047
syn_stu_000833,syn_crs_00033,0.6833665960199485,0.058823529411764705,0.8,0.25925925925925924,0.0,0.9,0.8670824373306818,0.0,0.8,0.0703128272013238,1,0.857142857142857,0,0.18518518518518517,0.2142857142857143,0.15789473684210525,0.0,0.35014788435242816,-3.6175143792966526,0.660377358490566,0.27137428055222645,0.7922143259401443,0.0,1.0,0.23003215299084429,0.3571428571428571,-6.35892003841674,0.5,0.6666666666666666,0.5555555555555556,0.4070415283411368
syn_stu_000834,syn_crs_00033,0.4220892683110626,0.29411764705882354,0.4,0.4444444444444444,0.0,0.7368421052631579,0.6292671077369546,0.0,0.4,0.09838781067970392,1,0.33333333333333326,0,0.5185185185185186,0.4642857142857143,0.2631578947368421,0.0,0.26655551896825236,4.165291640556767,0.3018867924528302,0.048367945267770614,0.8013036157230696,0.0,1.0,0.040915349551568024,0.7857142857142857,-1.8400677629212634,0.5,0.5526315789473685,0.7857142857142857,0.42515002603094826
syn_stu_000835,syn_crs_00033,0.37055229006111107,0.058823529411764705,0.0,0.5185185185185185,0.0,0.9411764705882353,0.4993634367893858,0.0,0.0,0.1872777478660847,1,0.40476190476190477,0,0.44444444444444436,0.4642857142857143,0.15789473684210525,0.0,0.21164376564132512,-1.235900349314721,0.22641509433962265,0.13350437898496248,0.864397877703447,0.0,0.0,0.17248513776633942,0.14285714285714285,1.7485782932675313,0.0,0.4146341463414634,0.125,0.44506645911490533
syn_stu_000836,syn_crs_00033,0.6002948612152392,0.058823529411764705,0.4,0.2222222222222222,0.3333333333333333,0.8888888888888888,0.8558296474274295,0.1111111111111111,0.6000000000000001,0.16394697396022417,1,0.5952380952380951,0,0.14814814814814814,0.25,0.05263157894736842,0.5,0.46323774251569083,0.9603767622820794,0.41509433962264153,0.2367804555252884,0.8000076252252675,0.25,0.6666666666666666,0.7796983656514892,0.07142857142857142,0.889684494775624,0.0,0.5510204081632653,0.125,0.7943754970216836
syn_stu_000837,syn_crs_00033,0.42161168033910307,0.058823529411764705,0.4,0.37037037037037035,0.0,0.9230769230769231,0.8175267417108087,0.0,0.4,0.2812018002514717,1,0.5476190476190477,0,0.2962962962962963,0.35714285714285715,0.10526315789473684,0.0,0.030821099771047092,0.009450998197324546,0.4716981132075472,0.13218035785328502,0.8631511393132539,0.0,1.0,0.5573198269928055,0.14285714285714285,3.0825489229025433,0.5,0.6382978723404256,0.16666666666666666,0.7023843376324305
syn_stu_000838,syn_crs_00033,0.4188727047981018,0.1764705882352941,0.8,0.2222222222222222,0.0,0.7272727272727273,0.5499435533429968,0.0,1.0,0.2828186508250023,1,0.6190476190476191,0,0.2222222222222222,0.17857142857142855,0.2631578947368421,0.0,0.2481033224933022,-1.1029129075426862,0.5094339622641509,0.12274732049946152,0.7353538453754392,0.25,0.8,0.19940525978049212,0.14285714285714285,1.1123022295002216,0.0,0.64,0.25,0.5853990807703224
syn_stu_000839,syn_crs_00033,0.40629241363437474,0.23529411764705882,0.6000000000000001,0.5925925925925926,0.0,0.8181818181818182,0.4472175621989088,0.0,1.0,0.25420441063995053,1,0.40476190476190477,0,0.6296296296296295,0.5357142857142857,0.3157894736842105,0.5,0.4289728422060265,-4.4553874636314745,0.41509433962264153,0.0570927435898265,0.6704757903201028,0.5,0.6,0.5463941553544113,0.7142857142857142,-1.2121210268449223,0.0,0.6585365853658537,0.5555555555555556,0.5814952679383034
syn_stu_000840,syn_crs_00033,0.43006861851948525,0.47058823529411764,0.4,0.14814814814814814,0.3333333333333333,0.42857142857142855,0.5199469999331067,0.1111111111111111,0.6000000000000001,0.4955492504461653,1,0.4285714285714286,0,0.3333333333333333,0.14285714285714285,0.47368421052631576,0.0,0.30595623896264396,-0.45660588692215287,0.4339622641509434,0.16524839580444706,0.7455922320719665,0.25,0.6666666666666666,0.2665678154356914,0.0,-1.5778847320607827,0.0,0.6666666666666666,0.0,0.5585197476954055
syn_stu_000841,syn_crs_00033,0.38129665656407435,0.1764705882352941,0.0,0.5185185185185185,0.6666666666666666,0.8421052631578947,0.6714894611207679,0.6666666666666666,0.0,0.13151519799689668,1,0.4285714285714286,0,0.5185185185185186,0.5357142857142857,0.15789473684210525,0.0,0.0743038425941975,-0.5433682867411963,0.11320754716981131,0.14729571931809532,0.6426640921190091,0.0,0.0,0.43055831715062864,0.07142857142857142,1.3123656297671085,0.0,0.2619047619047619,0.0625,0.5870590442062252
syn_stu_000842,syn_crs_00033,0.4913226441738185,0.0,0.4,0.3333333333333333,0.0,1.0,0.810735669691038,0.0,0.8,0.0168902729083336,1,0.2857142857142857,0,0.2222222222222222,0.2142857142857143,0.21052631578947367,0.0,0.21689326432662542,0.6375357405036225,0.5471698113207547,0.014213644396256938,0.8175027279612163,0.5,0.5,0.5660416594714424,0.2857142857142857,-4.590487013069437,0.0,0.9444444444444444,0.36363636363636365,0.6820277212443686
syn_stu_000843,syn_crs_00033,0.44618491541114236,0.29411764705882354,0.2,0.5185185185185185,0.0,0.7619047619047619,0.5454103911334591,0.0,0.2,0.016047711474820578,0,0.6190476190476191,0,0.5925925925925926,0.5357142857142857,0.2631578947368421,0.0,0.20721229908170224,4.290936481525102,0.5094339622641509,0.20778007373263543,0.9067507709132806,0.0,1.0,0.08514798753926052,0.7142857142857142,-9.533063819661633,0.0,0.64,0.625,0.5018918576497777
syn_stu_000844,syn_crs_00033,0.6288889415498956,0.47058823529411764,0.8,0.4814814814814815,0.3333333333333333,0.6521739130434783,0.9701001341016126,0.06666666666666667,1.0,0.4603109037825293,1,0.38095238095238093,0,0.6666666666666667,0.4642857142857143,0.47368421052631576,0.0,0.3111220259082738,1.2889862248360964,0.20754716981132076,0.3054465568175625,0.8038741309540597,0.25,0.8,0.630725223427237,0.2857142857142857,1.1706697785857716,0.5,0.4,0.26666666666666666,0.7173235228356571
syn_stu_000845,syn_crs_00033,0.4618079799026021,0.29411764705882354,0.4,0.6296296296296297,0.0,0.7916666666666666,0.743840345855108,0.0,0.6000000000000001,0.1276198712424212,0,0.5952380952380951,0,0.7037037037037037,0.4642857142857143,0.5263157894736842,0.0,0.16649074148229379,1.7197229294454834,0.33962264150943394,0.341479233511907,0.7923758847335367,0.25,0.6666666666666666,0.2690064516546689,0.7857142857142857,0.7028744696960968,0.5,0.46938775510204084,0.5789473684210527,0.4935031008715833
syn_stu_000846,syn_crs_00033,0.34539209560205764,0.23529411764705882,0.2,0.2962962962962963,0.0,0.7142857142857143,0.5906017029204145,0.0,0.4,0.11459297636843148,0,0.6428571428571428,1,0.3333333333333333,0.3214285714285714,0.21052631578947367,0.0,0.2468728132069138,-0.6103429429649668,0.4528301886792453,0.07971053258626352,0.45437778838673404,0.25,0.5,0.22145955580562,0.07142857142857142,4.7078965208338195,0.0,0.5686274509803921,0.1,0.2964049853558745
syn_stu_000847,syn_crs_00033,0.4728601559168649,0.3529411764705882,1.0,0.25925925925925924,0.3333333333333333,0.6,0.635335592649553,0.06666666666666667,1.0,0.36803481606129484,1,0.47619047619047605,0,0.3703703703703704,0.2857142857142857,0.3157894736842105,0.5,0.2584656119803963,-2.6265478009770638,0.4528301886792453,0.10526835127447196,0.5730321160589364,0.0,1.0,0.4942385596945955,0.21428571428571427,2.089306407224493,0.0,0.6590909090909091,0.3333333333333333,0.5131436912122855
syn_stu_000848,syn_crs_00033,0.440862184177822,0.11764705882352941,0.2,0.6666666666666666,0.0,0.9090909090909091,0.7150131924935504,0.0,0.6000000000000001,0.1321524072402919,1,0.5476190476190477,0,0.6296296296296295,0.5357142857142857,0.3157894736842105,0.0,0.21440054670304617,-0.5585297625832344,0.5849056603773585,0.2729873219051256,0.5268676851290152,0.5,0.3333333333333333,0.4488512042654665,0.07142857142857142,0.9275352148092468,0.0,0.7659574468085106,0.05,0.4309390963952299
syn_stu_000849,syn_crs_00033,0.489826091999072,0.23529411764705882,0.4,0.4444444444444444,0.0,0.7777777777777778,0.6465508698983687,0.0,0.4,0.07477405148090104,1,0.7142857142857142,0,0.48148148148148145,0.42857142857142855,0.2631578947368421,0.0,0.23738021715225446,-1.4689736890845584,0.6415094339622641,0.14207852678494076,0.5099708506919693,0.0,1.0,0.30922179211046175,0.7857142857142857,-0.9363912042763742,0.0,0.7222222222222222,0.7857142857142857,0.38457679759576124
syn_stu_000850,syn_crs_00033,0.09658368570800686,0.0,0.0,0.4444444444444444,0.3333333333333333,1.0,0.2871168580309369,0.3333333333333333,0.2,0.22898104922964194,1,0.5476190476190477,0,0.3333333333333333,0.39285714285714285,0.10526315789473684,0.0,0.037165136938363035,-0.1001417386114164,0.5849056603773585,0.08136378654552572,0.9225623518684051,0.25,0.0,0.5109661532075963,0.42857142857142855,-2.4333858656756275,0.0,0.7659574468085106,0.42857142857142855,0.706990929803855
syn_stu_000851,syn_crs_00033,0.33966935979461027,0.058823529411764705,0.4,0.2962962962962963,0.0,0.9090909090909091,0.6011995879384723,0.0,0.6000000000000001,0.28482630084140714,0,0.5714285714285714,0,0.2222222222222222,0.25,0.15789473684210525,0.0,0.03506943655147621,-0.9883348376318682,0.33962264150943394,0.4057131849281277,0.8543833697877056,0.25,0.6666666666666666,0.1914023346382138,0.0,-0.8407596476610704,0.5,0.4791666666666667,0.0,0.5309838115824463
syn_stu_000852,syn_crs_00033,0.2521137191211609,0.11764705882352941,0.2,0.37037037037037035,0.0,0.8571428571428571,0.5536018480669499,0.0,0.2,0.2460720290846238,1,0.45238095238095233,0,0.3333333333333333,0.39285714285714285,0.10526315789473684,0.0,0.16883120935657528,-3.3553890803831585,0.39622641509433965,0.02455088671536709,0.5476798889236181,0.0,1.0,0.37598491113248395,0.0,2.8654018543223483,0.0,0.6046511627906976,0.0,0.48401659390456375
syn_stu_000853,syn_crs_00033,0.5591888621181844,0.058823529411764705,0.0,0.37037037037037035,0.0,0.9230769230769231,0.7796022043300189,0.0,0.0,0.15467122185780924,1,0.40476190476190477,0,0.2962962962962963,0.2857142857142857,0.21052631578947367,0.0,0.27718871006828333,2.5339575404397805,0.09433962264150943,0.3021368023495024,0.8321083192193321,0.0,0.0,0.15524674814347447,0.2857142857142857,1.3909910059590889,0.0,0.24390243902439024,0.3333333333333333,0.48386065238065323
syn_stu_000854,syn_crs_00034,0.6365771488993665,0.23529411764705882,0.0,0.2962962962962963,0.0,0.7142857142857143,0.676308020230542,0.0,0.0,0.1660498855244345,1,0.5238095238095237,0,0.3333333333333333,0.2857142857142857,0.2631578947368421,0.0,0.614326541645362,-0.2815742986933266,0.39622641509433965,0.07131569041230118,0.761929305085417,0.0,0.0,0.39764202207366084,0.14285714285714285,2.80269233609979,0.0,0.5652173913043478,0.2,0.5413314062160118
syn_stu_000855,syn_crs_00034,0.475541730380977,0.3529411764705882,0.6000000000000001,0.25925925925925924,0.0,0.6,0.5432945314087583,0.0,0.6000000000000001,0.12314556134726613,1,0.0714285714285714,0,0.3703703703703704,0.2142857142857143,0.42105263157894735,0.0,0.36785357843844685,-0.6600731267905533,0.18867924528301888,0.1866060994406822,0.5949067302472896,0.0,1.0,0.3298401638308405,0.2857142857142857,0.3201405273082887,0.0,0.5555555555555556,0.4444444444444444,0.48365134195244563
syn_stu_000856,syn_crs_00034,0.47516530652508404,0.1764705882352941,0.8,0.2962962962962963,0.0,0.7692307692307693,0.5875645856140722,0.0,1.0,0.18297400194632038,1,0.47619047619047605,0,0.2962962962962963,0.25,0.2631578947368421,0.0,0.4227822793991845,-2.2095592395266337,0.5471698113207547,0.10453314183534851,0.7495388070893078,0.25,0.8,0.449725715858866,0.07142857142857142,-2.6986271528474552,0.5,0.7727272727272727,0.1,0.6391806057271796
syn_stu_000857,syn_crs_00034,0.24887239029834957,0.058823529411764705,0.2,0.4444444444444444,0.3333333333333333,0.9333333333333333,0.5024279413645872,0.3333333333333333,0.2,0.278043594009939,1,0.6666666666666667,0,0.3703703703703704,0.3214285714285714,0.2631578947368421,0.0,0.09024674910434846,-0.9508018761473049,0.22641509433962265,0.19963418318834072,0.6108117883165671,0.0,1.0,0.1878809921187534,0.42857142857142855,3.4817380488044725,0.0,0.3269230769230769,0.42857142857142855,0.3750534017645247
syn_stu_000858,syn_crs_00034,0.5326305230019642,0.29411764705882354,0.2,0.3333333333333333,0.0,0.6875,0.8294475782527669,0.0,0.2,0.1537706277807365,1,0.38095238095238093,0,0.4074074074074074,0.2857142857142857,0.3684210526315789,0.0,0.27926377922013146,-1.7266150325607534,0.41509433962264153,0.14313400607463753,0.6681817605393032,0.0,1.0,0.11684844706575281,0.2857142857142857,3.2102570343523755,0.0,0.675,0.36363636363636365,0.34338408310151813
syn_stu_000859,syn_crs_00034,0.42675708542053525,0.1764705882352941,0.0,0.3333333333333333,0.0,0.7857142857142857,0.5656280032555903,0.0,0.6000000000000001,0.08841792081194293,1,0.4285714285714286,0,0.3333333333333333,0.17857142857142855,0.42105263157894735,0.0,0.268684968361959,-2.387981220078611,0.3584905660377359,0.11711756177099396,0.9106994207564355,0.75,0.0,0.2645318782785194,0.07142857142857142,0.5565707114033767,0.0,0.5714285714285714,0.09090909090909091,0.5653024037546791
syn_stu_000860,syn_crs_00034,0.412740045394498,0.4117647058823529,0.0,0.4814814814814815,0.0,0.6818181818181818,0.5532183947327874,0.0,0.0,0.19304920168194523,1,0.2857142857142857,0,0.6296296296296295,0.42857142857142855,0.47368421052631576,0.0,0.2146046294901253,0.3254435816240867,0.3018867924528302,0.14909118241552846,0.29124873640843435,0.0,0.0,0.20791779807439068,0.07142857142857142,1.6678998425957705,0.0,0.5833333333333334,0.06666666666666667,0.24050487697415576
syn_stu_000861,syn_crs_00034,0.5346996726432306,0.11764705882352941,0.0,0.14814814814814814,0.0,0.75,0.8680137436810855,0.0,0.0,0.13475118762815255,1,0.7142857142857142,0,0.1111111111111111,0.17857142857142855,0.10526315789473684,0.0,0.1710012389273906,-0.9376436054940979,0.6792452830188679,0.16091982477151592,0.9044410548581497,0.0,0.0,0.3249318964342239,0.07142857142857142,1.502855025224882,0.0,0.7592592592592593,0.16666666666666666,0.671939829298213
syn_stu_000862,syn_crs_00034,0.46032448754808625,0.058823529411764705,0.6000000000000001,0.4444444444444444,0.0,0.9333333333333333,0.722411978339123,0.0,0.6000000000000001,0.17728374585038925,1,0.5,0,0.3703703703703704,0.35714285714285715,0.21052631578947367,0.0,0.2919130766073184,1.4972045334716952,0.13207547169811323,0.08011982639851088,0.6043349874740156,0.0,1.0,0.14018037897135116,0.42857142857142855,-1.40519240905954,0.0,0.26666666666666666,0.42857142857142855,0.4069467966271326
syn_stu_000863,syn_crs_00034,0.6825311983294358,0.11764705882352941,0.4,0.4814814814814815,0.0,0.8823529411764706,0.7521766727015385,0.0,0.6000000000000001,0.2560354973684734,1,0.45238095238095233,0,0.44444444444444436,0.39285714285714285,0.2631578947368421,0.0,0.4291177821643971,-0.7207149728685139,0.24528301886792453,0.09622562196144249,0.7430517785493237,0.25,0.6666666666666666,0.2136958183553295,0.2857142857142857,-0.7802655619850292,0.0,0.4186046511627907,0.26666666666666666,0.4782098119756556
syn_stu_000864,syn_crs_00034,0.46477774714632386,0.8235294117647058,0.0,0.1111111111111111,0.0,0.2631578947368421,0.8022381596436992,0.0,0.0,0.09145230429562841,1,0.40476190476190477,0,0.5185185185185186,0.14285714285714285,0.7368421052631579,0.0,0.09403592735699834,0.22957725044663857,0.41509433962264153,0.29138507468873454,0.8199559897196531,0.0,0.0,0.39683518844361027,0.0,-2.729019511856139,0.0,0.6585365853658537,0.0,0.7034301348298518
syn_stu_000865,syn_crs_00034,0.3721551364648874,0.4117647058823529,0.2,0.2962962962962963,0.6666666666666666,0.5882352941176471,0.4899850185154522,0.6666666666666666,0.2,0.16293616617013784,1,0.6904761904761905,0,0.44444444444444436,0.2142857142857143,0.5263157894736842,0.0,0.31656170527178285,0.17257218266018476,0.7169811320754716,0.06660565295739776,0.6674490371694995,0.0,1.0,0.3452300717354007,0.2857142857142857,-0.7914310593827075,0.0,0.8113207547169812,0.4,0.5046004267048076
syn_stu_000866,syn_crs_00034,0.6401740115337214,0.11764705882352941,0.2,0.6296296296296297,0.0,0.9047619047619048,0.9123274166176818,0.0,0.2,0.3658483874647235,1,0.40476190476190477,0,0.5925925925925926,0.6428571428571428,0.10526315789473684,0.0,0.3255985859331128,0.7696233791596678,0.20754716981132076,0.0984446055218141,0.6415147752363327,0.0,1.0,0.08730366679388095,0.7857142857142857,3.092524470235675,0.0,0.3902439024390244,0.5789473684210527,0.4350980828073512
syn_stu_000867,syn_crs_00034,0.5637132914452633,0.23529411764705882,0.8,0.4074074074074074,0.0,0.7647058823529411,0.9015539400153294,0.0,0.8,0.03782810537786002,1,0.33333333333333326,0,0.44444444444444436,0.3214285714285714,0.3684210526315789,0.0,0.20027391497468,-1.682320979303331,0.5283018867924528,0.20957510784334593,0.7268127154174849,0.0,1.0,0.28137567517546896,0.3571428571428571,2.5231646710306426,0.0,0.868421052631579,0.38461538461538464,0.5651573403410772
syn_stu_000868,syn_crs_00034,0.4868528518210447,0.8823529411764706,0.6000000000000001,0.14814814814814814,0.3333333333333333,0.2857142857142857,0.8636745648773552,0.1111111111111111,0.6000000000000001,0.11697400936514948,1,0.45238095238095233,0,0.5925925925925926,0.03571428571428571,1.0,0.0,0.12756446237852703,1.7982336989908778,0.660377358490566,0.25198267573303196,0.6978636762339198,0.0,1.0,0.29850246487541665,0.07142857142857142,1.6753876695080123,0.0,0.9302325581395349,0.16666666666666666,0.5557151651094142
syn_stu_000869,syn_crs_00034,0.5115698813625676,0.3529411764705882,0.8,0.25925925925925924,0.0,0.6,0.7198994232808597,0.0,0.8,0.25588232287981694,1,0.38095238095238093,0,0.3703703703703704,0.10714285714285714,0.5789473684210527,0.0,0.3325192043974206,-2.3600105692634314,0.6226415094339622,0.3077504486397578,0.7536987460430326,0.0,1.0,0.05559976034662225,0.2857142857142857,2.877534355052737,0.0,0.95,0.4444444444444444,0.4207073298233797
syn_stu_000870,syn_crs_00034,0.41408204005558974,0.29411764705882354,0.0,0.25925925925925924,0.0,0.6428571428571429,0.6375294596218912,0.0,0.0,0.2802804811053832,1,0.5714285714285714,0,0.3333333333333333,0.2857142857142857,0.2631578947368421,0.0,0.09214749761530437,0.08487221363720239,0.3018867924528302,0.06189637310294742,0.7176118024009552,0.0,0.0,0.4172217222273591,0.14285714285714285,-1.095942693352095,0.0,0.4375,0.2222222222222222,0.5732545931141262
syn_stu_000871,syn_crs_00034,0.667605008972894,0.23529411764705882,1.0,0.2222222222222222,0.0,0.6666666666666666,0.8504919818433889,0.0,1.0,0.13140207446295643,1,0.5952380952380951,0,0.25925925925925924,0.17857142857142855,0.3157894736842105,0.5,0.3119332729561206,-2.409851340084043,0.5471698113207547,0.13990125428609726,0.4195694502133161,0.0,1.0,0.048210754443366144,0.07142857142857142,-3.5199549126071874,0.0,0.6938775510204082,0.125,0.23414773666260214
syn_stu_000872,syn_crs_00034,0.4680653808476165,0.0,0.2,0.37037037037037035,0.0,1.0,0.7767470647937037,0.0,0.2,0.06794231785007449,1,0.5714285714285714,0,0.25925925925925924,0.3214285714285714,0.10526315789473684,0.0,0.36298407361714263,-0.2414562887575072,0.20754716981132076,0.20088997440236656,0.7095997386448258,0.0,1.0,0.21996156909627484,0.07142857142857142,-0.4706293257120044,0.0,0.3333333333333333,0.08333333333333333,0.5072885024661591
syn_stu_000873,syn_crs_00034,0.4065381532383592,0.1764705882352941,0.8,0.4444444444444444,0.0,0.8235294117647058,0.6680579796565769,0.0,1.0,0.10777883489653557,1,0.47619047619047605,0,0.44444444444444436,0.39285714285714285,0.2631578947368421,0.5,0.021964769221836378,1.7816827044441153,0.6981132075471698,0.22166039219260722,0.8570909457181644,0.25,0.8,0.2206259664179722,0.42857142857142855,-0.23306392155935518,0.0,0.9545454545454546,0.42857142857142855,0.4993926063186958
syn_stu_000874,syn_crs_00034,0.5829769606552883,0.058823529411764705,1.0,0.37037037037037035,0.0,0.9230769230769231,0.8431447551481529,0.0,1.0,0.0486092534365812,0,0.6428571428571428,1,0.2962962962962963,0.2857142857142857,0.21052631578947367,0.0,0.32081621382176184,1.110958148563111,0.39622641509433965,0.04609333123751215,0.7512233901664223,0.0,1.0,0.24156289201649392,0.5,2.0272121934247447,0.0,0.5098039215686274,0.5833333333333334,0.4832453840709282
syn_stu_000875,syn_crs_00034,0.37350866766460816,0.29411764705882354,0.4,0.4444444444444444,0.0,0.7368421052631579,0.6680018086830317,0.0,0.4,0.3331511740494109,0,0.5,0,0.5185185185185186,0.4642857142857143,0.2631578947368421,0.0,0.05534647226342214,2.1171129969545683,0.18867924528301888,0.02901724638404708,0.7931435086880165,0.0,1.0,0.32080549952472637,0.5,1.5343403685357204,0.0,0.3333333333333333,0.5,0.6403227537914513
syn_stu_000876,syn_crs_00034,0.41843014111546395,0.5294117647058824,0.6000000000000001,0.4814814814814815,0.0,0.625,0.6891446759817819,0.0,0.8,0.014979704358669006,0,0.5952380952380951,0,0.7037037037037037,0.5,0.47368421052631576,0.0,0.012551373240796295,-0.6064502000682712,0.37735849056603776,0.03723882901418205,0.6909455513570487,0.25,0.75,0.27141388163782537,0.21428571428571427,3.0317413999091043,0.0,0.5102040816326531,0.2,0.5123491140303257
syn_stu_000877,syn_crs_00034,0.4479465874981481,0.4117647058823529,0.4,0.25925925925925924,0.0,0.5625,0.9398231419495732,0.0,0.8,0.03224167256182907,1,0.40476190476190477,0,0.4074074074074074,0.10714285714285714,0.631578947368421,0.0,0.221550922269231,1.817850072667127,0.5660377358490566,0.20816147156699766,0.4094792493730231,0.5,0.5,0.35178722823401687,0.2857142857142857,-6.044723068324819,0.5,0.8536585365853658,0.4444444444444444,0.4283388112139811
syn_stu_000878,syn_crs_00034,0.5845358510491396,0.11764705882352941,0.8,0.4074074074074074,0.0,0.8666666666666667,0.7960929177994659,0.0,0.8,0.26288261005628644,1,0.5238095238095237,0,0.3703703703703704,0.3214285714285714,0.2631578947368421,0.0,0.2914998433733758,-1.3844520426547946,0.6226415094339622,0.16657402382111594,0.8072892327792677,0.0,1.0,0.19813814716682893,0.2857142857142857,-2.3940956560458333,0.0,0.8260869565217391,0.3076923076923077,0.4416560217241683
syn_stu_000879,syn_crs_00034,0.4654139724633941,0.29411764705882354,0.0,0.3333333333333333,0.3333333333333333,0.6875,0.5520567054176599,0.3333333333333333,0.0,0.1324172402733954,0,0.7142857142857142,1,0.4074074074074074,0.35714285714285715,0.2631578947368421,0.0,0.25052153333568616,-0.9168903334114568,0.5094339622641509,0.14474938231270446,0.5556755135899383,0.0,0.0,0.45354250466962787,0.42857142857142855,-0.27407876808546416,0.0,0.5925925925925926,0.5454545454545454,0.4830066697625453
syn_stu_000880,syn_crs_00034,0.38710581076922707,0.0,0.0,0.5555555555555555,0.0,1.0,0.5059574036439164,0.0,0.0,0.15630332223252802,1,0.38095238095238093,0,0.44444444444444436,0.5,0.10526315789473684,0.0,0.3371158919595527,0.26006827712397906,0.37735849056603776,0.025544578960821362,0.7599173065556579,0.0,0.0,0.2073335536736338,0.42857142857142855,1.4380613484147005,0.0,0.625,0.35294117647058826,0.5003170534884789
syn_stu_000881,syn_crs_00034,0.6053012572681569,0.4117647058823529,1.0,0.2222222222222222,0.3333333333333333,0.5333333333333333,0.8619826958604264,0.06666666666666667,1.0,0.1055203274488723,0,0.5952380952380951,0,0.3703703703703704,0.14285714285714285,0.5263157894736842,0.0,0.4880151219812457,1.7000004360098582,0.6226415094339622,0.4200023369824211,0.8443087099908195,0.0,1.0,0.5567692334503536,0.07142857142857142,6.283159093395122,0.0,0.7755102040816326,0.125,0.6984652371942407
syn_stu_000882,syn_crs_00034,0.5982802734893237,0.5294117647058824,0.6000000000000001,0.1111111111111111,0.0,0.35714285714285715,0.5393058176940014,0.0,0.8,0.3866629942696364,1,0.45238095238095233,0,0.3333333333333333,0.14285714285714285,0.47368421052631576,0.5,0.49326184766661296,-1.094683688422617,0.5283018867924528,0.16512264717910924,0.39465543414905163,0.25,0.75,0.3202106132763471,0.07142857142857142,-2.931924651515306,0.0,0.7674418604651163,0.2,0.2961654398416669
syn_stu_000883,syn_crs_00034,0.448984765415839,0.11764705882352941,0.4,0.2962962962962963,0.0,0.8333333333333334,0.8842534801622709,0.0,0.6000000000000001,0.20168390488474602,1,0.6428571428571428,0,0.25925925925925924,0.25,0.21052631578947367,0.0,0.18935522424957474,1.3902750848771475,0.6226415094339622,0.13632510488002672,0.5197981392685269,0.25,0.6666666666666666,0.290497721215345,0.5714285714285714,-2.1295020300372167,0.0,0.7450980392156863,0.8,0.4431357115242901
syn_stu_000884,syn_crs_00034,0.4346742482651554,0.1764705882352941,0.2,0.4074074074074074,0.0,0.8125,0.6566059676819179,0.0,0.2,0.0547868684855606,1,0.45238095238095233,0,0.4074074074074074,0.2857142857142857,0.3684210526315789,0.0,0.17087754931041063,0.4623748707951102,0.3584905660377359,0.16327918680258058,0.7811776702822814,0.0,1.0,0.6472177531788761,0.3571428571428571,-1.2699806422292292,0.0,0.5581395348837209,0.38461538461538464,0.7680691346167599
syn_stu_000885,syn_crs_00034,0.3328237516091104,0.058823529411764705,0.2,0.07407407407407407,0.3333333333333333,0.8,0.3868226766320953,0.16666666666666666,0.4,0.19594206967555267,1,0.47619047619047605,0,0.0,0.10714285714285714,0.05263157894736842,0.0,0.17651399194698603,0.6737598747772919,0.5094339622641509,0.13092977330512282,0.7141913405783279,0.25,0.5,0.09657740693025371,0.21428571428571427,-2.236707954118497,0.0,0.7272727272727273,0.75,0.3911168540366064
syn_stu_000886,syn_crs_00034,0.47328410115770025,0.29411764705882354,0.2,0.2962962962962963,0.0,0.6666666666666666,0.783908443271248,0.0,0.4,0.07959931454309827,1,0.7857142857142856,0,0.3703703703703704,0.3214285714285714,0.2631578947368421,0.0,0.1229998585191922,-1.709256198172891,0.7735849056603773,0.06617525173317064,0.9536019082020771,0.25,0.5,0.3442951284972643,0.2857142857142857,-2.6647093660709915,0.0,0.8070175438596491,0.4,0.6887350980255821
syn_stu_000887,syn_crs_00034,0.5360175595698765,0.11764705882352941,0.4,0.2962962962962963,0.0,0.8333333333333334,0.7481238020869365,0.0,0.4,0.07202159540527309,0,0.47619047619047605,0,0.25925925925925924,0.2857142857142857,0.15789473684210525,0.0,0.26744805805347127,-0.7694151337064636,0.13207547169811323,0.05411462713266986,0.8399072333272274,0.0,1.0,0.0832009051707327,0.2857142857142857,0.1377522109565309,0.0,0.2727272727272727,0.4,0.5630087002842509
syn_stu_000888,syn_crs_00034,0.5932817209100734,0.1764705882352941,0.2,0.4444444444444444,0.6666666666666666,0.8235294117647058,0.6959477051525071,0.2222222222222222,0.6000000000000001,0.09494818463563363,1,0.45238095238095233,0,0.44444444444444436,0.42857142857142855,0.21052631578947367,0.0,0.5171176971251066,-0.18726619949507095,0.4716981132075472,0.20677663500691862,0.9092804480542277,0.5,0.3333333333333333,0.5482481701817754,0.2857142857142857,2.9509340798392976,0.0,0.6976744186046512,0.2857142857142857,0.8050306387711736
syn_stu_000889,syn_crs_00034,0.6988178357884809,0.058823529411764705,0.8,0.5185185185185185,0.0,0.9411764705882353,0.8648039230730298,0.0,0.8,0.2954683624453068,1,0.4285714285714286,0,0.44444444444444436,0.5,0.10526315789473684,0.0,0.48655967931569005,0.6749956594568538,0.13207547169811323,0.12549446196246378,0.35453759139513646,0.0,1.0,0.3090608997475608,0.5714285714285714,0.35805231156182254,0.0,0.2857142857142857,0.5,0.31976962156816946
syn_stu_000890,syn_crs_00035,0.23335027350850482,0.4117647058823529,0.4,0.4074074074074074,0.0,0.65,0.32084983606153417,0.0,0.4,0.18364267521113237,1,0.8333333333333333,0,0.5555555555555556,0.42857142857142855,0.3684210526315789,0.0,0.21669757054084024,-1.6148230361132059,0.4716981132075472,0.1894245292908972,0.7021054549513522,0.0,1.0,0.3549910607356335,0.0,-2.5791428045878058,0.5,0.5084745762711864,0.0,0.47337207700189227
syn_stu_000891,syn_crs_00035,0.4424490746411534,0.23529411764705882,0.6000000000000001,0.3333333333333333,0.0,0.7333333333333333,0.8028045563270517,0.0,1.0,0.03711197269916402,1,0.3571428571428571,0,0.3703703703703704,0.35714285714285715,0.21052631578947367,0.0,0.13998803831471449,-2.583953204812957,0.5471698113207547,0.24330139670013728,0.5305030639909576,0.5,0.6,0.37744802878428063,0.3571428571428571,-0.5886591541256345,0.5,0.8717948717948718,0.45454545454545453,0.46548345091940696
syn_stu_000892,syn_crs_00035,0.5170338849187351,0.4117647058823529,0.0,0.4444444444444444,0.0,0.6666666666666666,0.8085542273227967,0.0,0.0,0.22205663702840936,0,0.5238095238095237,0,0.5925925925925926,0.42857142857142855,0.42105263157894735,0.0,0.2219589660974764,-4.265537891241868,0.24528301886792453,0.24244211897658763,0.897640178682008,0.0,0.0,0.42847545969818374,0.2857142857142857,-3.115772199063315,0.0,0.391304347826087,0.2857142857142857,0.7804064302119181
syn_stu_000893,syn_crs_00035,0.4509222884626667,0.23529411764705882,0.4,0.4074074074074074,0.0,0.7647058823529411,0.7520891266794486,0.0,0.8,0.176147116745489,1,0.5,0,0.44444444444444436,0.39285714285714285,0.2631578947368421,0.0,0.30373983676098987,1.4916221821581315,0.4339622641509434,0.27822936213647986,0.46796750618723726,0.5,0.5,0.22384843776504082,0.5,2.949083998225813,0.0,0.6222222222222222,0.5384615384615384,0.4128106127397554
syn_stu_000894,syn_crs_00035,0.562477954338393,0.11764705882352941,0.8,0.2962962962962963,0.0,0.8333333333333334,0.7430275726582274,0.0,0.8,0.009065466001927158,1,0.5476190476190477,0,0.25925925925925924,0.25,0.21052631578947367,0.0,0.3242243246923732,1.888178872013078,0.13207547169811323,0.16191613791312423,0.5185069824290053,0.0,1.0,0.08024000548904124,0.07142857142857142,4.413458737787318,0.0,0.2553191489361702,0.1,0.2990685728746957
syn_stu_000895,syn_crs_00035,0.35117219312314735,0.058823529411764705,0.4,0.5925925925925926,0.3333333333333333,0.9473684210526315,0.6556685672709269,0.1111111111111111,0.6000000000000001,0.04979443411696312,1,0.5238095238095237,0,0.5185185185185186,0.6071428571428571,0.05263157894736842,0.0,0.29474965638833706,-4.019368575553796,0.6981132075471698,0.21457777565269548,0.32470486175454794,0.25,0.6666666666666666,0.10169662939743696,0.5714285714285714,-4.785412705971844,0.0,0.9130434782608695,0.4444444444444444,0.29131305764815874
syn_stu_000896,syn_crs_00035,0.40612846094990523,0.3529411764705882,0.4,0.4074074074074074,0.0,0.6842105263157895,0.5278233071919661,0.0,0.4,0.10093885865207118,1,0.7380952380952381,0,0.5185185185185186,0.2857142857142857,0.5263157894736842,0.0,0.24815206817051627,0.1513416134791051,0.7735849056603773,0.3491588288172083,0.7920050157359684,0.0,1.0,0.3921835647262089,0.07142857142857142,0.6870791133385242,0.5,0.8363636363636363,0.07692307692307693,0.6505297908008437
syn_stu_000897,syn_crs_00035,0.411219857605218,0.058823529411764705,0.2,0.25925925925925924,0.3333333333333333,0.9,0.5025146142280418,0.16666666666666666,0.4,0.07043080643929636,1,0.5476190476190477,0,0.18518518518518517,0.2857142857142857,0.05263157894736842,0.0,0.2742379058950312,-0.7542677773192077,0.5283018867924528,0.08448942759604042,0.5051721471123356,0.25,0.5,0.23783797617749125,0.0,-2.334616070486213,0.0,0.7021276595744681,0.0,0.2765333211431448
syn_stu_000898,syn_crs_00035,0.7167231724231099,0.23529411764705882,0.2,0.25925925925925924,0.0,0.6923076923076923,0.864539053958562,0.0,0.4,0.10257760258017412,1,0.47619047619047605,0,0.2962962962962963,0.2857142857142857,0.21052631578947367,0.0,0.6483593285324374,2.43406113571471,0.39622641509433965,0.04736151318835201,0.8616513327500199,0.25,0.5,0.5411147513191702,0.14285714285714285,0.18863103426552005,0.5,0.5909090909090909,0.2222222222222222,0.7544647263463635
syn_stu_000899,syn_crs_00035,0.5815334556630527,0.11764705882352941,1.0,0.4074074074074074,0.0,0.8666666666666667,0.6609984448448976,0.0,1.0,0.15627423520515932,0,0.5238095238095237,0,0.3703703703703704,0.42857142857142855,0.10526315789473684,0.5,0.6254650803803015,-0.42052835415592005,0.169811320754717,0.26685632920660507,0.8263894110695558,0.0,1.0,0.32572277125679083,0.2857142857142857,-0.2566665341464017,0.0,0.30434782608695654,0.3076923076923077,0.5819941478578747
syn_stu_000900,syn_crs_00035,0.3514811316117897,0.058823529411764705,0.0,0.4814814814814815,0.0,0.9375,0.5166940298515119,0.0,0.0,0.18215296978736994,1,0.4285714285714286,0,0.4074074074074074,0.39285714285714285,0.21052631578947367,0.0,0.22708520557571707,1.0910221889407703,0.5283018867924528,0.26922126802902413,0.5987887776965892,0.0,0.0,0.279661534463296,0.8571428571428571,-4.023182630483951,0.0,0.7857142857142857,0.8,0.39589603940377716
syn_stu_000901,syn_crs_00036,0.3365134166952971,0.29411764705882354,0.6000000000000001,0.4814814814814815,0.0,0.75,0.3893924486100536,0.0,0.6000000000000001,0.12751804108621714,1,0.30952380952380953,0,0.5555555555555556,0.4642857142857143,0.3157894736842105,0.0,0.219666657905684,-0.8504743593476762,0.4528301886792453,0.022395944259746805,0.7933754049981312,0.0,1.0,0.5320804770739893,0.6428571428571428,3.626450002013561,0.0,0.7837837837837838,0.6,0.6672905359589552
syn_stu_000902,syn_crs_00036,0.3899280259856924,0.058823529411764705,0.8,0.4814814814814815,0.0,0.9375,0.5494418718461603,0.0,1.0,0.06484729572432057,1,0.5952380952380951,0,0.4074074074074074,0.5,0.05263157894736842,0.0,0.19584426858620624,-1.3741888533975062,0.18867924528301888,0.11178012748652244,0.656456256148237,0.25,0.8,0.4673227728378314,0.07142857142857142,-0.45512841592221887,0.0,0.30612244897959184,0.06666666666666667,0.5826029856358163
syn_stu_000903,syn_crs_00036,0.5098084708322048,0.23529411764705882,0.2,0.4444444444444444,0.0,0.7777777777777778,0.5731751050034674,0.0,0.6000000000000001,0.2317258721511073,1,0.5476190476190477,0,0.48148148148148145,0.42857142857142855,0.2631578947368421,0.0,0.5575951475499429,1.5344722491339524,0.7735849056603773,0.14577997102026238,0.8731088344578836,0.5,0.3333333333333333,0.34132066932746974,0.5714285714285714,-1.4100322673445294,0.0,0.9787234042553191,0.5714285714285714,0.5675088976897055
syn_stu_000904,syn_crs_00036,0.5376617871564848,0.1764705882352941,0.4,0.2962962962962963,0.0,0.7692307692307693,0.6325188295293447,0.0,0.6000000000000001,0.16709332431264295,1,0.5238095238095237,0,0.2962962962962963,0.17857142857142855,0.3684210526315789,0.0,0.43223663538582935,2.1567223712881796,0.169811320754717,0.2866253341817779,0.9233482045861803,0.25,0.6666666666666666,0.3533751243795715,0.2857142857142857,0.3489255657850203,0.0,0.30434782608695654,0.4,0.632366800080485
syn_stu_000905,syn_crs_00036,0.48572924649022853,0.47058823529411764,0.4,0.14814814814814814,0.3333333333333333,0.42857142857142855,0.8555009544640564,0.1111111111111111,0.6000000000000001,0.13245962776807482,1,0.6666666666666667,0,0.3333333333333333,0.17857142857142855,0.42105263157894735,0.0,0.0897618596953101,-2.5378306128218857,0.6226415094339622,0.15982474613196185,0.5726723997667311,0.25,0.6666666666666666,0.08536841000150487,0.14285714285714285,-2.6117922713889294,0.0,0.7307692307692307,0.3333333333333333,0.31248075775329026
syn_stu_000906,syn_crs_00036,0.42292425539136275,0.11764705882352941,0.6000000000000001,0.4074074074074074,0.0,0.8666666666666667,0.41884257038573663,0.0,0.6000000000000001,0.16756111184639116,1,0.4285714285714286,0,0.3703703703703704,0.39285714285714285,0.15789473684210525,0.0,0.405048932380635,2.284883414936568,0.18867924528301888,0.06353836435624363,0.488273646072558,0.0,1.0,0.25478704464809937,0.5,-0.5509705619517611,0.0,0.35714285714285715,0.5384615384615384,0.411293146249898
syn_stu_000907,syn_crs_00036,0.6821720590820575,0.3529411764705882,0.6000000000000001,0.2222222222222222,0.0,0.5714285714285714,0.953648419359931,0.0,0.6000000000000001,0.02852292558674329,1,0.5238095238095237,0,0.3333333333333333,0.10714285714285714,0.5263157894736842,0.0,0.5093548304961372,-1.949587946195229,0.4716981132075472,0.3173055528699175,0.48578264326197906,0.0,1.0,0.40464680721926705,0.21428571428571427,-5.511959095311814,0.0,0.6521739130434783,0.375,0.4301452648626045
syn_stu_000908,syn_crs_00036,0.6029964749609861,0.11764705882352941,1.0,0.37037037037037035,0.0,0.8571428571428571,0.7052249656512424,0.0,1.0,0.35562125365918545,1,0.6428571428571428,0,0.3333333333333333,0.39285714285714285,0.10526315789473684,0.0,0.4851977112468169,-4.664122415009743,0.22641509433962265,0.26661287281155677,0.524857665000709,0.0,1.0,0.3201712987905234,0.07142857142857142,-7.071345797216299,0.0,0.3333333333333333,0.08333333333333333,0.3375181777033834
syn_stu_000909,syn_crs_00036,0.5419804094768639,0.7058823529411764,0.8,0.25925925925925924,0.0,0.42857142857142855,0.8554156206161,0.0,0.8,0.033997424054929185,1,0.6190476190476191,0,0.5925925925925926,0.2857142857142857,0.631578947368421,0.0,0.13677069714843373,0.021636665317509407,0.33962264150943394,0.02791064172746822,0.7274651288251542,0.0,1.0,0.5304397620430911,0.14285714285714285,-2.9102299667008746,0.0,0.46,0.2222222222222222,0.6065774600514323
syn_stu_000910,syn_crs_00036,0.5600114772637466,0.29411764705882354,0.8,0.14814814814814814,0.0,0.5454545454545454,0.732134521966431,0.0,1.0,0.4794331878751819,1,0.6428571428571428,0,0.2222222222222222,0.14285714285714285,0.3157894736842105,0.0,0.33419226064355584,1.0143410614553505,0.5471698113207547,0.4191265100275924,0.7730717304818154,0.25,0.8,0.5517777253582302,0.2857142857142857,-1.5971548339057744,0.0,0.6666666666666666,0.6666666666666666,0.6151074514570471
syn_stu_000911,syn_crs_00036,0.5583236666023922,0.5294117647058824,0.4,0.37037037037037035,0.0,0.5714285714285714,0.8858038083335007,0.0,0.6000000000000001,0.04600059042596932,1,0.4285714285714286,0,0.5925925925925926,0.35714285714285715,0.5263157894736842,0.0,0.18969553338053974,-3.0314619324526153,0.6792452830188679,0.200825843941179,0.7578997777685694,0.25,0.6666666666666666,0.49193949449937235,0.6428571428571428,-5.271011011116004,0.0,0.9761904761904762,0.75,0.560218553260611
syn_stu_000912,syn_crs_00036,0.5998526593787654,0.1764705882352941,0.6000000000000001,0.2222222222222222,0.0,0.7272727272727273,0.8349068798117234,0.0,0.8,0.25300016837474243,1,0.5238095238095237,0,0.2222222222222222,0.25,0.15789473684210525,0.5,0.20053018217541685,-3.9655309345322167,0.33962264150943394,0.2694411311602934,0.6145979659318012,0.25,0.75,0.29053114155026155,0.14285714285714285,-1.4924373400194568,0.0,0.5,0.25,0.5115828455591686
syn_stu_000913,syn_crs_00036,0.4172914480480285,0.3529411764705882,1.0,0.4074074074074074,0.0,0.6842105263157895,0.6337414389272795,0.0,1.0,0.24885609966333141,0,0.5714285714285714,0,0.5185185185185186,0.39285714285714285,0.3684210526315789,0.0,0.1840623442648992,-0.9895837649913688,0.5849056603773585,0.17668966970625752,0.5499417321469933,0.0,1.0,0.4064973378136694,0.14285714285714285,-1.6011584645798007,0.0,0.75,0.15384615384615385,0.5183977560392125
syn_stu_000914,syn_crs_00036,0.33428843484322796,0.1764705882352941,0.2,0.4444444444444444,0.3333333333333333,0.8235294117647058,0.6968343380724532,0.3333333333333333,0.2,0.2010974007672048,1,0.5,0,0.44444444444444436,0.4642857142857143,0.15789473684210525,0.5,0.055933438708565326,-1.257125178986722,0.5094339622641509,0.1752457943894905,0.7098592757576074,0.0,1.0,0.3030673560296014,0.0,-0.18468994073549766,0.0,0.7111111111111111,0.0,0.4581164176863844
syn_stu_000915,syn_crs_00036,0.5682122154527787,0.23529411764705882,0.6000000000000001,0.2962962962962963,0.3333333333333333,0.7142857142857143,0.9392244575437974,0.06666666666666667,1.0,0.1516898698036853,1,0.30952380952380953,0,0.3333333333333333,0.25,0.3157894736842105,0.0,0.2810741579080496,2.7392325820306618,0.5471698113207547,0.20711603506376666,0.760465059529667,0.5,0.6,0.21724566411357246,0.42857142857142855,1.842460178231307,0.0,0.918918918918919,0.6,0.4253863641250039
syn_stu_000916,syn_crs_00036,0.515176784047811,0.058823529411764705,0.8,0.37037037037037035,0.0,0.9230769230769231,0.746981321967303,0.0,0.8,0.08937662107236002,1,0.47619047619047605,0,0.2962962962962963,0.25,0.2631578947368421,0.0,0.26576952843407936,0.02418460925050322,0.22641509433962265,0.23814562271197973,0.3483408981373055,0.0,1.0,0.25836005608816826,0.21428571428571427,5.1362812179386195,0.5,0.38636363636363635,0.25,0.2982181383985576
syn_stu_000917,syn_crs_00036,0.44223335037067063,0.47058823529411764,0.2,0.037037037037037035,0.0,0.2727272727272727,0.7389112973654779,0.0,0.4,0.1496984593596717,1,0.38095238095238093,0,0.2222222222222222,0.07142857142857142,0.42105263157894735,0.0,0.28930974043029845,1.4690889378385292,0.3584905660377359,0.2854010534209942,0.7980478510100497,0.25,0.5,0.7020345476526477,0.07142857142857142,1.2847497868834508,0.0,0.6,0.3333333333333333,0.6838676042018558
syn_stu_000918,syn_crs_00036,0.5382316374408598,0.11764705882352941,0.8,0.4814814814814815,0.3333333333333333,0.8823529411764706,0.7218936716275978,0.08333333333333333,0.8,0.24430112462756412,1,0.5,0,0.44444444444444436,0.42857142857142855,0.21052631578947367,0.0,0.38566789052709355,0.41938059487001256,0.6981132075471698,0.1560641427074819,0.5920596800382634,0.0,1.0,0.0639081801401903,0.3571428571428571,-2.952340598735808,0.0,0.9333333333333333,0.3333333333333333,0.3158790060040698
syn_stu_000919,syn_crs_00036,0.5119255081851279,0.058823529411764705,0.2,0.6296296296296297,0.3333333333333333,0.95,0.49434126136876255,0.3333333333333333,0.2,0.08073161598505901,0,0.45238095238095233,0,0.5555555555555556,0.5357142857142857,0.21052631578947367,0.0,0.4830923898385048,3.137387578373061,0.20754716981132076,0.16000423004204453,0.9353741722339952,0.0,1.0,0.4554933931314579,0.21428571428571427,1.9994737788688006,0.0,0.37209302325581395,0.15789473684210525,0.698959517318793
syn_stu_000920,syn_crs_00036,0.39869368127946775,0.29411764705882354,0.6000000000000001,0.37037037037037035,0.0,0.7058823529411765,0.6313260195664243,0.0,0.8,0.24280058792712098,0,0.5,1,0.44444444444444436,0.3214285714285714,0.3684210526315789,0.0,0.048946842715704764,-1.7833966569258894,0.4528301886792453,0.08461571280095342,0.8088088264150364,0.25,0.75,0.6273155498390993,0.2857142857142857,4.201813152398537,0.0,0.6444444444444445,0.3333333333333333,0.7332865054068033
syn_stu_000921,syn_crs_00036,0.4562405826834991,0.11764705882352941,0.6000000000000001,0.37037037037037035,0.6666666666666666,0.8571428571428571,0.9537642829295209,0.2222222222222222,0.6000000000000001,0.22332311631412488,1,0.5238095238095237,0,0.3333333333333333,0.35714285714285715,0.15789473684210525,0.0,0.11311825716420307,-0.17590695106935314,0.6792452830188679,0.03716720261386118,0.9445272759857039,0.0,1.0,0.2323406941273214,0.3571428571428571,-3.36081414956279,0.0,0.8913043478260869,0.4166666666666667,0.6054407682416775
syn_stu_000922,syn_crs_00036,0.39085426199998285,0.11764705882352941,0.8,0.4074074074074074,0.0,0.8666666666666667,0.6314866726803927,0.0,1.0,0.20281081677667032,0,0.9047619047619047,0,0.3703703703703704,0.2857142857142857,0.3157894736842105,0.0,0.14031408942269544,-3.138141175644549,0.4528301886792453,0.2571221582614744,0.8860846541855772,0.25,0.8,0.13194340585655112,0.07142857142857142,-3.193870302740538,0.0,0.46774193548387094,0.07692307692307693,0.4699771973428225
syn_stu_000923,syn_crs_00036,0.6624680689840063,0.23529411764705882,0.4,0.37037037037037035,0.3333333333333333,0.75,0.7980854791099583,0.1111111111111111,0.6000000000000001,0.04135918517482124,1,0.6190476190476191,0,0.4074074074074074,0.35714285714285715,0.2631578947368421,1.0,0.5336742701999219,1.6227900605656063,0.33962264150943394,0.1886997586881849,0.8838979962432941,0.25,0.6666666666666666,0.15287558584573163,0.42857142857142855,-4.263180260317393,0.0,0.46,0.5,0.5219147904970206
syn_stu_000924,syn_crs_00036,0.6770321540270998,0.47058823529411764,0.6000000000000001,0.1111111111111111,0.6666666666666666,0.38461538461538464,0.9543798828869341,0.2222222222222222,0.6000000000000001,0.038990764440102396,0,0.5476190476190477,0,0.2962962962962963,0.10714285714285714,0.47368421052631576,0.0,0.3959338550590129,2.228046828275161,0.41509433962264153,0.2888570123478835,0.7786871512072119,0.0,1.0,0.3683829414483749,0.21428571428571427,-1.6934907519390257,0.0,0.574468085106383,0.6,0.6375625302345171
syn_stu_000925,syn_crs_00036,0.4313188693805154,0.23529411764705882,0.4,0.18518518518518517,0.0,0.6363636363636364,0.5409269999265575,0.0,0.6000000000000001,0.02995586345375487,0,0.7142857142857142,0,0.2222222222222222,0.17857142857142855,0.2631578947368421,0.0,0.3075541882758564,1.7455471133763647,0.8679245283018868,0.3549353359736283,0.7207799917591331,0.25,0.6666666666666666,0.6752567086262274,0.14285714285714285,1.1196468616412136,0.0,0.9444444444444444,0.2857142857142857,0.5931631038808112
syn_stu_000926,syn_crs_00036,0.5556689049343605,0.23529411764705882,0.4,0.4814814814814815,0.0,0.7894736842105263,0.8472261535084832,0.0,0.6000000000000001,0.23742293510348805,1,0.4285714285714286,0,0.5185185185185186,0.4642857142857143,0.2631578947368421,0.0,0.2672783560711553,-0.24936211297449773,0.6415094339622641,0.07631271593444672,0.47229901105569794,0.25,0.6666666666666666,0.42480645925342486,0.42857142857142855,4.449611290225851,0.0,0.9285714285714286,0.4,0.46483755050159437
syn_stu_000927,syn_crs_00036,0.4735041383028811,0.4117647058823529,1.0,0.4814814814814815,0.6666666666666666,0.6818181818181818,0.7567667813786771,0.13333333333333333,1.0,0.14106370895479964,0,0.30952380952380953,0,0.6296296296296295,0.35714285714285715,0.5789473684210527,0.0,0.05102060017387886,-2.9788748627882597,0.3584905660377359,0.029231956323262167,0.5375380183928944,0.0,1.0,0.46964212334799293,0.14285714285714285,2.6750208244855496,0.0,0.6486486486486487,0.13333333333333333,0.4446741450503279
syn_stu_000928,syn_crs_00036,0.5983179138350002,0.11764705882352941,0.6000000000000001,0.18518518518518517,0.3333333333333333,0.7777777777777778,0.6874128113043934,0.08333333333333333,0.8,0.07500104258501719,0,0.6904761904761905,1,0.14814814814814814,0.17857142857142855,0.15789473684210525,0.0,0.38482334472272894,-0.17280045456453424,0.8113207547169812,0.09761449624822759,0.6601714864719702,0.25,0.75,0.4976793995617595,0.0,1.1565797408515999,0.0,0.9056603773584906,0.0,0.6491201298335028
syn_stu_000929,syn_crs_00036,0.5650954357477823,0.23529411764705882,0.0,0.4074074074074074,0.3333333333333333,0.7647058823529411,0.6501607057015697,0.3333333333333333,0.0,0.08968085252270586,1,0.40476190476190477,0,0.44444444444444436,0.39285714285714285,0.2631578947368421,0.0,0.26570124693695274,-1.355431706352986,0.32075471698113206,0.060461033963105724,0.8036467834926767,0.0,0.0,0.17327270895040284,0.3571428571428571,0.13727326204589002,0.0,0.5365853658536586,0.38461538461538464,0.5293102011659819
syn_stu_000930,syn_crs_00036,0.3445802642965219,0.058823529411764705,0.6000000000000001,0.6296296296296297,0.0,0.95,0.5899376154258543,0.0,0.6000000000000001,0.16329836998705438,1,0.3571428571428571,0,0.5555555555555556,0.5714285714285714,0.15789473684210525,0.0,0.1002801331103118,1.8453060003148403,0.09433962264150943,0.3745827216714443,0.846162238820928,0.0,1.0,0.6516214915757225,1.0,1.1745517313140212,0.0,0.2564102564102564,0.7368421052631579,0.7881492260025069
syn_stu_000931,syn_crs_00036,0.34606300859707684,0.7058823529411764,0.0,0.1111111111111111,0.0,0.29411764705882354,0.5389955066112245,0.0,0.2,0.16973411554044804,1,0.7857142857142856,0,0.44444444444444436,0.10714285714285714,0.6842105263157894,0.0,0.19419945653170936,-0.8534260641697127,0.33962264150943394,0.1327679836386197,0.6964006562997911,0.25,0.0,0.2880045530978171,0.07142857142857142,1.3513336609665547,0.0,0.40350877192982454,0.2,0.44953348778534996
syn_stu_000932,syn_crs_00036,0.2777548328483248,0.5882352941176471,0.0,0.18518518518518517,0.0,0.4117647058823529,0.552752581633601,0.0,0.0,0.05641128412799257,1,0.45238095238095233,0,0.44444444444444436,0.2142857142857143,0.5263157894736842,0.0,0.09953328488201084,-0.8961173179859521,0.20754716981132076,0.5771911437182545,0.726157987552759,0.0,0.0,0.2531195316227142,0.0,3.9095885880886954,0.0,0.37209302325581395,0.0,0.5028301174327885
syn_stu_000933,syn_crs_00036,0.41679065530121706,0.0,0.6000000000000001,0.4814814814814815,0.0,1.0,0.5108665092344069,0.0,1.0,0.30769823597144424,1,0.38095238095238093,0,0.3703703703703704,0.5,0.0,0.0,0.3746586238331881,4.347966632062245,0.169811320754717,0.19179762505146075,0.6486776363214525,0.5,0.6,0.2510378583549359,0.42857142857142855,-0.06264317634693543,0.0,0.35,0.4,0.4686167117192347
syn_stu_000934,syn_crs_00036,0.48471157349611127,0.11764705882352941,1.0,0.2962962962962963,0.3333333333333333,0.8333333333333334,0.6868314848653705,0.06666666666666667,1.0,0.3803467821176676,1,0.3571428571428571,0,0.25925925925925924,0.2142857142857143,0.2631578947368421,0.0,0.2111345488513562,1.5986398816121554,0.37735849056603776,0.21369791298023758,0.910924201053324,0.0,1.0,0.30371781956432525,0.2857142857142857,0.7852425330209942,1.0,0.6410256410256411,0.4,0.48876120482324525
syn_stu_000935,syn_crs_00036,0.4038424276797335,0.058823529411764705,1.0,0.4814814814814815,0.0,0.9375,0.40550878423834597,0.0,1.0,0.09071033574962377,1,0.7380952380952381,0,0.4074074074074074,0.4642857142857143,0.10526315789473684,0.0,0.3153235622750632,2.1518702516015895,0.32075471698113206,0.23302843869965306,0.8285909583325967,0.0,1.0,0.612725743643395,0.5714285714285714,-1.2254933519747935,0.0,0.4,0.5333333333333333,0.7279838422753254
syn_stu_000936,syn_crs_00037,0.6118605281531718,0.058823529411764705,0.2,0.5185185185185185,0.0,0.9411764705882353,0.7339275522617913,0.0,0.4,0.04407474625203159,1,0.45238095238095233,0,0.44444444444444436,0.5,0.10526315789473684,0.0,0.42224202958107754,-1.0242118581493074,0.2641509433962264,0.011878471975242083,0.4916887950358312,0.25,0.5,0.2962681942960924,0.5714285714285714,0.34020221510625137,0.0,0.4418604651162791,0.5,0.42464194672899336
syn_stu_000937,syn_crs_00037,0.44593986353665194,0.23529411764705882,0.2,0.4444444444444444,0.3333333333333333,0.7777777777777778,0.8338624880068172,0.16666666666666666,0.4,0.2753215902589878,1,0.9047619047619047,0,0.48148148148148145,0.42857142857142855,0.2631578947368421,0.0,0.12446400728773525,-2.200719327697669,0.5094339622641509,0.001306978744963095,0.6335036853894516,0.25,0.5,0.12205493156996237,0.5,-0.7689129207526897,0.0,0.5161290322580645,0.5,0.3070766041643085
syn_stu_000938,syn_crs_00037,0.3586137900279854,0.23529411764705882,0.8,0.4444444444444444,0.0,0.7777777777777778,0.7228016598120537,0.0,0.8,0.10506409155476602,1,0.6904761904761905,0,0.48148148148148145,0.3214285714285714,0.42105263157894735,0.0,0.06033341098945201,2.133593523768908,0.33962264150943394,0.05637970488254124,0.5657581309903033,0.0,1.0,0.16277241975353246,0.0,-3.568715175501816,0.0,0.4339622641509434,0.0,0.39436445589964353
syn_stu_000939,syn_crs_00037,0.4191791361761759,0.47058823529411764,0.2,0.25925925925925924,0.0,0.5294117647058824,0.5820245253108179,0.0,0.2,0.21222005680841027,1,0.857142857142857,0,0.44444444444444436,0.2142857142857143,0.5263157894736842,0.0,0.06068734263048069,2.9842055322904693,0.3584905660377359,0.16806080123419243,0.5414405487148302,0.0,1.0,0.4641903416552571,0.21428571428571427,2.6198303244412857,0.0,0.4,0.3333333333333333,0.5077979911126108
syn_stu_000940,syn_crs_00037,0.6062202818759335,0.23529411764705882,0.0,0.4074074074074074,0.0,0.7647058823529411,0.9761743714969215,0.0,0.0,0.2607680890292672,0,0.23809523809523814,0,0.44444444444444436,0.2857142857142857,0.42105263157894735,0.0,0.3194654906991536,-2.5729856876228108,0.15094339622641512,0.13347583249951098,0.5419131233161613,0.0,0.0,0.43187782554797094,0.5714285714285714,4.464762624497085,0.0,0.38235294117647056,0.6153846153846154,0.5559588877666399
syn_stu_000941,syn_crs_00037,0.7655564634456291,0.29411764705882354,0.4,0.2222222222222222,0.0,0.6153846153846154,0.8830426168289223,0.0,0.4,0.0908350019894856,1,0.3571428571428571,0,0.2962962962962963,0.14285714285714285,0.42105263157894735,0.0,0.5064178433998526,-1.034981176493591,0.3018867924528302,0.06634371935393789,0.7185192400757126,0.0,1.0,0.6061097134283353,0.21428571428571427,-0.11228197062034112,0.0,0.5384615384615384,0.375,0.6416594686787779
syn_stu_000942,syn_crs_00037,0.4768581152405972,0.058823529411764705,0.4,0.6666666666666666,0.0,0.9523809523809523,0.5763402345488936,0.0,0.6000000000000001,0.11221621234137474,0,0.5714285714285714,0,0.5925925925925926,0.5,0.3157894736842105,0.0,0.3369183911097749,-1.8285155717381731,0.5471698113207547,0.23205846974365407,0.8020653514989153,0.25,0.6666666666666666,0.3764697016106806,0.42857142857142855,0.9961601643341833,0.0,0.7083333333333334,0.3,0.5981499082465683
syn_stu_000943,syn_crs_00037,0.3811527343518575,0.4117647058823529,0.4,0.037037037037037035,0.0,0.3,0.6676103488603646,0.0,0.4,0.09694388606547612,1,0.3571428571428571,0,0.18518518518518517,0.07142857142857142,0.3684210526315789,0.0,0.16795501375373117,0.9628340443190532,0.41509433962264153,0.09236551218772493,0.7565156557802997,0.0,1.0,0.10567047603717138,0.0,2.584933889789789,0.0,0.6923076923076923,0.0,0.4481565041856719
syn_stu_000944,syn_crs_00037,0.3123237174099055,0.3529411764705882,0.2,0.14814814814814814,0.0,0.5,0.4646062617704128,0.0,0.2,0.29610054670072616,1,0.5952380952380951,0,0.25925925925925924,0.10714285714285714,0.42105263157894735,0.0,0.2784897290569816,2.1726909114225466,0.6792452830188679,0.024631701006921882,0.7575859945087361,0.0,1.0,0.5777015241449763,0.21428571428571427,-0.42997833277194836,0.0,0.8367346938775511,0.5,0.5272662495140727
syn_stu_000945,syn_crs_00037,0.43244389162924785,0.6470588235294118,0.4,0.25925925925925924,0.0,0.45,0.879539661282433,0.0,0.6000000000000001,0.08736735955176722,1,0.6904761904761905,0,0.5555555555555556,0.25,0.631578947368421,0.5,0.054240063510306004,-0.7366160812702883,0.6792452830188679,0.10113558569676576,0.6186857275487786,0.25,0.6666666666666666,0.5325046627931745,0.07142857142857142,0.5687837025491637,0.0,0.7735849056603774,0.1111111111111111,0.5578663717720855
syn_stu_000946,syn_crs_00037,0.5788428941219137,0.29411764705882354,0.8,0.37037037037037035,0.0,0.7058823529411765,0.9359721783960533,0.0,1.0,0.1493110290041424,0,0.5238095238095237,0,0.44444444444444436,0.3214285714285714,0.3684210526315789,0.5,0.17995044844429256,-0.7424102939039526,0.5283018867924528,0.059318948775509577,0.774761453687304,0.25,0.8,0.15732951920239516,0.7142857142857142,-0.6509539232898487,0.5,0.717391304347826,0.8333333333333334,0.4703603521163546
syn_stu_000947,syn_crs_00037,0.6351025713291091,0.4117647058823529,0.0,0.2222222222222222,0.0,0.5333333333333333,0.8267071486764929,0.0,0.2,0.3259111390284109,1,0.5714285714285714,0,0.3703703703703704,0.17857142857142855,0.47368421052631576,0.0,0.534460793385805,-3.913485399123326,0.7169811320754716,0.16062618011673818,0.7710636164217542,0.25,0.0,0.6633303556599526,0.21428571428571427,-1.6485089469552192,0.0,0.8958333333333334,0.375,0.5993718794681984
syn_stu_000948,syn_crs_00037,0.5450587718637824,0.3529411764705882,0.2,0.4074074074074074,0.0,0.6842105263157895,0.7191758515357706,0.0,0.4,0.18774638730190601,0,0.33333333333333326,0,0.5185185185185186,0.39285714285714285,0.3684210526315789,0.0,0.2155006560204575,-1.9084836201752244,0.33962264150943394,0.0568588732576329,0.7307980193905314,0.25,0.5,0.14291891442147986,0.2857142857142857,1.564755917217072,0.0,0.6052631578947368,0.3076923076923077,0.47056923348349244
syn_stu_000949,syn_crs_00037,0.36917347344782603,0.23529411764705882,0.2,0.2962962962962963,0.0,0.7142857142857143,0.4316393175892639,0.0,0.2,0.17178500512423575,1,0.6904761904761905,0,0.3333333333333333,0.25,0.3157894736842105,0.0,0.32749367616646596,3.014628804201656,0.5849056603773585,0.32439188751323994,0.8026035221964207,0.0,1.0,0.22991929952545953,0.21428571428571427,1.5375661604993802,0.0,0.6792452830188679,0.3,0.5205548834662064
syn_stu_000950,syn_crs_00037,0.8206698755505679,0.058823529411764705,0.2,0.2962962962962963,0.0,0.9090909090909091,0.9123782730851248,0.0,0.2,0.28377670373950187,1,0.5714285714285714,0,0.2222222222222222,0.2857142857142857,0.10526315789473684,0.0,0.6589168321749835,0.9853233518453267,0.4716981132075472,0.2272874194788534,0.9591553462769201,0.0,1.0,0.007109921241457481,0.0,2.7676281220423697,0.0,0.625,0.0,0.4871439994375968
syn_stu_000951,syn_crs_00037,0.4990775413718858,0.058823529411764705,0.2,0.4814814814814815,0.0,0.9375,0.8103540580833183,0.0,0.6000000000000001,0.09134294762362484,0,0.6904761904761905,0,0.4074074074074074,0.3214285714285714,0.3157894736842105,0.0,0.12582991549664133,1.852578725345308,0.39622641509433965,0.07047067480983604,0.3536346717243236,0.5,0.3333333333333333,0.21939097486729617,0.8571428571428571,-0.01019272294652987,0.0,0.49056603773584906,0.8,0.3225723176163704
syn_stu_000952,syn_crs_00037,0.6470310915158259,0.058823529411764705,0.2,0.25925925925925924,0.0,0.9,0.7063828350995831,0.0,0.4,0.09005585420633067,1,0.6428571428571428,0,0.18518518518518517,0.2857142857142857,0.05263157894736842,0.0,0.42548926986887603,-0.7303235301689186,0.4339622641509434,0.03132658785032591,0.7834314840577876,0.25,0.5,0.5233624214675047,0.2857142857142857,-3.5994744302346104,0.0,0.5490196078431373,0.4444444444444444,0.6328550930141792
syn_stu_000953,syn_crs_00037,0.2878661910732803,0.1764705882352941,0.6000000000000001,0.5555555555555555,0.0,0.85,0.3911622837970096,0.0,0.6000000000000001,0.1498856782793315,1,0.47619047619047605,0,0.5555555555555556,0.3214285714285714,0.5263157894736842,0.0,0.2283671332309734,-0.5461232131984415,0.2641509433962264,0.1399402466643211,0.8850201956949063,0.0,1.0,0.20118637039163295,0.7142857142857142,3.3229867905049173,0.0,0.4318181818181818,0.5882352941176471,0.5452691381163922
syn_stu_000954,syn_crs_00037,0.304402387555935,0.29411764705882354,0.0,0.4444444444444444,0.0,0.7368421052631579,0.4260792237026171,0.0,0.0,0.3301621465781861,1,0.45238095238095233,0,0.5185185185185186,0.42857142857142855,0.3157894736842105,0.0,0.17211732468137717,0.0372352454923095,0.5660377358490566,0.049219305332843195,0.8693858909055602,0.0,0.0,0.4366599204528989,0.7142857142857142,-2.2036128697007498,0.0,0.813953488372093,0.7142857142857143,0.6962772446381323
syn_stu_000955,syn_crs_00037,0.4444675652383372,0.1764705882352941,0.6000000000000001,0.18518518518518517,0.0,0.7,0.906734386558937,0.0,0.6000000000000001,0.35093812159634186,0,0.2857142857142857,1,0.18518518518518517,0.14285714285714285,0.2631578947368421,0.0,0.1223401932701372,0.6484778686137151,0.07547169811320754,0.15886728632765001,0.34602089732089847,0.0,1.0,0.24347705801607428,0.14285714285714285,-2.2554048422231756,0.0,0.25,0.2857142857142857,0.2975227334148082
syn_stu_000956,syn_crs_00037,0.5770447184724148,0.5882352941176471,0.0,0.5185185185185185,0.0,0.6153846153846154,0.7841499665198461,0.0,0.0,0.20667193494061978,1,0.5714285714285714,0,0.7777777777777777,0.5,0.5789473684210527,0.0,0.35962464858599996,2.752085388441298,0.5471698113207547,0.02832310939092705,0.8340803224006872,0.0,0.0,0.21733590809951145,0.21428571428571427,-1.5958691849924387,0.0,0.7083333333333334,0.1875,0.43351894808406016
syn_stu_000957,syn_crs_00037,0.4210008687169227,0.0,0.2,0.7037037037037036,0.0,1.0,0.6656192312744237,0.0,0.4,0.13761020217520092,1,0.33333333333333326,0,0.5925925925925926,0.6071428571428571,0.15789473684210525,0.0,0.062381349851495495,-1.345505312866819,0.5283018867924528,0.2235326964678141,0.5410973928452016,0.25,0.5,0.23098464338321928,1.0,-5.2307776330833695,0.0,0.868421052631579,0.6666666666666666,0.3886190469285315
syn_stu_000958,syn_crs_00037,0.39189055195612177,0.1764705882352941,0.6000000000000001,0.4444444444444444,0.0,0.8235294117647058,0.6917385552909865,0.0,1.0,0.1681633964619887,1,0.47619047619047605,0,0.44444444444444436,0.42857142857142855,0.21052631578947367,0.0,0.07009537941990088,-0.27617536976843376,0.41509433962264153,0.3146717344510322,0.6256975058878058,0.5,0.6,0.3132360406740877,0.0,-0.6528678539885129,0.0,0.6136363636363636,0.0,0.4726635488571591
syn_stu_000959,syn_crs_00037,0.5341865921189628,0.5294117647058824,0.4,0.3333333333333333,0.3333333333333333,0.55,0.7116052198271315,0.16666666666666666,0.4,0.12729819217183816,1,0.7380952380952381,0,0.5555555555555556,0.25,0.631578947368421,0.0,0.1255010104500053,-1.5865041487688787,0.3018867924528302,0.08875832066872408,0.7528443683729065,0.0,1.0,0.225540414623575,0.3571428571428571,1.8580211379786964,0.0,0.38181818181818183,0.45454545454545453,0.5342211566183324
syn_stu_000960,syn_crs_00037,0.5264537643393382,0.11764705882352941,0.4,0.3333333333333333,0.0,0.8461538461538461,0.6288811893641149,0.0,0.8,0.08870164288079503,1,0.5714285714285714,0,0.2962962962962963,0.2857142857142857,0.21052631578947367,0.0,0.3720553477774666,-3.9363298268363565,0.39622641509433965,0.04358171641559682,0.7080421383647316,0.5,0.5,0.019978444016426112,0.14285714285714285,-1.3008967262960114,0.0,0.5416666666666666,0.18181818181818182,0.34684857105114386
syn_stu_000961,syn_crs_00037,0.3145542717552152,0.058823529411764705,0.4,0.4814814814814815,0.0,0.9375,0.4959443566194081,0.0,0.4,0.1109837288425319,1,0.857142857142857,0,0.4074074074074074,0.39285714285714285,0.21052631578947367,0.0,0.18720542722615463,1.8402788259029954,0.4528301886792453,0.03334861054069383,0.6271741456250527,0.0,1.0,0.33596608797661737,0.42857142857142855,4.0145902143783365,0.0,0.48333333333333334,0.4,0.43267184700402256
syn_stu_000962,syn_crs_00037,0.4529167057350986,0.11764705882352941,0.8,0.4074074074074074,0.3333333333333333,0.8666666666666667,0.7136807373184615,0.06666666666666667,1.0,0.12749357782254037,1,0.4285714285714286,0,0.3703703703703704,0.42857142857142855,0.10526315789473684,0.0,0.14657619935111865,3.4949044714935598,0.6792452830188679,0.21391264913233254,0.6874027992464935,0.25,0.8,0.505069712110889,0.21428571428571427,3.828610234737974,0.0,0.9761904761904762,0.23076923076923078,0.5475016274931295
syn_stu_000963,syn_crs_00037,0.5508927214385941,0.0,0.8,0.3333333333333333,0.0,1.0,0.7971404787477405,0.0,1.0,0.14139703594922923,1,0.38095238095238093,0,0.2222222222222222,0.35714285714285715,0.0,0.0,0.45098444439568747,1.5309206143157337,0.5283018867924528,0.014977693123725933,0.8848977022042516,0.25,0.8,0.528420064424561,0.14285714285714285,2.6678664195623787,0.0,0.825,0.18181818181818182,0.7787896078581907
syn_stu_000964,syn_crs_00037,0.1974987130218137,0.058823529411764705,0.8,0.37037037037037035,0.3333333333333333,0.9230769230769231,0.41268953448498846,0.06666666666666667,1.0,0.195947512978996,0,0.5,1,0.2962962962962963,0.25,0.2631578947368421,0.0,0.06220598562767598,0.46057841756541146,0.5283018867924528,0.10179903406136252,0.7815737950102495,0.25,0.8,0.3682194211781621,0.0,-5.804865990296464,0.0,0.7333333333333333,0.0,0.5893593710108831
syn_stu_000965,syn_crs_00037,0.37918756448184776,0.0,0.4,0.3333333333333333,0.0,1.0,0.5260409861645668,0.0,0.4,0.07876019511488012,1,0.4285714285714286,0,0.2222222222222222,0.35714285714285715,0.0,0.0,0.3540350633277145,3.7068774491823686,0.4528301886792453,0.02203011997488877,0.4577881300989455,0.0,1.0,0.41505489024144526,0.07142857142857142,4.3011363309691975,0.0,0.6904761904761905,0.09090909090909091,0.5059982705695253
syn_stu_000966,syn_crs_00037,0.5682060804591385,0.11764705882352941,0.2,0.4444444444444444,0.0,0.875,0.8687633215805222,0.0,0.2,0.42014166818566856,1,0.5952380952380951,0,0.4074074074074074,0.39285714285714285,0.21052631578947367,0.0,0.2660377504219923,0.917755247137632,0.6792452830188679,0.015791212492977942,0.663601207141063,0.0,1.0,0.3968327104695862,0.07142857142857142,-0.7115308315588387,0.0,0.8367346938775511,0.07142857142857142,0.6070295308615211
syn_stu_000967,syn_crs_00037,0.4601480746268058,0.5294117647058824,0.6000000000000001,0.0,0.0,0.18181818181818182,0.722335414480493,0.0,0.6000000000000001,0.08403350732556193,1,0.30952380952380953,0,0.2222222222222222,0.0,0.5263157894736842,0.0,0.20401305260808655,1.605496348360611,0.49056603773584906,0.0017240789538081113,0.444702389429921,0.0,1.0,0.41742517723688943,0.0,5.035233836121172,0.0,0.8378378378378378,0.0,0.39388659866031556
syn_stu_000968,syn_crs_00037,0.43864945194891314,0.5294117647058824,0.6000000000000001,0.1111111111111111,0.3333333333333333,0.35714285714285715,0.668058549452007,0.08333333333333333,0.8,0.030036846928693583,1,0.2857142857142857,0,0.3333333333333333,0.14285714285714285,0.47368421052631576,0.0,0.08872938941885343,0.2819444679475586,0.11320754716981131,0.1965441015749883,0.8285310877100066,0.25,0.75,0.40504236570484325,0.07142857142857142,-1.8122051481275516,0.0,0.3055555555555556,0.2,0.5757885486103453
syn_stu_000969,syn_crs_00037,0.5377733870441069,0.0,0.6000000000000001,0.7407407407407407,0.0,1.0,0.8265228105052701,0.0,0.6000000000000001,0.15036921286646918,1,0.2857142857142857,0,0.6296296296296295,0.5714285714285714,0.2631578947368421,0.0,0.25893081240479304,0.5873978883915701,0.33962264150943394,0.04862750796140503,0.8185145615421828,0.0,1.0,0.15983129349930444,0.42857142857142855,-0.41942510182675563,1.0,0.6388888888888888,0.2727272727272727,0.4827885340791516
syn_stu_000970,syn_crs_00038,0.41145435145639675,0.23529411764705882,0.6000000000000001,0.5185185185185185,0.0,0.8,0.8174448788235896,0.0,0.8,0.20414889433661432,1,0.30952380952380953,0,0.5555555555555556,0.39285714285714285,0.42105263157894735,0.0,0.10571580276352016,-0.2659040043264823,0.07547169811320754,0.0611800870567125,0.6384625987877238,0.25,0.75,0.49088512790254246,0.3571428571428571,0.26888601302578075,0.0,0.24324324324324326,0.3125,0.5953939872917687
syn_stu_000971,syn_crs_00038,0.595891557738767,0.29411764705882354,1.0,0.37037037037037035,0.3333333333333333,0.7058823529411765,0.5874006123693192,0.06666666666666667,1.0,0.043502263148419915,1,0.38095238095238093,0,0.44444444444444436,0.3214285714285714,0.3684210526315789,0.0,0.44845073153941556,1.665160632464618,0.41509433962264153,0.193367718783209,0.40502628547208563,0.0,1.0,0.33047095516912184,0.3571428571428571,-2.797055043073258,0.5,0.675,0.4166666666666667,0.2976703011034052
syn_stu_000972,syn_crs_00038,0.306614099335494,0.3529411764705882,0.8,0.37037037037037035,0.0,0.6666666666666666,0.5748901221221496,0.0,0.8,0.0966458765188254,1,0.3571428571428571,0,0.48148148148148145,0.2857142857142857,0.47368421052631576,0.0,0.33280215638621197,-2.182564795934585,0.49056603773584906,0.15820120798470813,0.7069327844525306,0.0,1.0,0.2610618969703547,0.0,-4.861395706811382,0.0,0.7948717948717948,0.0,0.5067422839053382
syn_stu_000973,syn_crs_00038,0.6865230063666693,0.8235294117647058,0.4,0.3333333333333333,0.3333333333333333,0.44,0.8022692004057259,0.16666666666666666,0.4,0.15478886955803461,1,0.33333333333333326,0,0.7407407407407407,0.3214285714285714,0.7894736842105263,0.0,0.566930256436327,0.8385202017143432,0.3018867924528302,0.20755667167877384,0.7529667832290987,0.0,1.0,0.3724310059426077,0.07142857142857142,-7.19288720979227,0.0,0.5526315789473685,0.09090909090909091,0.5829112863236285
syn_stu_000974,syn_crs_00038,0.49456139142754235,0.058823529411764705,0.2,0.5925925925925926,0.3333333333333333,0.9473684210526315,0.8328930229024772,0.3333333333333333,0.2,0.0644732478334909,1,0.33333333333333326,0,0.5185185185185186,0.5714285714285714,0.10526315789473684,0.0,0.13446901080295345,-1.706090657968034,0.39622641509433965,0.09143375012896074,0.7395256520629272,0.0,1.0,0.16690712577822514,0.07142857142857142,8.858447119749743,0.0,0.6842105263157895,0.05555555555555555,0.39694598798407305
syn_stu_000975,syn_crs_00038,0.4209745968214287,0.23529411764705882,0.4,0.37037037037037035,0.0,0.75,0.7558426963918349,0.0,0.4,0.08133848255457467,1,0.6666666666666667,0,0.4074074074074074,0.39285714285714285,0.21052631578947367,0.0,0.08713525106793304,1.0197202386041204,0.7358490566037735,0.17858142165636204,0.37088621813022304,0.0,1.0,0.28281156381929384,0.14285714285714285,-5.0058347572311845,0.0,0.8461538461538461,0.16666666666666666,0.27233197461541486
syn_stu_000976,syn_crs_00038,0.352639652116154,0.11764705882352941,0.6000000000000001,0.37037037037037035,0.6666666666666666,0.8571428571428571,0.5506372913655055,0.2222222222222222,0.6000000000000001,0.07009475450599481,1,0.5952380952380951,0,0.3333333333333333,0.2857142857142857,0.2631578947368421,0.0,0.10463282482778442,4.788253303465932,0.20754716981132076,0.33174950362894534,0.8768549355317027,0.0,1.0,0.21482082816148448,0.2857142857142857,-4.96450010697605,0.0,0.32653061224489793,0.3333333333333333,0.5680627723772408
syn_stu_000977,syn_crs_00038,0.568692991586475,0.3529411764705882,0.6000000000000001,0.2962962962962963,0.0,0.625,0.7202414418932843,0.0,1.0,0.041349833416171065,1,0.2142857142857143,0,0.4074074074074074,0.2857142857142857,0.3684210526315789,0.5,0.406075519491596,1.3997033247535942,0.15094339622641512,0.2649407272602261,0.7705029993601964,0.5,0.6,0.305363721872778,0.07142857142857142,1.7159825897182432,0.0,0.3939393939393939,0.1,0.6415840387777348
syn_stu_000978,syn_crs_00038,0.5828681897706268,0.7647058823529411,0.2,0.4444444444444444,0.3333333333333333,0.5185185185185185,0.826947912350289,0.3333333333333333,0.2,0.05131893373125185,1,0.5238095238095237,0,0.8148148148148149,0.35714285714285715,0.8421052631578947,0.0,0.2888224701948653,2.3478468901858065,0.7547169811320754,0.19842533588777328,0.9308237884889762,0.0,1.0,0.5123077102402658,0.3571428571428571,-4.271501343303993,0.0,0.9782608695652174,0.35714285714285715,0.7068226734543454
syn_stu_000979,syn_crs_00038,0.46813326790815085,0.23529411764705882,0.0,0.2962962962962963,0.0,0.7142857142857143,0.7043916195675297,0.0,0.0,0.06021830920576257,1,0.47619047619047605,0,0.3333333333333333,0.2857142857142857,0.2631578947368421,0.0,0.29209684582607254,1.8049538442247006,0.660377358490566,0.043624869261930876,0.6873422462825852,0.0,0.0,0.40347355837925336,0.21428571428571427,-4.828795312874645,0.0,0.9090909090909091,0.3,0.561895365111777
syn_stu_000980,syn_crs_00038,0.4254214998603716,0.11764705882352941,0.2,0.4444444444444444,0.0,0.875,0.7770407071286602,0.0,0.2,0.14683119881275633,1,0.7619047619047619,0,0.4074074074074074,0.39285714285714285,0.21052631578947367,0.0,0.21970753303114773,-4.651524495111777,0.7358490566037735,0.17579845462369223,0.605525271361051,0.0,1.0,0.4010296983438814,0.21428571428571427,-8.623102246819563,0.0,0.7857142857142857,0.21428571428571427,0.4730272059151164
syn_stu_000981,syn_crs_00038,0.42032913352784607,0.23529411764705882,0.2,0.25925925925925924,0.3333333333333333,0.6923076923076923,0.4669895790564399,0.1111111111111111,0.6000000000000001,0.119325625766125,1,0.3571428571428571,0,0.2962962962962963,0.2857142857142857,0.21052631578947367,0.0,0.37830401651618856,-0.263388369671878,0.2830188679245283,0.12920176530008454,0.6300046445476357,0.5,0.3333333333333333,0.01862184001785593,0.2857142857142857,0.8781543283768287,0.0,0.5128205128205128,0.4444444444444444,0.33613765274940444
syn_stu_000982,syn_crs_00038,0.36932903300504,0.5294117647058824,0.2,0.18518518518518517,0.3333333333333333,0.4375,0.7088900470782574,0.3333333333333333,0.2,0.2519272837700656,1,0.5476190476190477,0,0.4074074074074074,0.10714285714285714,0.631578947368421,0.0,0.13242048653269933,0.8957470162360128,0.7924528301886792,0.07807036260271559,0.8083884658850525,0.0,1.0,0.3906908975143292,0.14285714285714285,-3.210175553431666,0.0,1.0,0.2857142857142857,0.5682705780534304
syn_stu_000983,syn_crs_00038,0.3781977741443703,0.29411764705882354,0.4,0.37037037037037035,0.3333333333333333,0.7058823529411765,0.5774836421932501,0.16666666666666666,0.4,0.15172623419962447,0,0.2142857142857143,0,0.44444444444444436,0.2857142857142857,0.42105263157894735,0.0,0.25176439026758196,-4.17777511916545,0.41509433962264153,0.061932727173557856,0.4578649244426782,0.0,1.0,0.18147673853995291,0.5,1.9301665024906023,0.5,0.8181818181818182,0.5833333333333334,0.30672400485916745
syn_stu_000984,syn_crs_00038,0.6758420519792854,0.3529411764705882,0.2,0.4074074074074074,0.0,0.6842105263157895,0.9264106673715823,0.0,0.2,0.2706758423499176,1,0.8095238095238095,0,0.5185185185185186,0.39285714285714285,0.3684210526315789,0.0,0.30912531248497255,-0.5677334524610553,0.6792452830188679,0.17086997215341676,0.7729952990401983,0.0,1.0,0.0719587637618706,0.5714285714285714,-0.22741572634230894,0.0,0.7068965517241379,0.6153846153846154,0.5449325835824539
syn_stu_000985,syn_crs_00038,0.6052173510472146,0.1764705882352941,0.8,0.4444444444444444,0.0,0.8235294117647058,0.6176713397428956,0.0,1.0,0.031643818660854584,0,0.3571428571428571,1,0.44444444444444436,0.39285714285714285,0.2631578947368421,0.0,0.4369635828000577,-0.1584876456030225,0.13207547169811323,0.08587729232150408,0.877971028330569,0.25,0.8,0.4604434650504456,0.42857142857142855,0.2565585482737259,0.0,0.3076923076923077,0.42857142857142855,0.674560851158008
syn_stu_000986,syn_crs_00038,0.593558240654522,0.1764705882352941,0.4,0.037037037037037035,0.0,0.5,0.7074682697985639,0.0,0.6000000000000001,0.1004617193204573,1,0.45238095238095233,0,0.037037037037037035,0.07142857142857142,0.15789473684210525,0.0,0.3653776007874408,-2.4631805481712368,0.33962264150943394,0.23432649981691975,0.608382264586099,0.25,0.6666666666666666,0.3179591587960244,0.0,-1.3602802825572247,0.0,0.5348837209302325,0.0,0.3849620644866678
syn_stu_000987,syn_crs_00038,0.7739709266119451,0.058823529411764705,0.8,0.4814814814814815,0.0,0.9375,0.8859715591602911,0.0,0.8,0.01287573785039699,1,0.5714285714285714,0,0.4074074074074074,0.4642857142857143,0.10526315789473684,0.0,0.5662321369929668,-1.9393785147879612,0.6792452830188679,0.09853136243102785,0.668172032797013,0.0,1.0,0.1616231336152139,0.14285714285714285,-0.8273715528686938,0.0,0.8541666666666666,0.13333333333333333,0.44703980843139884
syn_stu_000988,syn_crs_00039,0.26314765107199717,0.47058823529411764,0.6000000000000001,0.2962962962962963,0.0,0.5555555555555556,0.3953182366722446,0.0,0.6000000000000001,0.1288689811989404,1,0.5714285714285714,0,0.48148148148148145,0.2142857142857143,0.5789473684210527,0.0,0.1249819505522993,2.6747087274219,0.7358490566037735,0.26494628972209633,0.8723472507362646,0.0,1.0,0.15430088286746424,0.07142857142857142,-2.6844274181012286,0.0,0.9166666666666666,0.1,0.5697905349863008
syn_stu_000989,syn_crs_00039,0.4103139804360262,0.23529411764705882,0.0,0.18518518518518517,0.0,0.6363636363636364,0.5189402427462209,0.0,0.0,0.2219035825096902,1,0.33333333333333326,0,0.2222222222222222,0.17857142857142855,0.2631578947368421,0.0,0.20014332073842175,-7.161659518491726,0.41509433962264153,0.04066925070389655,0.8231680281816974,0.0,0.0,0.28496420455651317,0.0,-2.4002317483089164,0.0,0.7105263157894737,0.0,0.5878411774166051
syn_stu_000990,syn_crs_00039,0.7266774174758924,0.29411764705882354,0.0,0.07407407407407407,0.0,0.4444444444444444,0.9403482611293911,0.0,0.2,0.39225897900264967,1,0.6190476190476191,0,0.14814814814814814,0.10714285714285714,0.2631578947368421,0.0,0.4774446786985647,0.5429373356850257,0.5283018867924528,0.24134293236368376,0.24890286673186343,0.25,0.0,0.015372991297868076,0.07142857142857142,-3.2849842507994778,0.0,0.66,0.25,0.12329927527072096
syn_stu_000991,syn_crs_00039,0.5707741813289977,0.29411764705882354,0.8,0.25925925925925924,0.0,0.6428571428571429,0.6779817653575732,0.0,1.0,0.33351572882390695,0,0.5714285714285714,0,0.3333333333333333,0.17857142857142855,0.42105263157894735,0.0,0.2688175524879685,2.3271420185019522,0.6415094339622641,0.25255372832881,0.44320668024925897,0.25,0.8,0.30209587589415693,0.3571428571428571,4.541943727170201,0.5,0.8125,0.5555555555555556,0.3267833135287095
syn_stu_000992,syn_crs_00039,0.5871870230652445,0.1764705882352941,0.4,0.37037037037037035,0.0,0.8,0.870620144581605,0.0,0.6000000000000001,0.29928515866450295,1,0.2857142857142857,0,0.3703703703703704,0.14285714285714285,0.5263157894736842,0.5,0.395564018342076,-0.05426876346343313,0.33962264150943394,0.37996836412717094,0.4641532738664859,0.25,0.6666666666666666,0.4254799563581521,0.5,-1.1883759676209493,0.0,0.6388888888888888,0.5833333333333334,0.40017779419450195
syn_stu_000993,syn_crs_00039,0.4965530937577285,0.4117647058823529,0.6000000000000001,0.3333333333333333,0.0,0.6111111111111112,0.6372102894295867,0.0,0.8,0.02362893330884326,1,0.5,0,0.48148148148148145,0.3214285714285714,0.42105263157894735,0.0,0.2886350611664806,2.817251822417718,0.37735849056603776,0.07939669295428362,0.8473312840190264,0.25,0.75,0.16485411349516624,0.14285714285714285,-6.794454262619052,0.0,0.5555555555555556,0.18181818181818182,0.4966058138404996
syn_stu_000994,syn_crs_00039,0.37461492690666603,0.11764705882352941,0.6000000000000001,0.2222222222222222,0.0,0.8,0.5741930326940232,0.0,0.8,0.02148168408273039,1,0.6428571428571428,0,0.18518518518518517,0.25,0.10526315789473684,0.0,0.30146608338423675,-0.854754899408286,0.24528301886792453,0.2793284858957651,0.9527998886574697,0.25,0.75,0.41407631097436987,0.07142857142857142,0.7762815206595575,0.0,0.35294117647058826,0.125,0.6650971768689722
syn_stu_000995,syn_crs_00039,0.3741340454473094,0.23529411764705882,0.4,0.3333333333333333,0.0,0.7333333333333333,0.6110588399561186,0.0,0.6000000000000001,0.202891892919298,1,0.5476190476190477,0,0.3703703703703704,0.35714285714285715,0.21052631578947367,0.0,0.06937437492522255,-1.8101339794298041,0.22641509433962265,0.28217880014215896,0.6209623617371974,0.25,0.6666666666666666,0.5499514880054813,0.42857142857142855,-2.4112217821818196,0.0,0.3617021276595745,0.5454545454545454,0.5575459384872534
syn_stu_000996,syn_crs_00039,0.4224186165927053,0.11764705882352941,0.4,0.4074074074074074,0.0,0.8666666666666667,0.6680761109931653,0.0,0.6000000000000001,0.18195088031169335,0,0.40476190476190477,1,0.3703703703703704,0.39285714285714285,0.15789473684210525,0.0,0.34867170717195284,-0.018870434375980263,0.49056603773584906,0.12297799396045128,0.8305316262867316,0.25,0.6666666666666666,0.31058067354219193,0.14285714285714285,-0.13344188765044326,0.0,0.7560975609756098,0.15384615384615385,0.6313220093080721
syn_stu_000997,syn_crs_00039,0.43404102423209856,0.3529411764705882,0.2,0.3333333333333333,0.6666666666666666,0.6470588235294118,0.6499686755616935,0.6666666666666666,0.2,0.0466994007644444,1,0.33333333333333326,0,0.44444444444444436,0.25,0.47368421052631576,0.5,0.3394676565533226,-0.7631071005760712,0.09433962264150943,0.08471795418761764,0.5667775470800213,0.0,1.0,0.49204305614668536,0.21428571428571427,-0.8086442589187666,0.0,0.2631578947368421,0.2727272727272727,0.575468667396296
syn_stu_000998,syn_crs_00039,0.40062205642418847,0.29411764705882354,0.2,0.4074074074074074,0.0,0.7222222222222222,0.8331305216800151,0.0,0.2,0.04026374801632125,0,0.7142857142857142,1,0.48148148148148145,0.35714285714285715,0.3684210526315789,0.0,0.0963759728410173,-1.1436466804488687,0.2641509433962264,0.21321053932586656,0.6958946622575846,0.0,1.0,0.23528879904632313,0.7857142857142857,4.47052743053395,0.0,0.35185185185185186,0.8461538461538461,0.5289414210969385
syn_stu_000999,syn_crs_00039,0.3416395550767247,0.0,0.0,0.7037037037037036,0.0,1.0,0.4151030263673327,0.0,0.0,0.19890981788106898,1,0.5,0,0.5925925925925926,0.7142857142857143,0.0,0.0,0.24296288368033647,-0.36093062655600644,0.6037735849056604,0.09599568275686099,0.8244096868659404,0.0,0.0,0.160027768900692,0.42857142857142855,-1.1508781579955192,0.0,0.8222222222222222,0.2857142857142857,0.45280020982723856
syn_stu_001000,syn_crs_00039,0.29066678267323126,0.0,0.2,0.5185185185185185,0.3333333333333333,1.0,0.38557742743100515,0.3333333333333333,0.2,0.08575335902907502,1,0.45238095238095233,0,0.4074074074074074,0.5357142857142857,0.0,0.0,0.16030362219182984,-1.5839838419850223,0.5660377358490566,0.4026458806067134,0.6447122677277881,0.0,1.0,0.29152410887014063,0.07142857142857142,2.4482205742675607,0.0,0.813953488372093,0.0625,0.4220782937453558
syn_stu_001001,syn_crs_00039,0.7102078755224056,0.23529411764705882,0.4,0.25925925925925924,0.6666666666666666,0.6923076923076923,0.5900721734536188,0.2222222222222222,0.6000000000000001,0.021677551848787377,1,0.23809523809523814,0,0.2962962962962963,0.17857142857142855,0.3684210526315789,0.0,0.5852956781177383,-1.675773667851177,0.11320754716981131,0.06144797204674302,0.8459418402226313,0.25,0.6666666666666666,0.253295877822296,0.14285714285714285,2.131500315054296,0.0,0.3235294117647059,0.2222222222222222,0.5534879617355412
syn_stu_001002,syn_crs_00039,0.42845733495438887,0.47058823529411764,0.8,0.1111111111111111,0.0,0.38461538461538464,0.6653623757347427,0.0,1.0,0.039685992886141115,1,0.26190476190476186,0,0.2962962962962963,0.10714285714285714,0.47368421052631576,0.0,0.20068134561979029,-2.2439738959950057,0.15094339622641512,0.2510551958577882,0.649404684288299,0.25,0.8,0.3141347394010105,0.14285714285714285,-4.099669838786838,0.0,0.37142857142857144,0.4,0.502518668676933
syn_stu_001003,syn_crs_00039,0.5565259003515607,0.11764705882352941,0.4,0.4814814814814815,0.0,0.8823529411764706,0.982571315080694,0.0,0.4,0.2497139691735545,0,0.40476190476190477,1,0.44444444444444436,0.5,0.10526315789473684,0.0,0.05322651507488254,0.8330657538286041,0.5283018867924528,0.04760110552382891,0.7398644974161821,0.0,1.0,0.2506628532036447,0.14285714285714285,0.5632381602921495,0.0,0.8048780487804879,0.13333333333333333,0.4988395329240704
syn_stu_001004,syn_crs_00039,0.6696795221271101,0.47058823529411764,0.4,0.25925925925925924,0.0,0.5294117647058824,0.8647394351924916,0.0,0.6000000000000001,0.05027588151563994,1,0.5714285714285714,0,0.44444444444444436,0.2857142857142857,0.42105263157894735,0.0,0.4585326030450607,-1.99796015689267,0.3018867924528302,0.1807983834929493,0.7617317340627535,0.25,0.6666666666666666,0.5202721229616629,0.2857142857142857,-2.2749800520042003,0.0,0.4375,0.4444444444444444,0.6583442164331649
syn_stu_001005,syn_crs_00039,0.6969692204349496,0.4117647058823529,1.0,0.14814814814814814,0.0,0.46153846153846156,0.9696314851289766,0.0,1.0,0.09493190293033167,1,0.6190476190476191,0,0.2962962962962963,0.07142857142857142,0.5263157894736842,0.0,0.3554171497443581,-2.484098272322604,0.5094339622641509,0.17511706659721005,0.8085415258352567,0.0,1.0,0.5210755779697882,0.21428571428571427,-3.6259738690073924,0.5,0.64,0.5,0.7440612671082085
syn_stu_001006,syn_crs_00039,0.461330875846164,0.4117647058823529,0.8,0.0,0.0,0.2222222222222222,0.7111873641883371,0.0,0.8,0.09384429166957037,1,0.47619047619047605,0,0.14814814814814814,0.03571428571428571,0.3684210526315789,0.0,0.19710803925994413,-2.1474226772392564,0.39622641509433965,0.20099472097817217,0.5178055700489191,0.0,1.0,0.2919468618151628,0.07142857142857142,-3.614160589335814,0.0,0.5909090909090909,0.5,0.39395675514657025
syn_stu_001007,syn_crs_00039,0.6736142975471286,0.23529411764705882,0.2,0.5925925925925926,0.0,0.8181818181818182,0.9584158117731215,0.0,0.2,0.149092612176564,1,0.6190476190476191,0,0.6296296296296295,0.35714285714285715,0.5789473684210527,0.0,0.2788510960969513,0.4112704083706804,0.2830188679245283,0.15889682816420048,0.6048409310736267,0.0,1.0,0.24667883862543083,0.21428571428571427,2.4639361070540042,0.0,0.4,0.16666666666666666,0.4661167704257099
syn_stu_001008,syn_crs_00039,0.5864550259034994,0.23529411764705882,0.2,0.37037037037037035,0.3333333333333333,0.75,0.9539501126662084,0.3333333333333333,0.2,0.32675869085205816,1,0.6428571428571428,0,0.4074074074074074,0.25,0.42105263157894735,0.0,0.3242272906997123,1.3387569516618631,0.7924528301886792,0.27703310612871684,0.5866134128704974,0.0,1.0,0.12645452784676145,0.3571428571428571,7.929082031731806,0.0,0.9215686274509803,0.4166666666666667,0.38243223373878954
syn_stu_001009,syn_crs_00039,0.45899776670473547,0.1764705882352941,0.4,0.4074074074074074,0.0,0.8125,0.7990268388299784,0.0,0.6000000000000001,0.15403580792785548,1,0.5,0,0.4074074074074074,0.39285714285714285,0.21052631578947367,0.0,0.36371602181626417,1.502064819506276,0.39622641509433965,0.389809421476658,0.7801679543984938,0.25,0.6666666666666666,0.6365106726004947,0.21428571428571427,-2.415923154989068,0.0,0.5777777777777777,0.23076923076923078,0.7131053861867936
syn_stu_001010,syn_crs_00039,0.3659267364437089,0.5882352941176471,0.2,0.2962962962962963,0.3333333333333333,0.5,0.456129550046557,0.3333333333333333,0.2,0.07398833987549147,1,0.6666666666666667,0,0.5555555555555556,0.2857142857142857,0.5789473684210527,0.0,0.23398361063296058,0.42860366103130254,0.5660377358490566,0.03830828599760967,0.6931788476091699,0.0,1.0,0.12310786621889845,0.42857142857142855,0.6472237631479552,0.0,0.6730769230769231,0.6,0.4461951824568911
syn_stu_001011,syn_crs_00039,0.25222046905290096,0.4117647058823529,0.2,0.2962962962962963,0.0,0.5882352941176471,0.35430887126638805,0.0,0.2,0.16581446325084345,1,0.38095238095238093,0,0.44444444444444436,0.2857142857142857,0.42105263157894735,0.0,0.33063980036534624,1.0710771270196993,0.32075471698113206,0.2812643058953692,0.91226935962112,0.0,1.0,0.6336090516414572,0.2857142857142857,0.9312775793349577,0.0,0.55,0.4,0.734541475293022
syn_stu_001012,syn_crs_00039,0.6690388351506869,0.11764705882352941,0.6000000000000001,0.4074074074074074,0.0,0.8666666666666667,0.7994819827302294,0.0,0.6000000000000001,0.2869521129794607,0,0.38095238095238093,1,0.3703703703703704,0.42857142857142855,0.10526315789473684,0.0,0.40742185459128244,-0.10957789759624231,0.169811320754717,0.016629112425997298,0.9395328837973612,0.0,1.0,0.35573619293553377,0.0,-1.589964995835719,0.5,0.35,0.0,0.5991808525361061
syn_stu_001013,syn_crs_00039,0.3349036723171747,0.058823529411764705,0.2,0.4444444444444444,0.0,0.9333333333333333,0.6449913992415844,0.0,0.6000000000000001,0.0454703961664817,1,0.47619047619047605,0,0.3703703703703704,0.4642857142857143,0.05263157894736842,0.0,0.07962785050243737,0.9111910520604171,0.32075471698113206,0.040490922744074904,0.8049629518970514,0.5,0.3333333333333333,0.11948795188637973,0.21428571428571427,4.222809835023078,0.0,0.5,0.21428571428571427,0.48386895608283287
syn_stu_001014,syn_crs_00039,0.36843593720661044,0.23529411764705882,0.2,0.14814814814814814,0.0,0.6,0.7319913812829851,0.0,0.2,0.06483193648362522,1,0.38095238095238093,0,0.18518518518518517,0.14285714285714285,0.2631578947368421,0.0,0.1087041734058676,0.8804342750207131,0.4716981132075472,0.06440539045157134,0.5793335049533405,0.0,1.0,0.39373106591339385,0.07142857142857142,6.590835909728268,0.0,0.75,0.16666666666666666,0.4046309379394498
syn_stu_001015,syn_crs_00039,0.4890510912762406,0.4117647058823529,0.0,0.4074074074074074,0.3333333333333333,0.65,0.5365465235758509,0.3333333333333333,0.0,0.014366920162600499,1,0.47619047619047605,0,0.5555555555555556,0.39285714285714285,0.42105263157894735,0.0,0.17150365111398685,-1.4592783202224855,0.2641509433962264,0.08853691577151564,0.5608752445491679,0.0,0.0,0.20638628484882143,0.14285714285714285,-1.7931107217847582,0.0,0.4318181818181818,0.15384615384615385,0.4092078517738933
